-- phpMyAdmin SQL Dump
-- version 5.2.1
-- https://www.phpmyadmin.net/
--
-- Host: 127.0.0.1
-- Waktu pembuatan: 26 Jan 2026 pada 04.01
-- Versi server: 10.4.32-MariaDB
-- Versi PHP: 8.2.12

SET SQL_MODE = "NO_AUTO_VALUE_ON_ZERO";
START TRANSACTION;
SET time_zone = "+00:00";


/*!40101 SET @OLD_CHARACTER_SET_CLIENT=@@CHARACTER_SET_CLIENT */;
/*!40101 SET @OLD_CHARACTER_SET_RESULTS=@@CHARACTER_SET_RESULTS */;
/*!40101 SET @OLD_COLLATION_CONNECTION=@@COLLATION_CONNECTION */;
/*!40101 SET NAMES utf8mb4 */;

--
-- Database: `simlib`
--

-- --------------------------------------------------------

--
-- Struktur dari tabel `ambil_data`
--

CREATE TABLE `ambil_data` (
  `ID_AMBIL_DATA` int(11) NOT NULL,
  `ID_PEGAWAI` int(11) NOT NULL,
  `ID_TUJUAN` int(11) NOT NULL,
  `NAMA_PERUSAHAAN` varchar(250) NOT NULL,
  `ALAMAT_PERUSAHAAN` varchar(250) NOT NULL,
  `KOTA` varchar(100) NOT NULL,
  `ID_PRODI` int(11) NOT NULL,
  `STATUS_PROSES` int(11) NOT NULL,
  `ID_DEPARTEMEN` int(11) NOT NULL,
  `ID_SEMESTER` int(11) NOT NULL,
  `ID_TAHUN_AKD` int(11) NOT NULL
) ENGINE=InnoDB DEFAULT CHARSET=utf8mb4 COLLATE=utf8mb4_general_ci ROW_FORMAT=DYNAMIC;

--
-- Dumping data untuk tabel `ambil_data`
--

INSERT INTO `ambil_data` (`ID_AMBIL_DATA`, `ID_PEGAWAI`, `ID_TUJUAN`, `NAMA_PERUSAHAAN`, `ALAMAT_PERUSAHAAN`, `KOTA`, `ID_PRODI`, `STATUS_PROSES`, `ID_DEPARTEMEN`, `ID_SEMESTER`, `ID_TAHUN_AKD`) VALUES
(133, 707, 1, 'Bank Indonesia', 'Jl. Pahlawan No.105, Krembangan Sel., Kec. Krembangan, Surabaya, Jawa Timur 60175', 'Jawa Timur', 2, 1, 2, 2, 7),
(134, 741, 5, 'PT. Indonesia Multi Colour Printing', 'Jl. Rungkut Industri I No.10, Kendangsari, Kec. Tenggilis Mejoyo, Surabaya,', 'Jawa Timur', 2, 1, 2, 2, 8),
(135, 745, 1, 'Bank Mandiri KCP Surabaya Unair', 'Jl. Airlangga, Airlangga, Kec. Gubeng, Surabaya, Jawa Timur 60286 Gedung Aseec Tower, Kampus B Universitas Airlangga', 'Jawa Timur', 2, 1, 2, 2, 8),
(136, 749, 5, 'Bank Syariah Indonesia ', 'Jl Dharmawangsa No. 115A , Kertajaya, Kec Gubeng, Surabaya, Jawa Timur, 60282', 'Jawa Timur', 2, 1, 2, 2, 8),
(137, 766, 5, 'PT. Kereta Api Indonesia ', 'Jl. Gubeng Masjid No.39, Pacar Keling, Kec. Tambaksari, Surabaya, Jawa Timur 60131', 'Jawa Timur ', 2, 1, 4, 2, 8),
(139, 767, 4, 'PT Bank Syariah Indonesia', '(ACC) - UNAIR Kampus MERR, Airlangga Convention Center, C, Mulyorejo, Kec. Mulyorejo, Surabaya, Jawa Timur 60115', 'Jawa Timur', 2, 1, 2, 2, 8),
(140, 777, 1, 'PT Ramayana Lestari Sentosa, Tbk', 'Jl Diponegoro No.2, Desa Sidokumpul, Kecamatan Sidoarjo, Kabupaten Sidoarjo', 'Jawa Timur', 2, 1, 2, 2, 8),
(141, 781, 1, 'Bank Mandiri Universitas Airlangga', 'Jl.Airlangga No.4, Kec.Gubeng, Surabaya, Jawa Timur ', 'Jawa Timur ', 2, 1, 2, 2, 8),
(142, 780, 5, 'Bank Negara Indonesia (Graha Pangeran)', 'Jl. Ahmad Yani No.286, Dukuh Menanggal, Kec. Gayungan, Surabaya, Jawa Timur 60234', 'Jawa Timur ', 2, 1, 2, 2, 8),
(143, 785, 1, 'PT. RAMAYANA LESTARI SENTOSA, TBK', 'Jl. Diponegoro No.2, Sidokumpul, Sidoarjo, Sidoarjo', 'Jawa Timur', 2, 1, 2, 2, 8),
(144, 785, 1, 'PT RAMAYANA LESTARI SENTOSA, TBK', 'Jl. Diponegoro No.2, Sidokumpul, Sidoarjo, Sidoarjo', 'JAWA TIMUR', 2, 1, 2, 2, 8),
(145, 38, 1, 'taek asu', 'mboh gak weruh', 'jawatimur', 2, 1, 2, 2, 8),
(146, 853, 1, 'Kingdom Consulting Group ', 'JI. Kalianyar No.72-74, Kapasari, Kec. Genteng, Surabaya, Jawa Timur 60273', 'Jawa Timur', 3, 1, 2, 2, 8),
(147, 929, 1, 'PT Petrokimia Gresik', ' Jl. Jenderal Ahmad Yani - Gresik 61119', 'Jawa Timur', 4, 1, 2, 2, 8),
(148, 928, 1, 'PT Petrokimia Gresik', 'Jl. Jenderal Ahmad Yani - Gresik 61119', 'Jawa Timur', 4, 1, 2, 2, 8),
(149, 918, 1, 'PT Petrokimia Gresik', ' Jl. Jenderal Ahmad Yani - Gresik 61119', 'Jawa Timur', 4, 1, 2, 2, 8),
(150, 922, 4, 'Dinas kebudayaan, kepemudaan, Olahraga dan Pariwisata Kabupaten Mojokerto', 'Jl. Jayanegara No.4, Gatul, Banjaragung, Kec. Puri, Kabupaten Mojokerto, Jawa Timur 61363', 'Jawa Timur', 9, 1, 4, 2, 8),
(151, 922, 4, 'Dinas kebudayaan, kepemudaan, Olahraga dan Pariwisata Kabupaten Mojokerto', 'Jl. Jayanegara No.4, Gatul, Banjaragung, Kec. Puri, Kabupaten Mojokerto, Jawa Timur 61363', 'Jawa Timur', 9, 1, 4, 2, 8),
(152, 922, 4, 'Kantor BPK Wilayah XI Jawa timur', 'Jl. Majapahit No.141-143, Tegalan, Trowulan, Kec. Trowulan, Kabupaten Mojokerto, Jawa Timur 61362', 'Jawa Timur', 9, 1, 4, 2, 8),
(153, 929, 1, 'PT Petrokimia Gresik', ' Jl. Jenderal Ahmad Yani - Gresik 61119', 'Jawa Timur', 4, 1, 2, 2, 8),
(154, 933, 3, 'Wisata Sawah Sumber Gempong', 'Sukorame, Ketapanrame, Trawas, Mojokerto Regency, East Java 61375', 'Jawa Timur', 9, 1, 1, 2, 8),
(155, 934, 1, 'PT Surabaya Industrial Estate Rungkut', 'Jl Rungkut Industri Raya No.10', 'Jawa Timur', 4, 1, 2, 2, 8),
(156, 926, 1, 'Bank Jatim KK Unair', 'ASEEC Tower Lantai 2, Jl. Airlangga No 4-6, Airlangga, Kec. Gubeng, Surabaya', 'Jawa Timur', 2, 1, 2, 2, 8),
(157, 920, 1, 'Dinas Perhubungan Kota Surabaya', 'Jl. Dukuh Menanggal No.1, Dukuh Menanggal, Kec. Gayungan, Surabaya', 'Jawa Timur 60234', 9, 1, 2, 2, 8),
(158, 945, 2, 'Badan Usaha Milik Desa Sekapuk', 'Jl. Raya Sekapuk Nom 126, Deudo, Sekapuk, Kecamatan Ujung pangkah, Kabupaten Gresik', 'Jawa Timur', 9, 1, 2, 2, 8),
(159, 946, 2, 'Pengelola Pasar Pundensari, Desa Gunungsari, Madiun', 'Jl. Golek, Pelempayung, Gunungsari, Kec. Madiun, Kab. Madiun', 'Provinsi Jawa Timur', 9, 1, 2, 2, 8),
(160, 919, 2, 'Pokdarwis Bandar Grissee', 'Bedilan, Kebungson, Kec. Gresik, Kabupaten Gresik', 'Jawa Timur', 9, 1, 2, 2, 8),
(161, 926, 2, 'The 14th Efestaphoria', 'Fakultas Ekonomi & Bisnis (FEB) Universitas Airlangga, Airlangga, Gubeng, Surabaya', 'Jawa Timur', 2, 1, 2, 2, 8),
(162, 926, 1, 'Kantor Pusat Bank Jatim', 'Jl. Basuki Rahmat No. 98-104, Surabaya', 'Jawa TImur', 2, 1, 2, 2, 8),
(163, 965, 1, 'Pasar Kramat ', 'Pasar Keramat, Kramajetak No.RT.004, Dusun Pong Boto, Warugunung, Kabupaten Mojokerto, Jawa Timur', 'Jawa Timur', 9, 1, 2, 2, 8),
(164, 965, 1, 'Pasar Kramat ', 'Pasar Keramat, Kramajetak No.RT.004, Dusun Pong Boto, Warugunung, Kabupaten Mojokerto, Jawa Timur', 'Jawa Timur', 9, 1, 2, 2, 8),
(165, 965, 1, '', '', '', 9, 1, 1, 2, 8),
(166, 965, 1, 'Pasar Keramat', 'Pasar Keramat, Kramajetak No.RT.004, Dusun Pong Boto, Warugunung, Kabupaten Mojokerto, Jawa Timur', 'Jawa Timur', 9, 1, 2, 2, 8),
(167, 966, 1, 'Bukit Kayoe Putih', 'Desa Kupang, Kecamatan Jetis, Kabupaten Mojokerto, Jawa Timur', 'Jawa Timur', 9, 1, 2, 2, 8),
(168, 969, 4, 'SDN Kloposepuluh 1', 'Jl. Raya Klopo Sepuluh No.335, RT.10/RW.02, Area Sawah, Kloposepuluh, Kec. Sukodono, Kabupaten Sidoarjo, Jawa Timur 61258', 'Jawa Timur', 5, 1, 4, 2, 8),
(169, 969, 4, 'SDN Kloposepuluh 1', 'Jl. Raya Klopo Sepuluh No.335, RT.10/RW.02, Area Sawah, Kloposepuluh, Kec. Sukodono, Kabupaten Sidoarjo, Jawa Timur 61258', 'Jawa Timur ', 5, 1, 4, 2, 8),
(170, 971, 4, 'SDN Kloposepuluh 1', 'Jl. Raya Klopo Sepuluh No.335, RT.10/RW.02, Area Sawah, Kloposepuluh, Kec. Sukodono, Kabupaten Sidoarjo, Jawa Timur 61258', ' Jawa Timur', 5, 1, 4, 2, 8),
(171, 919, 4, 'Dinas Pariwisata dan Ekonomi Kreatif Kebudayaan Kepemudaan dan Olah RagaKabupaten Gresik', 'Jl. Dr. Wahidin Sudirohusodo No.127, Kebomas, Randuagung, Kec. Gresik, Kabupaten Gresik, Jawa Timur 61121', 'Jawa Timur', 9, 1, 2, 2, 8),
(172, 920, 1, 'Dinas Kebudayaan, Kepemudaan dan Olahraga serta Pariwisata Kota Surabaya', 'Jl. Jimerto No.25-27, Ketabang, Kec. Genteng, Surabaya, Jawa Timur 60272', 'Provinsi Jawa Timur', 9, 1, 2, 2, 8),
(173, 922, 4, 'KEMENTERIAN KEBUDAYAAN MUSEUM DAN CAGAR BUDAYA ', 'Jalan Medan Merdeka Barat No. 12 Jakarta Pusat 10110', 'jakarta Pusat', 9, 1, 4, 2, 8);

-- --------------------------------------------------------

--
-- Struktur dari tabel `bekas_akademik`
--

CREATE TABLE `bekas_akademik` (
  `ID_BERKAS_AKD` int(11) NOT NULL,
  `ID_JENIS_SK` int(11) NOT NULL,
  `TAHUN_AKD` varchar(10) NOT NULL,
  `SEMESTER` varchar(10) NOT NULL,
  `LOKASI_BERKAS` varchar(100) NOT NULL,
  `NAMA_MHS` varchar(100) NOT NULL,
  `TYPE_FILE` varchar(10) NOT NULL,
  `ID_PRODI` int(11) NOT NULL,
  `NAMA_DEPARTEMEN` varchar(100) NOT NULL
) ENGINE=InnoDB DEFAULT CHARSET=utf8mb4 COLLATE=utf8mb4_general_ci ROW_FORMAT=DYNAMIC;

--
-- Dumping data untuk tabel `bekas_akademik`
--

INSERT INTO `bekas_akademik` (`ID_BERKAS_AKD`, `ID_JENIS_SK`, `TAHUN_AKD`, `SEMESTER`, `LOKASI_BERKAS`, `NAMA_MHS`, `TYPE_FILE`, `ID_PRODI`, `NAMA_DEPARTEMEN`) VALUES
(4, 11, '2022-2023', 'GANJIL', '11_2022-2023.pdf', '', 'pdf', 1, 'Semua Departemen'),
(15, 2, '2022-2023', 'GANJIL', '2_2022-2023.zip', ' ', 'zip', 1, 'Semua Departemen'),
(17, 4, '2022-2023', 'GANJIL', '4_2022-2023.zip', ' ', 'zip', 1, 'Semua Departemen'),
(19, 1, '2020-2021', 'GENAP', '1_2020-2021.pdf', ' ', 'pdf', 7, 'Semua Departemen'),
(20, 1, '2021-2022', 'GANJIL', '1_2021-2022.pdf', ' ', 'pdf', 7, 'Semua Departemen'),
(21, 1, '2021-2022', 'GENAP', '1_2021-2022.pdf', ' ', 'pdf', 7, 'Semua Departemen'),
(22, 1, '2022-2023', 'GANJIL', '1_2022-2023.pdf', ' ', 'pdf', 7, 'Semua Departemen'),
(23, 2, '2018-2019', 'GANJIL', '2_2018-2019.pdf', ' ', 'pdf', 7, 'Semua Departemen'),
(24, 2, '2018-2019', 'GENAP', '2_2018-2019.pdf', ' ', 'pdf', 7, 'Semua Departemen'),
(25, 2, '2020-2021', 'GANJIL', '2_2020-2021.pdf', ' ', 'pdf', 7, 'Semua Departemen'),
(26, 2, '2020-2021', 'GENAP', '2_2020-2021.pdf', ' ', 'pdf', 7, 'Semua Departemen'),
(27, 3, '2020-2021', 'GANJIL', '3_2020-2021.pdf', ' ', 'pdf', 7, 'Semua Departemen'),
(28, 6, '2022-2023', 'GENAP', '28_6_2022-2023.pdf', ' ', 'pdf', 1, 'Semua Departemen'),
(29, 6, '2022-2023', 'GENAP', '29_6_2022-2023.pdf', ' ', 'pdf', 1, 'Semua Departemen'),
(30, 6, '2022-2023', 'GENAP', '30_6_2022-2023.pdf', ' ', 'pdf', 1, 'Semua Departemen'),
(31, 11, '2022-2023', 'GANJIL', '31_11_2022-2023.pdf', ' ', 'pdf', 1, 'Semua Departemen'),
(32, 6, '2022-2023', 'GANJIL', '32_6_2022-2023.pdf', ' ', 'pdf', 1, 'Semua Departemen'),
(33, 6, '2022-2023', 'GANJIL', '33_6_2022-2023.pdf', ' ', 'pdf', 1, 'Semua Departemen'),
(34, 6, '2022-2023', 'GANJIL', '34_6_2022-2023.pdf', ' ', 'pdf', 1, 'Semua Departemen'),
(40, 2, '2022-2023', 'GENAP', '40_2_2022-2023.pdf', ' ', 'pdf', 1, 'Semua Departemen'),
(45, 1, '2021-2022', 'GANJIL', '41_1_2021-2022.pdf', ' ', 'pdf', 2, 'Semua Departemen'),
(46, 1, '2019-2020', 'GENAP', '46_1_2019-2020.pdf', ' ', 'pdf', 2, 'Semua Departemen'),
(47, 1, '2020-2021', 'GANJIL', '47_1_2020-2021.pdf', ' ', 'pdf', 2, 'Semua Departemen'),
(48, 1, '2019-2020', 'GANJIL', '48_1_2019-2020.pdf', ' ', 'pdf', 2, 'Semua Departemen'),
(49, 1, '2020-2021', 'GENAP', '49_1_2020-2021.pdf', ' ', 'pdf', 2, 'Semua Departemen'),
(50, 3, '2021-2022', 'GENAP', '50_3_2021-2022.pdf', ' ', 'pdf', 2, 'Semua Departemen'),
(51, 2, '2021-2022', 'GENAP', '51_2_2021-2022.pdf', ' ', 'pdf', 2, 'Semua Departemen'),
(52, 4, '2021-2022', 'GANJIL', '52_4_2021-2022.pdf', ' ', 'pdf', 2, 'Semua Departemen'),
(53, 1, '2022-2023', 'GANJIL', '53_1_2022-2023.pdf', ' ', 'pdf', 2, 'Semua Departemen'),
(54, 1, '2022-2023', 'GENAP', '54_1_2022-2023.pdf', ' ', 'pdf', 2, 'Semua Departemen'),
(55, 5, '2021-2022', 'GENAP', '55_5_2021-2022.pdf', ' ', 'pdf', 2, 'Semua Departemen'),
(56, 4, '2022-2023', 'GANJIL', '56_4_2022-2023.pdf', ' ', 'pdf', 2, 'Semua Departemen'),
(60, 13, '2022-2023', 'GENAP', '57_13_2022-2023.pdf', ' ', 'pdf', 2, 'Semua Departemen'),
(61, 6, '2023-2024', 'GANJIL', '61_1_2023-2024.pdf', ' ', 'pdf', 1, 'Departemen Bisnis'),
(62, 6, '2023-2024', 'GANJIL', '62_1_2023-2024.pdf', ' ', 'pdf', 1, 'Departemen Bisnis'),
(63, 6, '2023-2024', 'GANJIL', '63_1_2018-2019.pdf', ' ', 'pdf', 1, 'Departemen Kesehatan'),
(64, 6, '2023-2024', 'GANJIL', '64_1_2018-2019.pdf', ' ', 'pdf', 1, 'Departemen Kesehatan'),
(65, 6, '2023-2024', 'GANJIL', '65_1_2018-2019.pdf', ' ', 'pdf', 1, 'Departemen Teknik'),
(66, 6, '2023-2024', 'GANJIL', '66_1_2023-2024.pdf', ' ', 'pdf', 1, 'Departemen Teknik'),
(67, 3, '2023-2024', 'GANJIL', '67_1_2023-2024.pdf', ' ', 'pdf', 1, 'Departemen Kesehatan'),
(68, 3, '2023-2024', 'GANJIL', '68_1_2023-2024.pdf', ' ', 'pdf', 1, 'Departemen Teknik'),
(69, 3, '2022-2023', 'GENAP', '69_1_2022-2023.pdf', ' ', 'pdf', 1, 'Departemen Bisnis'),
(72, 11, '2022-2023', 'GENAP', '72_11_2022-2023.pdf', ' ', 'pdf', 1, 'Departemen Kesehatan'),
(75, 11, '2022-2023', 'GENAP', '75_11_2022-2023.pdf', ' ', 'pdf', 1, 'Departemen Teknik'),
(76, 11, '2022-2023', 'GENAP', '76_11_2022-2023.pdf', ' ', 'pdf', 1, 'Departemen Bisnis'),
(78, 2, '2021-2022', 'GANJIL', '77_2_2021-2022.pdf', ' ', 'pdf', 2, '2'),
(79, 2, '2023-2024', 'GANJIL', '79_2_2023-2024.pdf', ' ', 'pdf', 1, 'Departemen Kesehatan'),
(80, 2, '2023-2024', 'GANJIL', '80_2_2023-2024.pdf', ' ', 'pdf', 1, 'Departemen Bisnis'),
(81, 2, '2023-2024', 'GANJIL', '81_2_2023-2024.pdf', ' ', 'pdf', 1, 'Departemen Teknik'),
(82, 11, '2023-2024', 'GANJIL', '82_11_2023-2024.pdf', ' ', 'pdf', 2, '2'),
(83, 11, '2023-2024', 'GANJIL', '83_11_2023-2024.pdf', ' ', 'pdf', 1, 'Departemen Bisnis'),
(84, 11, '2023-2024', 'GANJIL', '84_11_2023-2024.pdf', ' ', 'pdf', 1, 'Departemen Kesehatan'),
(85, 13, '2023-2024', 'GENAP', '85_13_2023-2024.pdf', ' ', 'pdf', 2, '2');

-- --------------------------------------------------------

--
-- Struktur dari tabel `berkas_borang`
--

CREATE TABLE `berkas_borang` (
  `ID_BERKAS_BORANG` int(11) NOT NULL,
  `ID_PEGAWAI` int(11) NOT NULL,
  `JUDUL_BERKAS_BORANG` varchar(250) NOT NULL,
  `ID_BORANG` int(11) NOT NULL,
  `LOKASI_BORANG` varchar(100) NOT NULL,
  `TGL_UPDATE` date NOT NULL,
  `HALAMAN` varchar(50) NOT NULL,
  `KOMENTAR` varchar(500) NOT NULL,
  `FILE_TYPE` varchar(10) NOT NULL
) ENGINE=InnoDB DEFAULT CHARSET=utf8mb4 COLLATE=utf8mb4_general_ci ROW_FORMAT=DYNAMIC;

--
-- Dumping data untuk tabel `berkas_borang`
--

INSERT INTO `berkas_borang` (`ID_BERKAS_BORANG`, `ID_PEGAWAI`, `JUDUL_BERKAS_BORANG`, `ID_BORANG`, `LOKASI_BORANG`, `TGL_UPDATE`, `HALAMAN`, `KOMENTAR`, `FILE_TYPE`) VALUES
(3, 0, '', 0, '', '0000-00-00', '', 'tes borang', '');

-- --------------------------------------------------------

--
-- Struktur dari tabel `berkas_mahasiswa`
--

CREATE TABLE `berkas_mahasiswa` (
  `ID_BERKAS` int(11) NOT NULL,
  `ID_DATA_PKL` int(11) NOT NULL,
  `ID_PEGAWAI` int(11) NOT NULL,
  `BERKAS_MAHASISWA` varchar(250) NOT NULL,
  `LINK_BERKAS` varchar(500) NOT NULL
) ENGINE=InnoDB DEFAULT CHARSET=utf8mb4 COLLATE=utf8mb4_general_ci;

--
-- Dumping data untuk tabel `berkas_mahasiswa`
--

INSERT INTO `berkas_mahasiswa` (`ID_BERKAS`, `ID_DATA_PKL`, `ID_PEGAWAI`, `BERKAS_MAHASISWA`, `LINK_BERKAS`) VALUES
(1, 37, 48, '48_37_berkasmhs', '48_37_berkasmhs.pdf'),
(2, 449, 295, '295_449_berkasmhs', '295_449_berkasmhs.pdf'),
(3, 44, 50, '50_PIMPINAN BMT ABADA (Airlangga Bakti Persada)_berkasmhs', '50_PIMPINAN BMT ABADA (Airlangga Bakti Persada)_berkasmhs.pdf'),
(5, 47, 50, '50_47_berkasmhs', '50_47_berkasmhs.pdf'),
(6, 451, 312, '312_451_berkasmhs', '312_451_berkasmhs.pdf'),
(7, 440, 310, '310_440_berkasmhs', '310_440_berkasmhs.pdf'),
(8, 439, 295, '295_439_berkasmhs', '295_439_berkasmhs.pdf'),
(9, 450, 296, '296_450_berkasmhs', '296_450_berkasmhs.pdf'),
(10, 435, 306, '306_435_berkasmhs', '306_435_berkasmhs.pdf'),
(11, 436, 306, '306_436_berkasmhs', '306_436_berkasmhs.pdf'),
(12, 464, 312, '312_464_berkasmhs', '312_464_berkasmhs.pdf'),
(13, 631, 339, '339_631_berkasmhs', '339_631_berkasmhs.pdf'),
(14, 635, 305, '305_635_berkasmhs', '305_635_berkasmhs.pdf'),
(15, 632, 396, '396_632_berkasmhs', '396_632_berkasmhs.pdf'),
(16, 633, 397, '397_633_berkasmhs', '397_633_berkasmhs.pdf'),
(17, 634, 333, '333_634_berkasmhs', '333_634_berkasmhs.pdf'),
(18, 621, 340, '340_621_berkasmhs', '340_621_berkasmhs.pdf');

-- --------------------------------------------------------

--
-- Struktur dari tabel `berkas_pegawai`
--

CREATE TABLE `berkas_pegawai` (
  `ID_BERKAS` int(11) NOT NULL,
  `NAMA_BERKAS` varchar(100) NOT NULL,
  `TAHUN_SK` date NOT NULL,
  `FCPATH` varchar(50) NOT NULL,
  `ID_PEGAWAI` int(11) NOT NULL,
  `STATUS` int(11) NOT NULL
) ENGINE=InnoDB DEFAULT CHARSET=utf8mb4 COLLATE=utf8mb4_general_ci ROW_FORMAT=DYNAMIC;

--
-- Dumping data untuk tabel `berkas_pegawai`
--

INSERT INTO `berkas_pegawai` (`ID_BERKAS`, `NAMA_BERKAS`, `TAHUN_SK`, `FCPATH`, `ID_PEGAWAI`, `STATUS`) VALUES
(14, 'Workshop International \"E-Commerce Technology Education\"', '2020-12-08', '2020-12-08_9.pdf', 9, 0),
(15, 'International Webinar \"Overcome Digital Transformation\"', '2020-12-09', '2020-12-09_9.pdf', 9, 0),
(16, 'Workshop Teaching Learning pada Pendidikan Tinggi Vokasi', '2020-09-03', '2020-09-03_9.pdf', 9, 0),
(17, 'Surat Tugas Panitia WUACD Summit', '2022-11-07', '2022-11-07_9.pdf', 9, 0),
(18, 'Strategi Mengelola Pemasaran yang Efektif di Era New Normal', '2020-08-04', '2020-08-04_9.pdf', 9, 0),
(23, 'Sosialisasi Pengelolaan Program Arsip Vital, Terjaga dan Aset', '2022-12-08', '2022-12-08_9.pdf', 9, 0),
(24, 'Bimbingan Teknis Penataan Arsip Dinamis', '2022-02-23', '2022-02-23_9.pdf', 9, 0),
(25, 'Workshop dan Sosialisasi Tata Naskah Dinas dan E-Office', '2021-03-16', '2021-03-16_9.pdf', 9, 0),
(26, 'Sosialisasi Tata Kelola Kearsipan di Lingkungan UNAIR', '2020-11-13', '2020-11-13_9.pdf', 9, 0),
(27, 'Pengabdian Masyarakat Dengan Tema Pemasaran Untuk UMKM', '2021-12-14', '2021-12-14_9.pdf', 9, 0),
(30, 'Sertifikat Kompetensi Operator Komputer Muda BNSP', '2021-12-09', '27_2021-12-09_9.pdf', 9, 0);

-- --------------------------------------------------------

--
-- Struktur dari tabel `borang_akreditasi`
--

CREATE TABLE `borang_akreditasi` (
  `ID_BORANG` int(11) NOT NULL,
  `NAMA_BORANG` varchar(250) NOT NULL,
  `STANDART` varchar(20) NOT NULL
) ENGINE=InnoDB DEFAULT CHARSET=utf8mb4 COLLATE=utf8mb4_general_ci ROW_FORMAT=DYNAMIC;

--
-- Dumping data untuk tabel `borang_akreditasi`
--

INSERT INTO `borang_akreditasi` (`ID_BORANG`, `NAMA_BORANG`, `STANDART`) VALUES
(1, 'VISI, MISI, TUJUAN DAN SASARAN, SERTA STRATEGI\r\nPENCAPAIAN', 'STANDAR 1'),
(2, 'TATA PAMONG, KEPEMIMPINAN, SISTEM\r\nPENGELOLAAN, DAN PENJAMINAN MUTU', 'STANDAR 2'),
(3, 'MAHASISWA DAN LULUSAN', 'STANDAR 3'),
(4, 'SUMBER DAYA MANUSIA', 'STANDAR 4'),
(5, 'KURIKULUM, PEMBELAJARAN, DAN SUASANA\r\nAKADEMIK', 'STANDAR 5'),
(6, 'PEMBIAYAAN, SARANA DAN PRASARANA, SERTA\r\nSISTEM INFORMASI', 'STANDAR 6'),
(7, 'PENELITIAN, PELAYANAN/PENGABDIAN KEPADA\r\nMASYARAKAT, DAN KERJASAMA', 'STANDAR 7');

-- --------------------------------------------------------

--
-- Struktur dari tabel `bukti_borang`
--

CREATE TABLE `bukti_borang` (
  `ID_BUKTI_BORANG` int(11) NOT NULL,
  `ID_BORANG` int(11) NOT NULL,
  `LINK_BUKTI` varchar(250) NOT NULL,
  `ID_PEGAWAI` int(11) NOT NULL,
  `TGL_UPLOAD` date NOT NULL,
  `KETERANGAN` varchar(500) NOT NULL,
  `JUDUL_BUKTI` varchar(250) NOT NULL,
  `TYPE_FILE` varchar(10) NOT NULL
) ENGINE=InnoDB DEFAULT CHARSET=utf8mb4 COLLATE=utf8mb4_general_ci ROW_FORMAT=DYNAMIC;

--
-- Dumping data untuk tabel `bukti_borang`
--

INSERT INTO `bukti_borang` (`ID_BUKTI_BORANG`, `ID_BORANG`, `LINK_BUKTI`, `ID_PEGAWAI`, `TGL_UPLOAD`, `KETERANGAN`, `JUDUL_BUKTI`, `TYPE_FILE`) VALUES
(1, 0, 'ini', 0, '0000-00-00', '', '', '');

-- --------------------------------------------------------

--
-- Struktur dari tabel `bukti_perusahaan`
--

CREATE TABLE `bukti_perusahaan` (
  `ID_BUKTI_TERIMA` int(11) NOT NULL,
  `NAMA_BUKTI` varchar(500) NOT NULL,
  `ID_DATA_PKL` int(11) NOT NULL
) ENGINE=InnoDB DEFAULT CHARSET=utf8mb4 COLLATE=utf8mb4_general_ci;

--
-- Dumping data untuk tabel `bukti_perusahaan`
--

INSERT INTO `bukti_perusahaan` (`ID_BUKTI_TERIMA`, `NAMA_BUKTI`, `ID_DATA_PKL`) VALUES
(1, '1058_bukti_perusahaan.pdf', 1058),
(2, '1060_bukti_perusahaan.pdf', 1060),
(3, '1061_bukti_perusahaan.pdf', 1061),
(4, '1062_bukti_perusahaan.pdf', 1062),
(5, '1063_bukti_perusahaan.pdf', 1063),
(6, '1066_bukti_perusahaan.pdf', 1066),
(7, '1067_bukti_perusahaan.pdf', 1067),
(8, '1068_bukti_perusahaan.pdf', 1068),
(9, '1069_bukti_perusahaan.pdf', 1069),
(10, '1072_bukti_perusahaan.pdf', 1072),
(11, '1076_bukti_perusahaan.pdf', 1076),
(12, '1077_bukti_perusahaan.pdf', 1077),
(13, '1078_bukti_perusahaan.pdf', 1078),
(14, '1079_bukti_perusahaan.pdf', 1079),
(15, '1080_bukti_perusahaan.pdf', 1080),
(16, '1081_bukti_perusahaan.pdf', 1081),
(17, '1082_bukti_perusahaan.pdf', 1082),
(18, '1083_bukti_perusahaan.pdf', 1083),
(19, '1084_bukti_perusahaan.pdf', 1084),
(20, '1085_bukti_perusahaan.pdf', 1085),
(21, '1086_bukti_perusahaan.pdf', 1086),
(22, '1090_bukti_perusahaan.pdf', 1090),
(23, '1091_bukti_perusahaan.pdf', 1091),
(24, '1092_bukti_perusahaan.pdf', 1092),
(25, '1093_bukti_perusahaan.pdf', 1093),
(26, '1095_bukti_perusahaan.pdf', 1095),
(27, '1096_bukti_perusahaan.pdf', 1096),
(28, '1097_bukti_perusahaan.pdf', 1097),
(29, '1098_bukti_perusahaan.pdf', 1098),
(30, '1099_bukti_perusahaan.pdf', 1099),
(31, '1100_bukti_perusahaan.pdf', 1100),
(32, '1101_bukti_perusahaan.pdf', 1101),
(33, '1102_bukti_perusahaan.pdf', 1102),
(34, '1103_bukti_perusahaan.pdf', 1103),
(35, '1106_bukti_perusahaan.pdf', 1106),
(36, '1112_bukti_perusahaan.pdf', 1112),
(37, '1113_bukti_perusahaan.pdf', 1113),
(38, '1114_bukti_perusahaan.pdf', 1114),
(39, '1115_bukti_perusahaan.pdf', 1115),
(40, '1116_bukti_perusahaan.pdf', 1116),
(41, '1118_bukti_perusahaan.pdf', 1118),
(42, '1119_bukti_perusahaan.pdf', 1119),
(43, '1120_bukti_perusahaan.pdf', 1120),
(44, '1123_bukti_perusahaan.pdf', 1123),
(45, '1124_bukti_perusahaan.pdf', 1124),
(46, '1125_bukti_perusahaan.pdf', 1125),
(47, '1126_bukti_perusahaan.pdf', 1126),
(48, '1127_bukti_perusahaan.pdf', 1127),
(49, '1137_bukti_perusahaan.pdf', 1137),
(50, '1159_bukti_perusahaan.pdf', 1159),
(51, '1161_bukti_perusahaan.pdf', 1161),
(52, '1162_bukti_perusahaan.pdf', 1162),
(53, '1164_bukti_perusahaan.pdf', 1164),
(54, '1165_bukti_perusahaan.pdf', 1165),
(55, '1166_bukti_perusahaan.pdf', 1166),
(56, '1168_bukti_perusahaan.pdf', 1168),
(57, '1174_bukti_perusahaan.pdf', 1174),
(58, '1178_bukti_perusahaan.pdf', 1178),
(59, '1180_bukti_perusahaan.pdf', 1180),
(60, '1184_bukti_perusahaan.pdf', 1184),
(61, '1185_bukti_perusahaan.pdf', 1185),
(62, '1187_bukti_perusahaan.pdf', 1187),
(63, '1188_bukti_perusahaan.pdf', 1188),
(64, '1190_bukti_perusahaan.pdf', 1190),
(65, '1191_bukti_perusahaan.pdf', 1191),
(66, '1192_bukti_perusahaan.pdf', 1192),
(67, '1194_bukti_perusahaan.pdf', 1194),
(68, '1197_bukti_perusahaan.pdf', 1197),
(69, '1198_bukti_perusahaan.pdf', 1198),
(70, '1200_bukti_perusahaan.pdf', 1200),
(71, '1201_bukti_perusahaan.pdf', 1201),
(72, '1202_bukti_perusahaan.pdf', 1202),
(73, '1203_bukti_perusahaan.pdf', 1203),
(74, '1204_bukti_perusahaan.pdf', 1204),
(75, '1205_bukti_perusahaan.pdf', 1205),
(76, '1209_bukti_perusahaan.pdf', 1209),
(77, '1210_bukti_perusahaan.pdf', 1210),
(78, '1211_bukti_perusahaan.pdf', 1211),
(79, '1213_bukti_perusahaan.pdf', 1213),
(80, '1214_bukti_perusahaan.pdf', 1214),
(81, '1215_bukti_perusahaan.pdf', 1215),
(82, '1216_bukti_perusahaan.pdf', 1216),
(83, '1217_bukti_perusahaan.pdf', 1217),
(84, '1218_bukti_perusahaan.pdf', 1218),
(85, '1219_bukti_perusahaan.pdf', 1219),
(86, '1220_bukti_perusahaan.pdf', 1220),
(87, '1221_bukti_perusahaan.pdf', 1221),
(88, '1222_bukti_perusahaan.pdf', 1222),
(89, '1223_bukti_perusahaan.pdf', 1223),
(90, '1224_bukti_perusahaan.pdf', 1224),
(91, '1226_bukti_perusahaan.pdf', 1226),
(92, '1227_bukti_perusahaan.pdf', 1227),
(93, '1228_bukti_perusahaan.pdf', 1228),
(94, '1231_bukti_perusahaan.pdf', 1231),
(95, '1232_bukti_perusahaan.pdf', 1232),
(96, '1233_bukti_perusahaan.pdf', 1233),
(97, '1234_bukti_perusahaan.pdf', 1234),
(98, '1235_bukti_perusahaan.pdf', 1235),
(99, '1236_bukti_perusahaan.pdf', 1236),
(100, '1237_bukti_perusahaan.pdf', 1237),
(101, '1238_bukti_perusahaan.pdf', 1238),
(102, '1239_bukti_perusahaan.pdf', 1239),
(103, '1241_bukti_perusahaan.pdf', 1241),
(104, '1242_bukti_perusahaan.pdf', 1242),
(105, '1243_bukti_perusahaan.pdf', 1243),
(106, '1246_bukti_perusahaan.pdf', 1246),
(107, '1248_bukti_perusahaan.pdf', 1248),
(108, '1250_bukti_perusahaan.pdf', 1250),
(109, '1252_bukti_perusahaan.pdf', 1252),
(110, '1253_bukti_perusahaan.pdf', 1253),
(111, '1254_bukti_perusahaan.pdf', 1254),
(112, '1255_bukti_perusahaan.pdf', 1255),
(113, '1257_bukti_perusahaan.pdf', 1257),
(114, '1260_bukti_perusahaan.pdf', 1260),
(115, '1261_bukti_perusahaan.pdf', 1261),
(116, '1262_bukti_perusahaan.pdf', 1262),
(117, '1263_bukti_perusahaan.pdf', 1263),
(118, '1264_bukti_perusahaan.pdf', 1264),
(119, '1265_bukti_perusahaan.pdf', 1265),
(120, '1266_bukti_perusahaan.pdf', 1266),
(121, '1269_bukti_perusahaan.pdf', 1269),
(122, '1270_bukti_perusahaan.pdf', 1270),
(123, '1271_bukti_perusahaan.pdf', 1271),
(124, '1272_bukti_perusahaan.pdf', 1272),
(125, '1274_bukti_perusahaan.pdf', 1274),
(126, '1275_bukti_perusahaan.pdf', 1275),
(127, '1276_bukti_perusahaan.pdf', 1276),
(128, '1277_bukti_perusahaan.pdf', 1277),
(129, '1278_bukti_perusahaan.pdf', 1278),
(130, '1279_bukti_perusahaan.pdf', 1279),
(131, '1281_bukti_perusahaan.pdf', 1281),
(132, '1282_bukti_perusahaan.pdf', 1282),
(133, '1283_bukti_perusahaan.pdf', 1283),
(134, '1284_bukti_perusahaan.pdf', 1284),
(135, '1288_bukti_perusahaan.pdf', 1288),
(136, '1289_bukti_perusahaan.pdf', 1289),
(137, '1290_bukti_perusahaan.pdf', 1290),
(138, '1291_bukti_perusahaan.pdf', 1291),
(139, '1292_bukti_perusahaan.pdf', 1292),
(140, '1293_bukti_perusahaan.pdf', 1293),
(141, '1295_bukti_perusahaan.pdf', 1295),
(142, '1296_bukti_perusahaan.pdf', 1296),
(143, '1297_bukti_perusahaan.pdf', 1297),
(144, '1299_bukti_perusahaan.pdf', 1299),
(145, '1300_bukti_perusahaan.pdf', 1300),
(146, '1301_bukti_perusahaan.pdf', 1301),
(147, '1302_bukti_perusahaan.pdf', 1302),
(148, '1303_bukti_perusahaan.pdf', 1303),
(149, '1304_bukti_perusahaan.pdf', 1304),
(150, '1305_bukti_perusahaan.pdf', 1305),
(151, '1306_bukti_perusahaan.pdf', 1306),
(152, '1307_bukti_perusahaan.pdf', 1307),
(153, '1308_bukti_perusahaan.pdf', 1308),
(154, '1309_bukti_perusahaan.pdf', 1309),
(155, '1310_bukti_perusahaan.pdf', 1310),
(156, '1311_bukti_perusahaan.pdf', 1311),
(157, '1312_bukti_perusahaan.pdf', 1312),
(158, '1313_bukti_perusahaan.pdf', 1313),
(159, '1314_bukti_perusahaan.pdf', 1314),
(160, '1315_bukti_perusahaan.pdf', 1315),
(161, '1316_bukti_perusahaan.pdf', 1316),
(162, '1317_bukti_perusahaan.pdf', 1317),
(163, '1318_bukti_perusahaan.pdf', 1318),
(164, '1319_bukti_perusahaan.pdf', 1319),
(165, '1320_bukti_perusahaan.pdf', 1320),
(166, '1321_bukti_perusahaan.pdf', 1321),
(167, '1322_bukti_perusahaan.pdf', 1322),
(168, '1323_bukti_perusahaan.pdf', 1323),
(169, '1324_bukti_perusahaan.pdf', 1324),
(170, '1325_bukti_perusahaan.pdf', 1325),
(171, '1326_bukti_perusahaan.pdf', 1326),
(172, '1327_bukti_perusahaan.pdf', 1327),
(173, '1328_bukti_perusahaan.pdf', 1328),
(174, '1329_bukti_perusahaan.pdf', 1329),
(175, '1330_bukti_perusahaan.pdf', 1330),
(176, '1331_bukti_perusahaan.pdf', 1331),
(177, '1333_bukti_perusahaan.pdf', 1333),
(178, '1334_bukti_perusahaan.pdf', 1334),
(179, '1335_bukti_perusahaan.pdf', 1335),
(180, '1336_bukti_perusahaan.pdf', 1336),
(181, '1337_bukti_perusahaan.pdf', 1337),
(182, '1338_bukti_perusahaan.pdf', 1338),
(183, '1339_bukti_perusahaan.pdf', 1339),
(184, '1340_bukti_perusahaan.pdf', 1340),
(185, '1341_bukti_perusahaan.pdf', 1341),
(186, '1342_bukti_perusahaan.pdf', 1342),
(187, '1343_bukti_perusahaan.pdf', 1343),
(188, '1344_bukti_perusahaan.pdf', 1344),
(189, '1345_bukti_perusahaan.pdf', 1345),
(190, '1346_bukti_perusahaan.pdf', 1346),
(191, '1349_bukti_perusahaan.pdf', 1349),
(192, '1350_bukti_perusahaan.pdf', 1350),
(193, '1351_bukti_perusahaan.pdf', 1351),
(194, '1352_bukti_perusahaan.pdf', 1352),
(195, '1354_bukti_perusahaan.pdf', 1354),
(196, '1355_bukti_perusahaan.pdf', 1355),
(197, '1357_bukti_perusahaan.pdf', 1357),
(198, '1359_bukti_perusahaan.pdf', 1359),
(199, '1360_bukti_perusahaan.pdf', 1360),
(200, '1361_bukti_perusahaan.pdf', 1361),
(201, '1362_bukti_perusahaan.pdf', 1362),
(202, '1363_bukti_perusahaan.pdf', 1363),
(203, '1364_bukti_perusahaan.pdf', 1364),
(204, '1365_bukti_perusahaan.pdf', 1365),
(205, '1366_bukti_perusahaan.pdf', 1366),
(206, '1367_bukti_perusahaan.pdf', 1367),
(207, '1369_bukti_perusahaan.pdf', 1369),
(208, '1370_bukti_perusahaan.pdf', 1370),
(209, '1371_bukti_perusahaan.pdf', 1371),
(210, '1372_bukti_perusahaan.pdf', 1372),
(211, '1373_bukti_perusahaan.pdf', 1373),
(212, '1374_bukti_perusahaan.pdf', 1374),
(213, '1375_bukti_perusahaan.pdf', 1375),
(214, '1376_bukti_perusahaan.pdf', 1376),
(215, '1377_bukti_perusahaan.pdf', 1377),
(216, '1379_bukti_perusahaan.pdf', 1379),
(217, '1380_bukti_perusahaan.pdf', 1380),
(218, '1381_bukti_perusahaan.pdf', 1381),
(219, '1382_bukti_perusahaan.pdf', 1382),
(220, '1383_bukti_perusahaan.pdf', 1383),
(221, '1384_bukti_perusahaan.pdf', 1384),
(222, '1385_bukti_perusahaan.pdf', 1385),
(223, '1386_bukti_perusahaan.pdf', 1386),
(224, '1388_bukti_perusahaan.pdf', 1388);

-- --------------------------------------------------------

--
-- Struktur dari tabel `bukti_yudisium`
--

CREATE TABLE `bukti_yudisium` (
  `ID_BUKTI_YUDISIUM` int(11) NOT NULL,
  `ID_PEGAWAI` int(11) NOT NULL,
  `NAMA_BUKTI_YUDISIUM` varchar(100) NOT NULL,
  `PESAN` varchar(500) NOT NULL
) ENGINE=InnoDB DEFAULT CHARSET=utf8mb4 COLLATE=utf8mb4_general_ci;

--
-- Dumping data untuk tabel `bukti_yudisium`
--

INSERT INTO `bukti_yudisium` (`ID_BUKTI_YUDISIUM`, `ID_PEGAWAI`, `NAMA_BUKTI_YUDISIUM`, `PESAN`) VALUES
(6, 713, '152110783030_yudisium.pdf', ' '),
(7, 714, '152110783016_yudisium.pdf', ' '),
(8, 719, '152110783014_yudisium.pdf', ' '),
(11, 723, '152110783010_yudisium.pdf', ' '),
(12, 722, '152110783008_yudisium.pdf', ' '),
(13, 726, '152110783029_yudisium.pdf', ' '),
(14, 728, '152110783048_yudisium.pdf', ' '),
(16, 730, '152110783026_yudisium.pdf', ' '),
(17, 731, '152110783043_yudisium.pdf', ' '),
(19, 736, '152110783011_yudisium.pdf', ' selamat anda telah dinyatakan lulus administrasi, mohon ditunggu kelanjutan proses'),
(20, 729, '152110783001_yudisium.pdf', ' '),
(21, 737, '152110783045_yudisium.pdf', ' '),
(22, 732, '152110783042_yudisium.pdf', ' Status Berhasil, ditunggu proses selanjutnya'),
(27, 812, '152110783041_yudisium.pdf', 'selamat anda telah dinyatakan lulus administrasi, mohon ditunggu kelanjutan proses'),
(30, 707, '152110783027_yudisium.pdf', 'selamat anda telah dinyatakan lulus administrasi, mohon ditunggu kelanjutan proses'),
(31, 896, '152110783005_yudisium.pdf', 'selamat anda telah dinyatakan lulus administrasi, mohon ditunggu kelanjutan proses'),
(32, 898, '152110783053_yudisium.pdf', 'selamat anda telah dinyatakan lulus administrasi, mohon ditunggu kelanjutan proses'),
(33, 943, '152111813017_yudisium.pdf', 'selamat anda telah dinyatakan lulus administrasi, mohon ditunggu kelanjutan proses'),
(34, 986, '152110783007_yudisium.pdf', 'selamat anda telah dinyatakan lulus administrasi, mohon ditunggu kelanjutan proses'),
(35, 972, '013221017_yudisium.pdf', 'selamat anda telah dinyatakan lulus administrasi, mohon ditunggu kelanjutan proses');

-- --------------------------------------------------------

--
-- Struktur dari tabel `daftar_yudisium`
--

CREATE TABLE `daftar_yudisium` (
  `ID_DAFTAR_YUDISIUM` int(11) NOT NULL,
  `ID_PEGAWAI` int(11) NOT NULL,
  `ID_PRODI` int(11) NOT NULL,
  `NIK` varchar(35) NOT NULL,
  `TEMPAT_LAHIR` varchar(100) NOT NULL,
  `TANGGAL_LAHIR` date NOT NULL,
  `NO_HP` varchar(20) NOT NULL,
  `SKS` int(11) NOT NULL,
  `IPK` varchar(10) NOT NULL,
  `NILAI_D` varchar(6) NOT NULL,
  `TOEFL` int(11) NOT NULL,
  `SKP` int(11) NOT NULL,
  `ID_PERIODE` int(2) NOT NULL,
  `PROSES` int(2) NOT NULL
) ENGINE=InnoDB DEFAULT CHARSET=utf8mb4 COLLATE=utf8mb4_general_ci;

--
-- Dumping data untuk tabel `daftar_yudisium`
--

INSERT INTO `daftar_yudisium` (`ID_DAFTAR_YUDISIUM`, `ID_PEGAWAI`, `ID_PRODI`, `NIK`, `TEMPAT_LAHIR`, `TANGGAL_LAHIR`, `NO_HP`, `SKS`, `IPK`, `NILAI_D`, `TOEFL`, `SKP`, `ID_PERIODE`, `PROSES`) VALUES
(13, 713, 2, '3510092809030003', 'Banyuwangi', '2003-09-28', '081775438264', 146, '3,30', '0', 593, 265, 2, 1),
(14, 714, 2, '3515074506020002', 'Sidoarjo', '2002-06-05', '087768374101', 146, '3,40', '0', 450, 170, 2, 1),
(15, 719, 2, '3515181601030001', 'Surabaya', '2003-01-16', '085755503253', 149, '3.32', '0', 517, 353, 2, 1),
(17, 723, 2, '3578262005030005', 'SURABAYA', '2003-05-20', '082143451765', 146, '3,25', '1.37%', 450, 157, 3, 1),
(18, 722, 2, '3578181202030001', 'Jember', '2003-02-12', '085331721169', 146, '3,28', '0%', 450, 244, 3, 1),
(19, 726, 2, '3516070402030001', 'Mojokerto', '2003-02-04', '088228578233', 146, '3.32', '1.37%', 523, 172, 3, 1),
(20, 728, 2, '3518046701030001', 'Nganjuk', '2003-01-27', '085791197774', 146, '3.43', '0%', 490, 220, 3, 1),
(22, 730, 2, '3517020710010003', 'Jombang', '2001-07-10', '083159463983', 146, '3.51', '0%', 487, 215, 3, 1),
(23, 731, 2, '3518032711020001', 'NGANJUK', '2002-11-27', '082142182898', 146, '3.30', '0%%', 540, 165, 3, 1),
(25, 736, 2, '3578046911020010', 'Surabaya', '2002-11-29', '085859406514', 146, '3.27', '0%%', 490, 145, 3, 1),
(26, 729, 2, '3578146510030001', 'Surabaya', '2003-10-25', '085236021122', 146, '3.63', '0%%', 460, 183, 3, 1),
(27, 737, 2, '3316066010020001', 'Blora', '2002-10-20', '085600175593', 146, '3.52', '0%%', 453, 193, 3, 1),
(28, 732, 2, '3522061706000006', 'BOJONEGORO ', '2000-06-17', '081615031819', 148, '3.49', '0%%', 467, 160, 3, 1),
(33, 812, 2, '3505021812010001', 'Blitar', '2001-12-18', '089685533343', 146, '3,48', '0%', 457, 197, 8, 1),
(36, 707, 2, '3515061109020003', 'Sidoarjo', '2002-09-11', '0881026643088', 146, '3,33', '0%%', 457, 185, 8, 1),
(37, 896, 2, '3578085609020003', 'SURABAYA', '2002-09-16', '089613361515', 146, '3.40', '0%', 453, 262, 13, 1),
(38, 898, 2, '3321006304030001', 'Demak', '2003-04-23', '089530282901', 146, '3,48', '0%', 483, 193, 13, 1),
(39, 943, 5, '3578240206030001', 'Surabaya, Jawa Timur', '2003-06-02', '087853708735', 116, '2.84', '5,17%%', 513, 125, 15, 1),
(40, 986, 2, '3529014601030001', 'Sumenep', '2026-01-06', '085336207784', 146, '3.24', '2,74%%', 477, 155, 15, 1),
(41, 972, 3, '3502176002040004', 'Ponorogo', '2004-02-20', '08818499235', 113, '3.21', '0%', 510, 103, 15, 1);

-- --------------------------------------------------------

--
-- Struktur dari tabel `data_mahasiswa_pkl`
--

CREATE TABLE `data_mahasiswa_pkl` (
  `ID_MHS_PKL` int(11) NOT NULL,
  `ID_DATA_PKL` int(11) NOT NULL,
  `NAMA_MHS` varchar(250) NOT NULL,
  `NIM_MHS` varchar(20) NOT NULL,
  `NO_TLP_MHS` varchar(30) NOT NULL,
  `ID_PRODI` int(11) NOT NULL,
  `TYPE_PENGAJUAN` int(11) NOT NULL,
  `ID_SEMESTER` int(11) NOT NULL,
  `ID_TAHUN_AKD` int(11) NOT NULL
) ENGINE=InnoDB DEFAULT CHARSET=utf8mb4 COLLATE=utf8mb4_general_ci ROW_FORMAT=DYNAMIC;

--
-- Dumping data untuk tabel `data_mahasiswa_pkl`
--

INSERT INTO `data_mahasiswa_pkl` (`ID_MHS_PKL`, `ID_DATA_PKL`, `NAMA_MHS`, `NIM_MHS`, `NO_TLP_MHS`, `ID_PRODI`, `TYPE_PENGAJUAN`, `ID_SEMESTER`, `ID_TAHUN_AKD`) VALUES
(1643, 1069, 'Qurrotul Aini', '423231100', '085852741319', 2, 2, 1, 7),
(1644, 1069, 'Sella Amelia', '423231115', '082240002412', 2, 2, 1, 7),
(1645, 1070, 'Christie Natalia', '013231076', '081259405128', 3, 2, 1, 7),
(1646, 1070, 'Nabila Bilqis Musdiyan', '013231106', '081255472406', 3, 2, 1, 7),
(1647, 1070, 'Welni Ulniogita', '013231088', '082187339838', 3, 2, 1, 7),
(1648, 1071, 'Ardi Candra Ramadhany ', '013231011', '082139792751', 3, 1, 1, 7),
(1653, 1075, 'Meylina Putri Maulidya ', '013231135', '0859171637299', 3, 1, 1, 7),
(1654, 1076, 'SHINTYA PUTRI RAMADHANI', '423231020', '085755244052', 2, 1, 1, 7),
(1655, 1077, 'NAFTHALINE ARVELLIA CAHYADEVI', '013231038', '081217911098', 3, 1, 1, 7),
(1656, 1078, 'yunita', '202300021', '082139415889', 2, 1, 1, 7),
(1657, 1079, 'Tika Nuriya Sari', '423231074', '088996801198', 2, 1, 1, 7),
(1658, 1080, 'Iklimatul Fauriyah ', '423231105', '085707309951', 2, 1, 1, 7),
(1659, 1081, 'Jonathan William Yunior Tloim', '013231072', '085706311336', 3, 1, 1, 7),
(1660, 1082, 'Theresia Chintia Avilia Buka', '013231033', '082144243343', 3, 1, 1, 7),
(1663, 1085, 'Siti Nur Rohmawati', '152110783037', '0895364757110', 2, 1, 1, 7),
(1664, 1086, 'Annisa Nur Swastika', '423221029', '085784495679 ', 2, 2, 1, 7),
(1665, 1086, 'Firdausiah Salsabila', '423221010', '085230704965', 2, 2, 1, 7),
(1674, 1089, 'Siti Nur Rohmawati', '152110783037', '0895364757110', 2, 2, 1, 7),
(1675, 1089, 'Aulya Dewi Alfianti', '152110783002', '088217380463', 2, 2, 1, 7),
(1676, 1090, 'Harum Puspitasari', '423221042', '085179855326', 2, 1, 1, 7),
(1677, 1091, 'Safira Az Zahra', '423221005', '085180980047', 2, 2, 1, 7),
(1678, 1091, 'Apriza Windrasari ', '423221048', '081231473069', 2, 2, 1, 7),
(1679, 1092, 'syafina atha risma', '423221023', '089616135649', 2, 1, 1, 9),
(1680, 1093, 'Nurul Mufidah', '423231046', '081234627741', 2, 1, 1, 9),
(1681, 1094, 'Aurellia salsabila maheswari', '013231037', '085607278204', 3, 2, 1, 7),
(1682, 1094, 'Ageng angabekti', '013231132', '08581456138914', 3, 2, 1, 7),
(1683, 1094, 'Muhmmad fatoni', '013231048', '08581216463224', 3, 2, 1, 7),
(1684, 1094, 'riza nabila ratyuningtias', '013231045', '08581239334943', 3, 2, 1, 7),
(1685, 1095, 'Nurul Halimah', '423231029', '085755186535', 2, 2, 1, 7),
(1686, 1095, 'Sefira Anggraeni Rohmah', '423231028', '081930632312', 2, 2, 1, 7),
(1687, 1095, 'Nisa Muntafingah', '423231026', '088983080547', 2, 2, 1, 7),
(1688, 1095, 'Elsa Dewi Cantika', '423231039', '0895339725181', 2, 2, 1, 7),
(1689, 1096, 'Anastasya Nabila', '013231015', '083849545349', 3, 1, 1, 7),
(1694, 1101, 'Mutiara syailah putri setiawan', '423221035', '087865151108', 2, 2, 1, 7),
(1695, 1101, 'Zalva Russiva ', '423221031', '081977352168', 2, 2, 1, 7),
(1696, 1102, 'Zalva russiva', '423221031', '081977352168', 2, 2, 1, 7),
(1697, 1102, 'Mutiara Syailah Putri Setiawan', '423221035', '087865151108', 2, 2, 1, 7),
(1698, 1103, 'Shelly Rifania Rahmadhani', '423221016', '085707813324', 2, 2, 1, 7),
(1699, 1103, 'Angelita', '423221002', '085707813324', 2, 2, 1, 7),
(1700, 1103, 'Cut Kinasih R. H.', '423221014', '08816933704', 2, 2, 1, 7),
(1701, 1103, 'Queenadhifa Pingkanoviedtry', '423221043', '085198342330', 2, 2, 1, 7),
(1702, 1104, 'Ghina Salsabila Qurrakhman', '013231127', '085891558200', 3, 2, 1, 7),
(1703, 1104, 'Dian Debbi Anna Billah', '012321129', '081945015341', 3, 2, 1, 7),
(1704, 1104, 'Neva Pradina Aulia Rahma', '013231101', '081387659608', 3, 2, 1, 7),
(1705, 1104, 'Helda Okta Diah Putri Rahmadani', '0132311225', '082143161052', 3, 2, 1, 7),
(1706, 1104, 'Shallom Tesalonika Paulina Nissi', '013231094', '081931106222', 3, 2, 1, 7),
(1707, 1105, 'IKKO RIZKY PRADITIO', '013231043', '089687891865', 3, 2, 1, 7),
(1708, 1105, 'MUHAMMAD ILHAM RUSYDI', '013231130', '082131987721', 3, 2, 1, 7),
(1709, 1106, 'Hibran Arya Adhiaksa', '13231087', '085955017551', 3, 1, 1, 7),
(1710, 1107, 'Muhammad Fatoni', '013231048', '081216463224', 3, 2, 1, 7),
(1711, 1107, 'Eveny Angelita Hendri Putri', '013231082', '089540486991', 3, 2, 1, 7),
(1712, 1108, 'Muhammad Fatoni', '013231048', '081216463224', 3, 2, 1, 7),
(1713, 1108, 'Eveny Angelita Hendri Putri', '013231082', '089540486991', 3, 2, 1, 7),
(1720, 1115, 'Helda Okta Diah Putri Rahmadani', '013231125', '082143161052', 3, 2, 1, 7),
(1721, 1115, 'Ghina Salsabila Qurrakhman', '013231127', '085891558200', 3, 2, 1, 7),
(1722, 1115, 'Shallom Tesalonika Paulina Nissi ', '013231094', '081931106222', 3, 2, 1, 7),
(1723, 1116, 'Firdausiah Salsabila', '423221010', '085230704965', 2, 2, 1, 7),
(1724, 1116, 'Annisa Nur Swastika', '423221029', '085784495679', 2, 2, 1, 7),
(1725, 1117, 'Arsa Sarjana', '013231109', '081232378823', 3, 2, 1, 7),
(1726, 1117, 'Moch. Kahfi Arya', '013231031', '085257285900', 3, 2, 1, 7),
(1727, 1118, 'Eviolina Tiara Anggraini ', '013231029', '0838345719151', 3, 1, 1, 7),
(1728, 1119, 'Eviolina Tiara Anggraini ', '013231029', '0838345719151', 3, 1, 1, 7),
(1729, 1120, 'Eviolina Tiara Anggraini ', '013231029', '0838345719151', 3, 1, 1, 7),
(1730, 1121, 'azzah shabihah', '152110713065', '085934749258', 3, 1, 1, 7),
(1731, 1122, 'azzah shabihah', '152110713065', '085934749258', 3, 1, 1, 7),
(1732, 1123, 'Eviolina Tiara Anggraini ', '013231029', '0838345719151', 3, 1, 1, 7),
(1733, 1124, 'Syifa Calista Cahyawati ', '013231025', '085230292223', 3, 1, 1, 7),
(1736, 1127, 'Eviolina Tiara Anggraini ', '013231029', '0838345719151', 3, 1, 1, 7),
(1737, 1128, 'Nanda Zahratun nisa', '423221041', '082132500828', 2, 2, 1, 7),
(1738, 1129, 'Nanda Zahratun nisa', '423221041', '082132500828', 2, 2, 1, 7),
(1739, 1130, 'Nanda Zahratun nisa', '423221041', '082132500828', 2, 2, 1, 7),
(1741, 1132, 'Elnina Revalin', '013231070', '088235727737', 3, 1, 1, 7),
(1742, 1133, 'Adistiara Aqilla Putri Haki', '013231126', '087805817435', 3, 1, 1, 7),
(1743, 1134, 'Muhammad Fatoni', '13231048', '081216463224', 3, 2, 1, 7),
(1744, 1135, 'Muhammad Fatoni', '13231048', '081216463224', 3, 2, 1, 7),
(1745, 1136, 'Dany Faturrozi ', '423221026', '082169433083', 2, 2, 1, 7),
(1746, 1137, 'FAHMI IDRIS', '423221044', '082123456274', 2, 1, 1, 7),
(1770, 1160, 'Marzuqoh Nabilah Hadi Putri Dmk', '423221079', '085257973300', 2, 2, 1, 7),
(1771, 1160, 'Sitoresmi Andayani', '423221078', '0882005737676', 2, 2, 1, 7),
(1772, 1161, 'yunita', '202300021', '082139415889', 2, 1, 1, 7),
(1773, 1162, 'Dian Debbi Anna Billah', '013231129', '081945015341', 3, 2, 1, 7),
(1774, 1162, 'Neva Pradina Aulia Rahma', '013231101', '081387659608', 3, 2, 1, 7),
(1775, 1163, 'Eveny Angelita Hendri Putri', '013231082', '0895404869911', 3, 1, 1, 7),
(1776, 1164, 'Rista Apriliana', '013231059', '085791401499', 3, 1, 1, 7),
(1777, 1165, 'Junnah Nur Lathifah', '013231021', '087787470838', 3, 1, 1, 7),
(1778, 1166, 'Aurellia salsabila maheswari', '013231037', '085607278204', 3, 1, 1, 7),
(1779, 1167, 'LATIFAH NURJAMILA', '013231050', '082234394261', 3, 1, 1, 7),
(1780, 1168, 'Fera Crismala Sari', '013231040', '083119294459', 3, 1, 1, 7),
(1782, 1170, 'INTAN RAHMAWATI ', '013231104', '081232065904', 3, 1, 1, 7),
(1783, 1171, 'Dimas aradhana putra witarsa ', '013231136', '081279888267', 3, 1, 1, 7),
(1784, 1172, 'Muhammad Ilham Rusydi', '013231130', '08568511231', 3, 2, 1, 7),
(1785, 1172, 'Ikko Rizky Praditio', '013231043', '089687891865', 3, 2, 1, 7),
(1786, 1173, 'Muhammad Fauzan Rafi Saputra ', '013231128', '085854766265', 3, 2, 1, 7),
(1787, 1173, 'Nadilla Nur Aulia', '013231112', '087704778614', 3, 2, 1, 7),
(1788, 1173, 'Aruna Budiarti ', '013231039', '081998620372', 3, 2, 1, 7),
(1789, 1174, 'Novalita Dwi Putri Anjani', '013231097', '089685332040', 3, 2, 1, 7),
(1790, 1174, 'Nadjwa Putri Salsabila', '013231115', '085161045101', 3, 2, 1, 7),
(1791, 1174, 'Salsa Adelia Listianto', '013231110', '085159112347', 3, 2, 1, 7),
(1792, 1174, 'Shallom Tesalonika Paulina Nissi', '013231094', '081931106222', 3, 2, 1, 7),
(1793, 1175, 'putri widya valsha dewi aura ', '013231121', '081334835757', 3, 1, 1, 7),
(1794, 1176, 'adivti dwi sicilia', '013231078', '083850546911', 3, 1, 1, 7),
(1795, 1177, 'Hikmatul Hasana', '013231053', '087846891687', 3, 1, 1, 7),
(1796, 1178, 'Hilwa Dhafira Ali', '013231073', '081331970037', 3, 1, 1, 7),
(1797, 1179, 'Racka Batavia Dialek Tiawan', '423221036', '083129354329', 2, 2, 1, 7),
(1798, 1179, 'Syam Firmansyah Nur', '423221040', '081222566678', 2, 2, 1, 7),
(1799, 1180, 'syam firmansyah nur', '423221040', '081222566678', 2, 2, 1, 7),
(1800, 1180, 'racka batavia dialek tiawan', '423221036', '083129354329', 2, 2, 1, 7),
(1801, 1181, 'Dany Faturrozi ', '423221026', '082169433083', 2, 1, 1, 7),
(1802, 1182, 'ARUNA BUDIARTI', '013231039', '081998620372', 3, 2, 1, 7),
(1803, 1182, 'NADILLA NUR AULIA', '013231112', '087704778614', 3, 2, 1, 7),
(1804, 1182, 'MUHAMMAD FAUZAN RAFI SAPUTRA', '013231128', '085854766265', 3, 2, 1, 7),
(1805, 1183, 'Graceia Febiana Pramita', '013231057', '081233787454', 3, 1, 1, 7),
(1806, 1184, 'Rifqy Andika', '013231017', '085843807659', 3, 1, 1, 7),
(1807, 1185, 'Bima Arya Mahendra', '423221015', '087855951328', 2, 2, 1, 7),
(1808, 1185, 'Nurdin Widyo Arifwicaksono', '423221066', '08884104968', 2, 2, 1, 7),
(1809, 1186, 'salisa haffafas salsabila', '013231046', '085607727482', 3, 2, 1, 7),
(1810, 1186, 'shofia risnadiar', '013231105', '081252224674', 3, 2, 1, 7),
(1811, 1187, 'Hibran Arya Adhiaksa', '013231087', '085955017551', 3, 2, 1, 7),
(1812, 1187, 'Muhammad Fauzan Rafi Saputra', '013231128', '085854766265', 3, 2, 1, 7),
(1814, 1189, 'Helmi Hidayat ', '423221033', '081775244970', 2, 2, 1, 7),
(1815, 1189, 'Dany Faturrozi', '4232201026', '082169433083', 2, 2, 1, 7),
(1816, 1190, 'Billy Sugiarto', '423221037', '0895351845150', 2, 2, 1, 7),
(1817, 1190, 'Helmi Hidayat ', '423221033', '081775244970', 2, 2, 1, 7),
(1818, 1190, 'Paulo Fenando', '4232201068', '082127372953', 2, 2, 1, 7),
(1819, 1191, 'FAISHAL AJI PANUJU', '424221055', '087709387868', 2, 2, 1, 7),
(1820, 1191, 'Alfi Sa’idatun Ni’mah', '423221075', '081230470074', 2, 2, 1, 7),
(1821, 1191, 'Putri Aurella Syakira Syahda', '423221077', '082136967013', 2, 2, 1, 7),
(1822, 1192, 'Sri Utami', '423241123', '085891307864', 2, 1, 1, 7),
(1823, 1193, 'Helmi Hidayat ', '423221033', '081775244970', 2, 2, 1, 7),
(1824, 1193, 'Dany Faturrozi', '423221026', '082169433083', 2, 2, 1, 7),
(1825, 1194, 'Wildan Widiantoro', '013231131', '085780601427', 3, 1, 1, 7),
(1826, 1195, 'ARTIKA SALSABILA PUTRI', '013231107', '081358682612', 3, 1, 1, 7),
(1827, 1196, 'Shofia Risnadiar', '013231105', '081252224674', 3, 2, 1, 7),
(1828, 1196, 'Salisa Haffafas Salsabila', '013231046', '085607727482', 3, 2, 1, 7),
(1829, 1197, 'NAFTHALINE ARVELLIA CAHYADEVI', '13231038', '081217911098', 3, 1, 1, 7),
(1830, 1198, 'NADILLA NUR AULIA', '13231112', '087704778614', 3, 2, 1, 7),
(1831, 1198, 'ARUNA BUDIARTI', '13231039', '081998620372', 3, 2, 1, 7),
(1834, 1200, 'WIDIA PRATIWI', '423231014', '085855129167', 2, 2, 1, 7),
(1835, 1200, 'SHINTYA PUTRI RAMADHANI ', '423231020', '085755244052', 2, 2, 1, 7),
(1836, 1201, 'Tika Nuriya Sari', '423231074', '088996801198', 2, 1, 1, 7),
(1837, 1202, 'Tika Nuriya Sari', '423231074', '088996801198', 2, 1, 1, 7),
(1838, 1203, 'ALVI WULANDARI ', '423231035', '085776403768', 2, 1, 1, 7),
(1840, 1205, 'ALVI WULANDARI ', '423231035', '085776403768', 2, 1, 1, 7),
(1841, 1206, 'Niken Putri Hersalina ', '013231093 ', '083831225999', 3, 1, 1, 7),
(1842, 1207, 'Shallom Tesalonika Paulina Nissi', '013231094', '081931106222', 3, 1, 1, 7),
(1843, 1208, 'Shallom Tesalonika Paulina Nissi', '013231094', '081931106222', 3, 1, 1, 7),
(1844, 1209, 'Aulia Nareswari Kusuma Wardhani', '013231083', '087878335349', 3, 1, 1, 7),
(1847, 1211, 'SELPIYA', 'SALSABILA', '082342813169', 3, 1, 1, 7),
(1848, 1212, 'syafina atha risma', '423221023', '089616135649', 2, 1, 1, 7),
(1849, 1213, 'Arba\'atin Mauliddah (Atin)', '423221064', '085784430204', 2, 1, 1, 7),
(1850, 1214, 'Paulo Fernando Arthur Dugis', '423221068', '082127372953', 2, 2, 1, 7),
(1851, 1214, 'Billy Sugiarto', '423221037', '0895351845150', 2, 2, 1, 7),
(1852, 1215, 'Nurdin Widyo Arifwicaksono ', '423221066', '08884104968', 2, 2, 1, 7),
(1853, 1215, 'Bima Arya Mahendra', '423221015', '087855951328', 2, 2, 1, 7),
(1857, 1218, 'Anggi salsabilla Leonita igfy sirila ', '423221034', '081775244970', 2, 2, 1, 7),
(1858, 1218, 'Helmi Hidayat ', '423221033', '081775244970', 2, 2, 1, 7),
(1859, 1219, 'Ratih Kintan Umari ', '423231017', '081216220996', 2, 2, 1, 7),
(1860, 1219, 'Resa Dwi Anggreini', '423231041', '085784071631', 2, 2, 1, 7),
(1862, 1221, 'Ardiyanta Nugraha ', '423221074', '085816099621', 2, 2, 1, 7),
(1863, 1221, 'Muhammad fadhil Priyambodo ', '423221024', '085655213116', 2, 2, 1, 7),
(1864, 1222, 'achmad imannaufan', '423221006', '081217004012', 2, 2, 1, 7),
(1865, 1222, 'helga farandy pramudita', '423221022', '089681251700', 2, 2, 1, 7),
(1867, 1224, 'Billy Sugiarto', '423221037', '0895351845150', 2, 2, 1, 7),
(1868, 1224, 'Paulo Fernando Arthur Dugis', '423221068', '082127372953', 2, 2, 1, 7),
(1869, 1225, 'Helmi Hidayat ', '423221033', '081775244970', 2, 2, 1, 7),
(1870, 1225, 'Anggi Salsabila Leonita igfy sirila ', '423221034', '+62 821-3252-9240', 2, 2, 1, 7),
(1871, 1226, 'Harum Puspitasari', '423221042', '085179855326', 2, 1, 1, 7),
(1872, 1227, 'SARZY SIFRA SEPTIANA ', '013241020', '082141623106', 3, 1, 1, 7),
(1873, 1228, 'Putri Febrianti ', '13241003', '085807178461', 3, 1, 1, 7),
(1874, 1229, 'Tsurayya Zahirah Rusli', '13231100', '083851216263', 3, 1, 1, 7),
(1875, 1230, 'Nanda Zahratun nisa', '423221041', '082132500828', 2, 1, 1, 7),
(1876, 1231, 'Helda Okta Diah Putri Rahmadani', '13231125', '082143161052', 3, 1, 1, 7),
(1878, 1233, 'Imanda Noora Agusti ', '423231096', '085748147392', 2, 2, 1, 7),
(1879, 1233, 'Amanda Firda Raisha ', '423231006', '081331931787', 2, 2, 1, 7),
(1880, 1234, 'Amanda Firda Raisha ', '423231007', '081331931787', 2, 2, 1, 7),
(1881, 1234, 'Imanda Noora Agusti', '423231096', '085748147392', 2, 2, 1, 7),
(1882, 1235, 'Johan Rudy Kurniawan', '013231085', '089688236789', 3, 2, 1, 7),
(1883, 1235, 'Muhammad Ilham Rusydi', '013231130', '08568511231', 3, 2, 1, 7),
(1888, 1237, 'Shelia Anggita Fransiska', '423221021', '085776228913', 2, 1, 1, 7),
(1889, 1238, 'ALKEN ANDIANT BERLIANDO', '423231043', '085231880890', 2, 1, 1, 7),
(1890, 1239, 'Rivanda azaria widyadhana', '423221030', '081331322000', 2, 2, 1, 7),
(1891, 1239, 'Luhut Butar Butar', '423221059', '085697134037', 2, 2, 1, 7),
(1892, 1240, 'LATIFAH NURJAMILA', '013231050', '082234394261', 3, 1, 1, 7),
(1893, 1241, 'Nisa Muntafingah ', '423231026', '088983080547', 2, 1, 1, 7),
(1895, 1243, 'Niken Putri Hersalina ', '013231093 ', '083831225999', 3, 1, 1, 7),
(1896, 1244, 'Ahmada Harir Ats Tsaqofi Bima A.', '423221046', '081233918983', 2, 1, 1, 7),
(1897, 1245, 'LUHUT BUTAR BUTAR', '423221059', '085697134037', 2, 2, 1, 7),
(1898, 1245, 'Rivanda Azaria Widyadhana', '423221030', '081331322000', 2, 2, 1, 7),
(1899, 1246, 'Mutiara syailah putri setiawan', '423221035', '087865151108', 2, 1, 1, 7),
(1900, 1247, 'Adinda Khairunnisa', '423221056', '085776246698', 2, 1, 1, 7),
(1901, 1248, 'Fatimatuz Zahro\'', '423231093', '082257055008', 2, 1, 1, 7),
(1902, 1249, 'Muhammad Fadhil Priyambodo ', '423221024', '085655213116', 2, 2, 1, 7),
(1903, 1249, 'Ardiyanta Nugraha ', '423221074', '085816099621', 2, 2, 1, 7),
(1904, 1250, 'yunita', '12345678910', '082139415889', 2, 2, 1, 8),
(1905, 1250, 'gagfadsf', '12343546573', '153143413414', 2, 2, 1, 8),
(1906, 1251, 'Dany Faturrozi ', '423221026', '082169433083', 2, 1, 1, 8),
(1907, 1252, 'Diana Aprilia Silaen', '013231064', '082143772570', 3, 1, 1, 8),
(1908, 1253, 'Nadila Puspa Hardini', '013231098', '085928379460', 3, 2, 1, 8),
(1909, 1253, 'Hikmatul Hasana', '013231053', '0821939338407', 3, 2, 1, 8),
(1910, 1253, 'Aruna Budiarti', '013231039', '081998620372', 3, 2, 1, 8),
(1911, 1254, 'Zalva russiva', '423221031', '081977352168', 2, 1, 1, 8),
(1912, 1255, 'Anggi salsabilla', '423221034', '082132529240', 2, 1, 1, 8),
(1913, 1256, 'helmi hidayat', '423221033', '081775244970', 2, 2, 1, 8),
(1914, 1256, 'Anggi Salsabila Leonita igfy sirila ', '4232201034', '+62 821-3252-9240', 2, 2, 1, 8),
(1915, 1257, 'Junnah Nur Lathifah', '013231021', '087787470838', 3, 1, 1, 8),
(1916, 1258, 'Muhammad Daffa Athaya Seno', '421241054', '0895421114480', 8, 2, 1, 8),
(1917, 1258, 'M. Rasyid Ramz', '', '', 8, 2, 1, 8),
(1918, 1258, 'Elsa Junieta', '', '', 8, 2, 1, 8),
(1919, 1258, 'Dellayna Tertia Passa', '', '', 8, 2, 1, 8),
(1920, 1258, 'Erika Lola Ananta', '', '', 8, 2, 1, 8),
(1928, 1260, 'Muhammad Daffa Athaya Seno', '421241054', '0895421114480', 8, 2, 1, 8),
(1929, 1260, 'M. Raasyid Ramz', '421241013', '081292870130', 8, 2, 1, 8),
(1930, 1260, 'Elsa Junieta', '421241014', '082143807175', 8, 2, 1, 8),
(1931, 1260, 'Dellayna Tertia Passa', '421241045', '087877491597', 8, 2, 1, 8),
(1932, 1260, 'Erika Lola Ananta', '421241027', '0859180532280', 8, 2, 1, 8),
(1933, 1260, 'Alfiana Dwi Afdalia', '421241015', '082132653306', 8, 2, 1, 8),
(1934, 1261, 'Moh. Haidar Ali Zulfansyah ', '421241065', '0882010077913', 8, 2, 1, 8),
(1935, 1261, 'Nauval Gerald Al Kautsar', '421241058', '085894663041', 8, 2, 1, 8),
(1936, 1261, 'Umi Zahiroh', '421241026', '085236783390', 8, 2, 1, 8),
(1937, 1261, 'Vira Fitriana Putri', '421241012', '088211463914', 8, 2, 1, 8),
(1938, 1261, 'Rindiani Avantie Aprilia', '421241040', '081559527104', 8, 2, 1, 8),
(1939, 1261, 'Gabriella Satriani Nainggolan', '421241021', '0881010165947', 8, 2, 1, 8),
(1940, 1262, 'Zalfa Russiva Isma Putri', '423221031', '081977352168', 2, 1, 1, 8),
(1941, 1263, 'Gunawan Maulana', '421201049', '081932331704', 8, 2, 1, 8),
(1942, 1263, 'Dewi Wulandari', '421241070', '085956597103', 8, 2, 1, 8),
(1943, 1263, 'Zepty Maharani Putri', '421241080', '‪082332944084‬', 8, 2, 1, 8),
(1944, 1264, 'Jonathan William Yunior Tloim', '013231072', '085706311336', 3, 1, 1, 8),
(1945, 1265, 'Jonathan William Yunior Tloim', '13231072', '085706311336', 3, 1, 1, 8),
(1946, 1266, 'Diana Aprilia Silaen', '013231064', '082143772570', 3, 1, 1, 8),
(1947, 1267, 'omega meliana', '422221056', '081333328392', 9, 1, 1, 8),
(1948, 1268, 'Ayundik Permata Surya Ramadhani', '422221067', '0895321502288', 9, 1, 1, 8),
(1949, 1269, 'Safira Az Zahra', '423221005', '085180980047', 2, 1, 1, 8),
(1950, 1270, 'Savira Ismining Putri', '422221031', '087827031938', 9, 1, 1, 8),
(1951, 1271, 'Apriza Windrasari ', '423221048', '081231473069', 2, 1, 1, 8),
(1952, 1272, 'Nurmelia shifa almaun', '422221038', '08125530043', 9, 1, 1, 8),
(1953, 1273, 'Aditya Wahyu Nurrochman', '422221029', '081216522159', 9, 1, 1, 8),
(1954, 1274, 'Nurmelia shifa almaun', '422221038', '08125530043', 9, 1, 1, 8),
(1955, 1275, 'Salsabila Taharah Kundari', '423231057', '081223886886', 2, 1, 1, 8),
(1956, 1276, 'Salsabila Taharah Kundari', '423231057', '081223886886', 2, 1, 1, 8),
(1957, 1277, 'Raihana Dwiyunanda', '422221020', '081224044446', 9, 1, 1, 8),
(1958, 1278, 'Salsabila Taharah Kundari', '423231057', '081223886886', 2, 1, 1, 8),
(1959, 1279, 'Nurmelia shifa almaun', '422221038', '08125530043', 9, 1, 1, 8),
(1960, 1280, 'Aditya Wahyu Nurrochman', '422221029', '081216522159', 9, 1, 1, 8),
(1961, 1281, 'RIAN ARIYANTO', '422221065', '088996257371', 9, 1, 1, 8),
(1962, 1282, 'Niken Putri Hersalina ', '013231093 ', '083831225999', 3, 1, 1, 8),
(1963, 1283, 'Nur Laela Azizah', '422221016', '081554690222', 9, 1, 1, 8),
(1964, 1284, 'GINA PRAMUDITA DINDA WIJAYA', '422221048', '085648911848', 9, 1, 1, 8),
(1965, 1285, 'Laetycia Naomi Mulia', '422221022', '089685647965', 9, 1, 1, 8),
(1966, 1286, 'Laetycia Naomi Mulia', '422221022', '089685647965', 9, 1, 1, 8),
(1968, 1288, 'AZAHRA SITA WARDANI', '422221013', '0895365893504', 9, 1, 1, 8),
(1969, 1289, 'Rifda Nasywatul ‘Athiyyah', '422221004', '085231668644', 9, 1, 1, 8),
(1970, 1290, 'Nova Rizmadhani Permata Putri', '422221053', '089503968866', 9, 1, 1, 8),
(1971, 1291, 'Nova Rizmadhani Permata Putri', '422221053', '089503968866', 9, 1, 1, 8),
(1972, 1292, 'Nova Rizmadhani Permata Putri', '422221053', '089503968866', 9, 1, 1, 8),
(1973, 1293, 'Nova Rizmadhani Permata Putri', '422221053', '089503968866', 9, 1, 1, 8),
(1974, 1294, 'Clara Reint Nita Fitri Isyantoro ', '003231066', '085852458287', 5, 2, 1, 8),
(1975, 1294, 'Aura Salsabillah Purnanugraha', '003231022', '08887008735', 5, 2, 1, 8),
(1976, 1294, 'Ayisya Alexandra Putri ', '003231030', '085756116318', 5, 2, 1, 8),
(1977, 1294, 'Ramadhani Chandra Fattur Syah', '003231049', '081232485118', 5, 2, 1, 8),
(1978, 1295, 'Galuh Fajar Firda Maharani', '423221019', '081553070458', 2, 1, 1, 8),
(1979, 1296, 'Galuh Fajar Firda Maharani', '423221019', '081553070458', 2, 1, 1, 8),
(1980, 1297, 'ELVINA PUTRI RAMADHANI', '422221061', '081335843494', 9, 1, 1, 8),
(1981, 1298, 'Syafina Atha Risma', '423221023', '089616135649', 2, 1, 1, 8),
(1982, 1299, 'Apriza Windrasari ', '423221048', '081231473069', 2, 1, 1, 8),
(1983, 1300, 'Santika Aurora Salsabill ', '422221057', '082245153143', 9, 1, 1, 8),
(1984, 1301, 'Rafif Fazila Diwanty', '422221037', '081252050621', 9, 2, 1, 8),
(1985, 1301, 'Raihanesya Cleo Okdity', '422221033', '082238721709', 9, 2, 1, 8),
(1986, 1302, 'ELVINA PUTRI RAMADHANI', '422221061', '081335843494', 9, 1, 1, 8),
(1987, 1303, 'Ingtana Okta', '422221055', '085159122573', 9, 1, 1, 8),
(1988, 1304, 'Rizki Andi Pratama ', '422221014', '085232477617', 9, 1, 1, 8),
(1989, 1305, 'Ingtana Okta', '422221055', '085159122573', 9, 1, 1, 8),
(1990, 1306, 'Alifiyah Rosada', '422221035', '081238352152', 9, 1, 1, 8),
(1991, 1307, 'Nova Rizmadhani Permata Putri', '422221053', '089503968866', 9, 1, 1, 8),
(1993, 1309, 'Erika Julia Putri', '423221062', '081326024968', 2, 1, 1, 8),
(1994, 1310, 'AZZARAH PRAMESTIA', '422221025', '081330329577', 9, 1, 1, 8),
(1995, 1311, 'SHELLY CHRISTANTI ', '422221007', '081334932671', 9, 1, 1, 8),
(1996, 1312, 'AZZARAH PRAMESTIA', '422221025', '081330329577', 9, 1, 1, 8),
(1997, 1313, 'SHELLY CHRISTANTI ', '422221007', '081334932671', 9, 1, 1, 8),
(1998, 1314, 'AZZARAH PRAMESTIA', '422221025', '081330329577', 9, 1, 1, 8),
(1999, 1315, 'SHELLY CHRISTANTI ', '422221007', '081334932671', 9, 1, 1, 8),
(2000, 1316, 'AZZARAH PRAMESTIA', '422221025', '081330329577', 9, 1, 1, 8),
(2001, 1317, 'SHELLY CHRISTANTI ', '422221007', '081334932671', 9, 1, 1, 8),
(2002, 1318, 'AZZARAH PRAMESTIA', '422221025', '081330329577', 9, 1, 1, 8),
(2003, 1319, 'SHELLY CHRISTANTI ', '422221007', '081334932671', 9, 1, 1, 8),
(2004, 1320, 'SHELLY CHRISTANTI ', '422221007', '081334932671', 9, 1, 1, 8),
(2005, 1321, 'Aulia Rizky Dwi Maharani', '422221012', '089612596954', 9, 1, 1, 8),
(2006, 1322, 'Aulia Rizky Dwi Maharani', '422221012', '089612596954', 9, 1, 1, 8),
(2007, 1323, 'AZAHRA SITA WARDANI', '422221013', '0895365893504', 9, 1, 1, 8),
(2008, 1324, 'Jeany Aufa Baiano Junior', '422221021', '0895330590300', 9, 1, 1, 8),
(2009, 1325, 'DIO PRATAMA ANUGERAH NIODE ', '422221019', '085157771927', 9, 2, 1, 8),
(2010, 1325, 'YUSSA TAHTA MAHENDRA ', '422221058', '089503426489', 9, 2, 1, 8),
(2011, 1325, 'GAVERIEL CRISTOFER', '422221023', '089687842766', 9, 2, 1, 8),
(2012, 1325, 'ACHMAD FAIRUZ RIFAT', '422221001', '085850807110', 9, 2, 1, 8),
(2013, 1325, 'VITO ANDREAN APRILIANO', '422221068', '081387509546', 9, 2, 1, 8),
(2014, 1326, 'RANU PANJI SATRIYO', '422221009', '0895379200427', 9, 2, 1, 8),
(2015, 1326, 'RIZKI ANDI PRATAMA', '422221014', '085232477617', 9, 2, 1, 8),
(2017, 1328, 'NIA DWI ANGGRAENI', '423221003', '081331812098', 2, 1, 1, 8),
(2018, 1329, 'Erika Julia Putri', '423221062', '081326024968', 2, 1, 1, 8),
(2019, 1330, 'avinia sakinah rahma', '422221060', '082228359138', 9, 1, 1, 8),
(2020, 1331, 'RAMDHANI MAULANA DIVANO SUSANTO', '423221008', '0895377249709', 2, 1, 1, 8),
(2021, 1332, 'Nanda Zahratun nisa', '423221041', '082132500828', 2, 1, 1, 8),
(2022, 1333, 'Savira Ismining Putri', '422221031', '087827031938', 9, 1, 1, 8),
(2023, 1334, 'Raihana Dwiyunanda', '422221020', '081224044446', 9, 1, 1, 8),
(2024, 1335, 'Arya Risqi Niko Pratama', '433241008', '085885181580', 4, 1, 1, 8),
(2025, 1336, 'Ficky Yulianto Tri Saputra', '433241024', '085161252920', 4, 1, 1, 8),
(2026, 1337, 'Delatistya Dwi Ariyanti', '433241022', '082245025119', 4, 1, 1, 8),
(2027, 1338, 'Tarita Eka Chandra Dewi', '007231099', '085852515730', 7, 1, 1, 8),
(2028, 1339, 'Fariza Hisanah Balqis ', '007231041', '085732532371', 7, 1, 1, 8),
(2029, 1340, 'Achmad Dwi Putra Andhika', '007231081', '082138180053', 7, 2, 1, 8),
(2030, 1340, 'Fatimah Dwi Meisha', '007231021', '081335203764', 7, 2, 1, 8),
(2031, 1341, 'Mochamad Irfan Imansyah ', '003231028', '0895405481929', 5, 2, 1, 8),
(2032, 1341, 'Muchammad Andre Maulana ', '003231009', '0895-2847-9175', 5, 2, 1, 8),
(2033, 1341, 'Niken Cahyaning Ratri ', '003231010', '0877-5687-0769', 5, 2, 1, 8),
(2034, 1342, 'Mochamad Irfan Imansyah ', '003231028', '0895405481929', 5, 2, 1, 8),
(2035, 1342, 'Muchammad Andre Maulana ', '003231009', '0895-2847-9175', 5, 2, 1, 8),
(2036, 1342, 'Niken Cahyaning Ratri ', '003231010', '0877-5687-0769', 5, 2, 1, 8),
(2037, 1343, 'Shelia Anggita Fransiska', '423221021', '085776228913', 2, 1, 1, 8),
(2038, 1344, 'Aurellia Cathlin Titania', '422221042', '081327772488', 9, 1, 1, 8),
(2039, 1345, 'Aurellia Cathlin Titania', '422221042', '081327772488', 9, 1, 1, 8),
(2040, 1346, 'Rifda Nasywatul ‘Athiyyah', '422221004', '085231668644', 9, 2, 1, 8),
(2041, 1346, 'Nur Laela Azizah', '422221016', '081554690222', 9, 2, 1, 8),
(2042, 1347, 'Shaikha Dhiya Ulhaq', '422221044', '081231431738', 9, 2, 1, 8),
(2043, 1347, 'Fasya Nur Annisa', '422221059', '085137057515', 9, 2, 1, 8),
(2044, 1348, 'Omega Meliana Libby', '422221056', '081333328392', 9, 2, 1, 8),
(2045, 1348, 'Al Mufiidah Iltizam Sabilillah', '422221064', '085607800755', 9, 2, 1, 8),
(2046, 1349, 'Azahra Sita Wardani', '422221013', '0895365893504', 9, 1, 1, 8),
(2047, 1350, 'Elvina Putri Ramadhani', '422221061', '081335843494', 9, 1, 1, 8),
(2048, 1351, 'Rida mukhasyafah', '007231064', '089677263728', 7, 2, 1, 8),
(2049, 1351, 'Luzia Ramadhani', '007231090', '081231486635', 7, 2, 1, 8),
(2050, 1352, 'linus amr ridho', '007231038', '088803417144', 7, 2, 1, 8),
(2051, 1352, 'muhammad maajid hibatullah', '007231066', '082143399476', 7, 2, 1, 8),
(2052, 1353, 'muhammad maajid hibatullah', '007231066', '082143399476', 7, 1, 1, 8),
(2053, 1354, 'Rifqi Naufal rian tama putra', '007231053', '08979644817', 7, 2, 1, 8),
(2054, 1354, 'Dio Feronal w', '007231073', '+62 838-3884-1738', 7, 2, 1, 8),
(2055, 1354, 'Seharian daffa maulana', '007231050', '+62 822-6449-3131', 7, 2, 1, 8),
(2056, 1355, 'Rifqi Naufal rian tama putra', '007231053', '08979644817', 7, 2, 1, 8),
(2057, 1355, 'Dio Feronal w', '007231073', '+62 838-3884-1738', 7, 2, 1, 8),
(2058, 1355, 'Sfharian daffa maulana', '007231050', '+62 822-6449-3131', 7, 2, 1, 8),
(2059, 1356, 'muhammad maajid hibatullah', '007231066', '082143399476', 7, 2, 1, 8),
(2060, 1356, 'linus amr ridho', '007231038', '088803417144', 7, 2, 1, 8),
(2061, 1356, 'rifqi naufal rian tama putra', '007231053', '08979644817', 7, 2, 1, 8),
(2062, 1357, 'Krisogonus Reno', '013231071', '085708485759', 3, 1, 1, 8),
(2063, 1358, 'Nazlah Naufilah Abdiah', '002231093', '081359684938', 10, 1, 1, 8),
(2064, 1359, 'GINA PRAMUDITA DINDA WIJAYA', '422221048', '085648911848', 9, 2, 1, 8),
(2065, 1359, 'RIAN ARIYANTO', '422221065', '088996257371', 9, 2, 1, 8),
(2066, 1360, 'Nanda Titta Zaharani', '007231097', '081554529432', 7, 1, 1, 8),
(2067, 1361, 'Dian Maharani Kusuma', '007231098', '081297117235', 7, 1, 1, 8),
(2068, 1362, 'Lanika Avriel Andertha ', '007231014', '085755662320', 7, 2, 1, 8),
(2069, 1362, 'Bilqis Putri Salsabilla ', '007231032', '085853246504', 7, 2, 1, 8),
(2070, 1362, 'Melisa', '007231024', '08133318425', 7, 2, 1, 8),
(2071, 1363, 'linus amr ridho', '007231038', '088803417144', 7, 1, 1, 8),
(2072, 1364, 'Naufal Zain Nandawiansyah ', '007231095', '0881026638513', 7, 2, 1, 8),
(2073, 1364, 'Wildan Naufaldi Putra Haki', '07231086', '082132086294', 7, 2, 1, 8),
(2074, 1364, 'Muhammad Haikal Ananta ', '007231055', '087851028597', 7, 2, 1, 8),
(2075, 1365, 'Wildan Naufadi Putra Haki', '007231086', '082132086294', 7, 2, 1, 8),
(2076, 1365, 'Naufal Zain Nandawiansyah', '007231095', '0881026638513', 7, 2, 1, 8),
(2077, 1366, 'Irfan Rizqullah ', '007231036', '085161194297', 7, 1, 1, 8),
(2078, 1367, 'Gabriel Mikadelfia Kristiyanto', '423221032', '081333383581', 2, 1, 1, 8),
(2079, 1368, 'Ervina Tri Yuniar', '422221018', '081234217661', 9, 1, 1, 8),
(2080, 1369, 'Ardian Razaqa Putra', '422221028', '081230760981', 9, 1, 1, 8),
(2081, 1370, 'Nurul Halimah', '423231029', '085755186535', 2, 1, 1, 8),
(2082, 1371, 'Elsa Dewi Cantika', '423231039', '0895339725181', 2, 1, 1, 8),
(2083, 1372, 'Sefira Anggraeni Rohmah', '423231028', '081930632312', 2, 1, 1, 8),
(2084, 1373, 'Tarita Eka Chandra Dewi', '007231099', '085852515730', 7, 1, 1, 8),
(2086, 1375, 'Fernaldy Owen Soekamto', '007231013', '082276767630', 7, 1, 1, 8),
(2087, 1376, 'Mohammad Maghfur Ibrahim', '003231024', '081336020112', 5, 1, 1, 8),
(2088, 1377, 'Mohammad Maghfur Ibrahim', '003231024', '081336020112', 5, 1, 1, 8),
(2089, 1378, 'AZZARAH PRAMESTIA', '422221025', '081330329577', 9, 1, 1, 8),
(2090, 1379, 'Triyafita Normawati ', '007231023', '085853262794', 7, 1, 1, 8),
(2095, 1381, 'MOCH RAFI MIFTAQUL FIRDAUS', '007231043', '089530458559', 7, 2, 1, 8),
(2096, 1381, 'Fitra Ramadhani', '007231083', '082143881980', 7, 2, 1, 8),
(2097, 1381, 'Viky Okta Viantoni', '007231067', '085198350996', 7, 2, 1, 8),
(2099, 1383, 'Maulana Wijang Robbani', '007231046', '089691844794', 7, 1, 1, 8),
(2100, 1384, 'AFIKA DWI MAIMUNA', '007231091', '081932711573', 7, 1, 1, 8),
(2101, 1385, 'Nurul Amalia Rizky', '007231094', '082257683454', 7, 1, 1, 8),
(2102, 1386, 'Luzia Ramadhani', '007231090', '081231486635', 7, 1, 1, 8),
(2103, 1387, 'Bening gadis arivia', '007231062', '08990104820', 7, 1, 1, 8),
(2104, 1388, 'Luzia Ramadhani', '007231090', '081231486635', 7, 1, 1, 8);

-- --------------------------------------------------------

--
-- Struktur dari tabel `data_pkl`
--

CREATE TABLE `data_pkl` (
  `ID_DATA_PKL` int(11) NOT NULL,
  `ID_PEGAWAI` int(11) NOT NULL,
  `ID_TUJUAN` int(11) NOT NULL,
  `NAMA_PERUSAHAAN` varchar(250) NOT NULL,
  `ALAMAT_PERUSAHAAN` varchar(250) NOT NULL,
  `KOTA` varchar(30) NOT NULL,
  `TGL_MULAI` date NOT NULL,
  `TGL_BERAKHIR` date NOT NULL,
  `EMAIL_TLP` varchar(100) NOT NULL,
  `RESPONS` int(11) NOT NULL,
  `VALUE_DATA` int(11) NOT NULL,
  `ID_DEPARTEMEN` int(11) NOT NULL,
  `ID_NAMA_DOSEN` int(11) NOT NULL,
  `JENIS_MAGANG` int(11) NOT NULL,
  `ID_PRODI` int(11) NOT NULL,
  `TYPE` int(11) NOT NULL,
  `ID_SEMESTER` int(11) NOT NULL,
  `ID_TAHUN_AKD` int(11) NOT NULL,
  `TANGGAL_MHS_INPUT` date DEFAULT NULL
) ENGINE=InnoDB DEFAULT CHARSET=utf8mb4 COLLATE=utf8mb4_general_ci ROW_FORMAT=DYNAMIC;

--
-- Dumping data untuk tabel `data_pkl`
--

INSERT INTO `data_pkl` (`ID_DATA_PKL`, `ID_PEGAWAI`, `ID_TUJUAN`, `NAMA_PERUSAHAAN`, `ALAMAT_PERUSAHAAN`, `KOTA`, `TGL_MULAI`, `TGL_BERAKHIR`, `EMAIL_TLP`, `RESPONS`, `VALUE_DATA`, `ID_DEPARTEMEN`, `ID_NAMA_DOSEN`, `JENIS_MAGANG`, `ID_PRODI`, `TYPE`, `ID_SEMESTER`, `ID_TAHUN_AKD`, `TANGGAL_MHS_INPUT`) VALUES
(1068, 685, 1, 'PT Bank Tabungan Negara  (Persero) Tbk', 'Jl. Pemuda No. 50 Surabaya 60271 Indonesia', ' ', '2025-08-04', '2026-01-30', '08563585444', 1, 1, 2, 142, 1, 2, 0, 1, 7, '2025-07-15'),
(1070, 687, 3, 'MAB CONSULTING', 'Regus - Pakuwon Centre, Jl. Embong Malang No.1 23rd Floor, RW.5, Kedungdoro, Kec. Tegalsari, Surabaya, Jawa Timur 60264', ' ', '2025-06-30', '2025-12-31', '+62 856-3558-860', 1, 1, 2, 3, 1, 3, 0, 1, 7, '2025-07-16'),
(1071, 688, 3, 'PT IDEAZ PERMATA CONSULTING', 'Pakuwon Center Lantai 12 OF 10 Jalan  Embong  Malang  No.  1,3,  5, Genteng, Kota Surabaya', ' ', '2025-07-01', '2025-12-31', '‪085735272654‬', 1, 1, 2, 20, 1, 3, 0, 1, 7, '2025-07-17'),
(1075, 702, 1, 'PT.KIMIA INDONESIA,CONSOL', 'Ruko Wadungasri, Jl. Raya Wadung Asri No.46-48 Blok B 08, Wadungasri, Kec. Waru, Kabupaten Sidoarjo, Jawa Timur 61256', ' ', '2025-07-07', '2025-08-07', '+62 856-3558-860', 1, 2, 2, 3, 2, 3, 0, 1, 7, '2025-07-24'),
(1076, 703, 4, 'Kantor Pelayanan Perbendaharaan Negara (KPPN) Surabaya 2', 'Jl. Dinoyo No.111 Lantai. 7, Keputran, Kec. Tegalsari, Surabaya, Jawa Timur 60265', ' ', '2025-07-01', '2025-12-23', '+6287851668438', 1, 1, 2, 58, 1, 2, 0, 1, 7, '2025-07-28'),
(1077, 704, 1, 'PT KARUNIA MITRA BERSATU', 'Tanjung Sari Baru, Gg. VIII HH No.32, Tanjungsari, Kec. Sukomanunggal, Surabaya, Jawa Timur 60188', ' ', '2025-07-01', '2025-12-31', '085735272654', 1, 1, 2, 20, 1, 3, 0, 1, 7, '2025-07-28'),
(1079, 705, 1, 'Bank Raya CB Surabaya', 'Jl. Raya Darmo 121A. Kel. Darmo, Kec. Wonokromo. Surabaya', ' ', '2025-08-01', '2025-12-31', '085939200835', 1, 1, 2, 75, 1, 2, 0, 1, 7, '2025-07-29'),
(1080, 706, 1, 'Bank Raya Indonesia CB Surabaya', 'Jln. Raya darmo no.121 A Surabaya, Jawa Timur', ' ', '2025-08-01', '2025-12-31', '085939200835', 1, 1, 2, 75, 1, 2, 0, 1, 7, '2025-07-29'),
(1081, 709, 1, 'PT ABHIRAMA MANDIRI', 'Graha sampurna blok M no.2A Wiyung Surabaya', ' ', '2025-07-23', '2025-09-23', '+62 856-3559-860', 1, 2, 4, 3, 2, 3, 0, 1, 7, '2025-08-01'),
(1082, 710, 1, 'HOWARD CONSULTANT', 'Jl. Raya Wonorejo, Ruko Regency One, Kav - 2, Wonorejo, Kec. Rungkut, Surabaya, Jawa Timur 60296', ' ', '2025-07-01', '2025-12-31', '+62 856-3559-860', 1, 1, 2, 3, 1, 3, 0, 1, 7, '2025-08-01'),
(1085, 712, 1, 'PT Bank Negara Indonesia (Persero) Tbk Cabang Surabaya', 'Jl. Gubernur Suryo No. 36, Surabaya, Jawa Timur 60271', ' ', '2025-08-11', '2025-10-11', '0895364757110', 1, 1, 2, 142, 1, 2, 0, 1, 7, '2025-08-06'),
(1086, 715, 5, 'PT. RIFAN FINANCINDO BERJANGKA', 'Pakuwon Tower Lt. 26 Jl. Embong Malang No. 21-31, Kel. Kedungdoro, Kec. Tegalsari, Surabaya 60261', ' ', '2025-08-11', '2026-01-11', '08563585444', 1, 1, 2, 142, 1, 2, 0, 1, 7, '2025-08-06'),
(1089, 712, 1, 'PT Bank Negara Indonesia (Persero) Tbk Cabang Surabaya', 'Jl. Gubernur Suryo No.36, Embong Kaliasin, Kec. Genteng, Surabaya, Jawa Timur 60271', ' ', '2025-08-25', '2025-10-25', '0895364757110', 1, 1, 2, 142, 1, 2, 0, 1, 7, '2025-08-12'),
(1090, 724, 1, 'Fairfield by Mariott Surabaya', 'Jl. Mayjend Sungkono No. 178, Surabaya, Jawa Timur', ' ', '2025-08-05', '2026-01-16', '081217708280', 1, 1, 2, 76, 1, 2, 0, 1, 7, '2025-08-13'),
(1091, 727, 1, 'BANK SYARIAH INDONESIA', 'Jl. Rajawali No.70c, Krembangan Sel., Kec. Krembangan, Surabaya, Jawa Timur 60178', ' ', '2025-08-11', '2026-01-13', '08563585444', 1, 1, 2, 142, 1, 2, 0, 1, 7, '2025-08-19'),
(1092, 735, 1, 'PT Perkebunan Nusantara I Regional V', 'Jl. Merak No.1, Krembangan Sel., Kec. Krembangan, Surabaya, Jawa Timur 60175', ' ', '2025-08-11', '2026-01-11', '+62 856-3088-166', 1, 1, 2, 44, 1, 2, 0, 1, 8, '2025-08-22'),
(1093, 738, 1, 'Kementerian Keuangan Republik Indonesia, Kantor Pelayanan Perbendaharaan Negara (KPPN) Surabaya II', 'Keuangan Negara Surabaya II, Blk. GD Jl. Dinoyo No.111 Lantai. 7, Keputran, Kec. Tegalsari, Surabaya, Jawa Timur 60265', ' ', '2025-09-01', '2026-02-01', 'hanifiyah.y.hijriah@vokasi.unair.ac.id/081217708280', 1, 1, 2, 76, 1, 2, 0, 1, 8, '2025-08-25'),
(1094, 742, 1, 'Artha Raya consultant', 'Ruko Raya Jemursari KAV 203 Blok D-01, 60239 Surabaya​', ' ', '2026-01-05', '2026-04-30', 'aurelliasalsa19@gmail.com', 1, 1, 2, 20, 1, 3, 0, 1, 8, '2025-09-15'),
(1095, 744, 5, 'Bank Jatim Syariah Kantor Pusat', 'Jl.Dr Soetomo No.37, Tegalsari,Surabaya', ' ', '2026-01-05', '2026-02-05', '085232152067', 1, 1, 2, 61, 1, 2, 1, 1, 8, '2025-09-16'),
(1096, 746, 1, 'Integrity Tax & Management Consultant', 'Ruko Apartemen Puncak Dharmahusada Blok 7L, Jl. Dr. Ir. H. Soekarno No. 30-32, Kalijudan, Surabaya, Jawa Timur 60114, Indonesia', ' ', '2025-12-22', '2026-05-22', '08563559860', 1, 1, 2, 3, 1, 3, 0, 1, 8, '2025-09-22'),
(1101, 752, 1, 'Bank Indonesia', 'Jl pahlawan No.105 Krembangan Sel., Kec Krembangan, Surabaya Jawa Timur 60175', ' ', '2025-12-01', '2026-01-31', '087865151108', 1, 1, 2, 58, 1, 2, 0, 1, 8, '2025-10-02'),
(1102, 753, 1, 'Bank Jatim', 'Jl. Airlangga No.1-9, Airlangga, Kec. Gubeng', ' ', '2025-12-01', '2026-01-31', '081977352168', 1, 1, 2, 75, 1, 2, 0, 1, 8, '2025-10-02'),
(1103, 754, 1, 'BANK RAKYAT INDONESIA KANTOR CABANG PEMBANTU UNIT KUSUMA BANGSA', 'Jl. Ambengan No. 35, Ketabang, Kec. Genteng, Surabaya, Jawa Timur, 60272', ' ', '2025-12-20', '2026-03-20', '08155103167', 1, 1, 2, 17, 1, 2, 0, 1, 8, '2025-10-02'),
(1104, 755, 4, 'IDEAZ TAX CONSULTANT', 'Pakuwon Center Lantai 12 OF 10, Jl. Embong Malang No.1 3, & 5, Surabaya, Jawa Timur 60261', ' ', '2026-01-01', '2026-04-30', 'ghinaqurrakhman@gmail.com', 1, 1, 2, 3, 1, 3, 0, 1, 8, '2025-10-06'),
(1105, 756, 1, 'Absolution Registered Tax Consultant', 'Jl. Barito No.2A, Darmo, Kec. Wonokromo, Surabaya, Jawa Timur 60241', ' ', '2026-01-01', '2026-04-30', '+62 856-3559-860', 1, 1, 2, 3, 1, 3, 0, 1, 8, '2025-10-06'),
(1106, 758, 1, 'integrity tax and management consultant', 'Ruko Apartemen Puncak Dharmahusada Blok 7L, Jl. Dr. Ir. H. Soekarno, Kalijudan, Surabaya, Jawa Timur 60114', ' ', '2026-01-01', '2026-04-30', '085815989966', 1, 1, 2, 3, 1, 3, 0, 1, 8, '2025-10-06'),
(1107, 760, 1, 'ALS | Accounting, Tax &Management', 'Jl. Arjuno No. 110, RT.008/RW.03, Sawahan, Kec. Sawahan, Kota Surabaya, Jawa Timur, 60251, Indonesia', ' ', '2026-01-05', '2026-05-08', '+62 856-3559-860', 1, 1, 2, 3, 1, 3, 0, 1, 8, '2025-10-07'),
(1108, 760, 1, 'ALS | Accounting, Tax &Management', 'Jl. Arjuno No. 110, RT.008/RW.03, Sawahan, Kec. Sawahan, Kota Surabaya, Jawa Timur, 60251, Indonesia', ' ', '2026-01-05', '2026-05-08', '+62 856-3559-860', 1, 1, 2, 3, 1, 3, 0, 1, 8, '2025-10-07'),
(1115, 759, 1, 'Ideaz Tax', 'Pakuwon Center Lantai 12 OF 10, Jl. Embong Malang No.1 3, & 5, Surabaya, Jawa Timur 60261', ' ', '2026-01-01', '2026-06-30', 'ajeng.rachma@vokasi.unair.ac.id/08563559860', 1, 1, 2, 3, 1, 3, 0, 1, 8, '2025-10-10'),
(1116, 763, 5, 'KANTOR PELAYANAN PERBENDAHARAAN NEGARA SURABAYA II', 'Gedung Keuangan Negara, Jl.Indrapura No.05, Krembangan Sel. ,Kec. Krembangan, Surabaya, Jawa Timur 60175', ' ', '2026-01-05', '2026-03-23', '08563585444', 1, 1, 2, 142, 1, 2, 0, 1, 8, '2025-10-10'),
(1117, 764, 1, 'Absolute Registered Tax Consultant', 'J. Barito No.2A, Darmo, Kec. Wonokromo. Surabaya', ' ', '2026-01-01', '2026-04-30', '0856-3559-860', 1, 1, 2, 3, 1, 3, 0, 1, 8, '2025-10-13'),
(1118, 770, 1, 'PT Pasagung Prima Solution', 'Jl. Parang Kusumo No.22, Kemayoran, Kec. Krembangan, Surabaya, Jawa Timur 60176', ' ', '2026-01-01', '2026-06-30', '083845719151', 1, 1, 2, 3, 1, 3, 0, 1, 8, '2025-10-13'),
(1119, 770, 1, 'PT Pasagung Prima Solution', 'Jl. Parang Kusumo No.22, Kemayoran, Kec. Krembangan, Surabaya, Jawa Timur 60176', ' ', '2026-01-01', '2026-06-30', '083845719151', 1, 1, 2, 3, 1, 3, 0, 1, 8, '2025-10-13'),
(1120, 770, 1, 'PT Pasagung Prima Solution', 'Jl. Parang Kusumo No.22, Kemayoran, Kec. Krembangan, Surabaya, Jawa Timur 60176', ' ', '2026-01-01', '2026-06-30', '083845719151', 1, 1, 2, 3, 1, 3, 0, 1, 8, '2025-10-13'),
(1121, 771, 1, 'KKP Ninik Zulaikah', 'Sepanjang Tani IV 23C RT 008 RW 006, Sepanjang, Taman, Sidoarjo', ' ', '2025-10-13', '2026-02-13', '08563559860', 1, 1, 2, 3, 1, 3, 0, 1, 8, '2025-10-13'),
(1122, 771, 1, 'KKP Ninik Zulaikah', 'Sepanjang Tani IV 23C RT 008 RW 006, Sepanjang, Taman, Sidoarjo', ' ', '2025-10-13', '2026-02-13', '08563559860', 1, 1, 2, 3, 1, 3, 0, 1, 8, '2025-10-13'),
(1123, 770, 1, 'PT Pasagung Prima Solution', 'Jl. Parang Kusumo No.22, Kemayoran, Kec. Krembangan, Surabaya, Jawa Timur 60176', ' ', '2026-01-01', '2026-06-30', '08563559860', 1, 1, 2, 3, 1, 3, 0, 1, 8, '2025-10-14'),
(1124, 772, 1, 'PT. Wutama Vannamei Bahagia ', 'Jl. Raya Darmo Permai I No.22, Pradahkalikendal, Kec. Dukuhpakis, Surabaya, Jawa Timur 60226', ' ', '2026-01-01', '2026-04-30', '08563559860', 1, 1, 2, 3, 1, 3, 0, 1, 8, '2025-10-14'),
(1127, 770, 1, 'PT Pasagung Prima Solution', 'Jl. Parang Kusumo No.22, Kemayoran, Kec. Krembangan, Surabaya, Jawa Timur 60176', ' ', '2026-01-01', '2026-06-30', '081333713663', 1, 1, 2, 3, 1, 3, 0, 1, 8, '2025-10-15'),
(1130, 782, 1, 'Bank Central Asia Tbk', 'Jl. Thamrin 8, Lawang, Kec. Lawang, Malang, Jawa Timur', ' ', '2025-12-22', '2026-04-25', '087851668438', 1, 1, 2, 58, 1, 2, 0, 1, 8, '2025-10-16'),
(1132, 776, 1, 'Artha Raya Consult', 'Ruko Raya Jemursari Jalan Raya Jemursari Kav 203 Blok D No.01, Jemur Wonosari, Kec. Wonocolo, Surabaya, Jawa Timur 60237', ' ', '2026-01-05', '2026-05-05', '+6287770964302', 1, 1, 2, 116, 1, 3, 0, 1, 8, '2025-10-16'),
(1133, 774, 1, 'Artha Raya Consultan', 'Ruko Raya Jemursari Jalan Raya Jemursari Kav 203 Blok D No.01, Jemur Wonosari, Wonocolo, Surabaya', ' ', '2026-01-05', '2026-05-05', '08563559860', 1, 1, 2, 3, 1, 3, 0, 1, 8, '2025-10-16'),
(1134, 786, 1, 'ALS Advisory', 'D15 Tierra Soho, Jl. Darmo Harapan I, Tanjungsari, Sukomanunggal, Surabaya', ' ', '2026-01-05', '2026-05-01', '+62 856-3559-860', 1, 1, 2, 3, 1, 3, 0, 1, 8, '2025-10-20'),
(1135, 786, 1, 'ALS Advisory', 'D15 Tierra Soho, Jl. Darmo Harapan I, Tanjungsari, Sukomanunggal, Surabaya', ' ', '2026-01-05', '2026-05-01', '+62 856-3559-860', 1, 1, 2, 3, 1, 3, 0, 1, 8, '2025-10-20'),
(1136, 718, 1, 'PT Bank Mandiri KC Surabaya Pemuda', 'Jl. Pemuda No.27-31, Embong Kaliasin, Kec. Genteng, Surabaya, Jawa Timur 60271', ' ', '2025-12-22', '2026-03-09', '08563585444', 1, 1, 2, 142, 1, 2, 0, 1, 8, '2025-10-22'),
(1137, 711, 1, 'Bank BSI KCP Lamongan Brondong', 'Jl. Raya Brondong RT 006, RW 006, Kel. Brondong, Kec. Brondong, Kab. Lamongan, Jawa Timur 62263', ' ', '2025-12-22', '2026-03-22', '08563585444', 1, 1, 2, 142, 1, 2, 0, 1, 8, '2025-10-22'),
(1160, 789, 1, 'Kantor Pelayanan Perbendaharaan Negara Surabaya II', 'Jl. Dinoyo No.111 Lantai. 7, Keputran, Kec. Tegalsari, Surabaya, Jawa Timur 60265', ' ', '2026-01-05', '2026-03-23', '08563585444', 1, 1, 2, 142, 1, 2, 0, 1, 8, '2025-10-23'),
(1162, 794, 1, 'ATTAX INDONESIA', 'Jl. Lebak Jaya II Utara No.45, Gading, Kec. Tambaksari, Surabaya, Jawa Timur 60134', ' ', '2026-01-01', '2026-06-30', 'ajengrachma.vokasi@gmail.com/08563559860', 1, 1, 2, 3, 1, 3, 0, 1, 8, '2025-10-23'),
(1163, 797, 1, 'ALS Advisory', 'D15 Tierra Soho, Jl. Darmo Harapan I, Tanjungsari, Sukomanunggal, Surabaya', ' ', '2026-01-05', '2026-05-01', '08563559860', 1, 1, 2, 3, 1, 3, 0, 1, 8, '2025-10-23'),
(1164, 799, 1, 'Pasagung Tax Consulting', 'Jl. Parang Kusumo No.22, Kemayoran, Kec. Krembangan, Surabaya', ' ', '2026-01-01', '2026-06-30', '087770964302', 1, 1, 2, 116, 1, 3, 0, 1, 8, '2025-10-24'),
(1165, 804, 1, 'Pasagung Consulting', 'Jl. Parang Kusumo No.22, Kemayoran, Kec. Krembangan, Surabaya, Jawa Timur 60176', ' ', '2026-01-01', '2026-06-30', '081333713663', 1, 1, 2, 103, 1, 3, 0, 1, 8, '2025-10-24'),
(1166, 742, 1, 'Howard consultant', 'JL. Raya Wonorejo, Ruko Regency One, Kav - 2,Wonorejo, kec Rungkut, Surabaya, Jawa Timur', ' ', '2026-01-05', '2026-04-30', 'bani-Alkausar@vokasi.unair.ac.id', 1, 1, 2, 20, 1, 3, 0, 1, 8, '2025-10-27'),
(1167, 805, 1, 'Karunia Mitra Consultant', 'Tanjungsari Baru VIII/HH-32, Surabaya', ' ', '2026-01-01', '2026-06-30', '+62 857-3527-2654', 1, 1, 2, 20, 1, 3, 0, 1, 8, '2025-10-27'),
(1168, 768, 1, 'Howard Consultant', 'Jl. Raya Wonorejo, Ruko Regency One, Kav - 2, Wonorejo, Kec. Rungkut, Surabaya, Jawa Timur 60296', ' ', '2026-01-01', '2026-06-30', 'bani-Alkausar@vokasi.unair.ac.id/085735272654', 1, 1, 2, 20, 1, 3, 0, 1, 8, '2025-10-27'),
(1170, 802, 1, 'PT Jasa Konsultasi Bersama ', 'Kemayoran Baru 61b Surabaya', ' ', '2026-01-05', '2026-05-04', 'bani-alkausar@vokasi.unair.ac.id/085735272654', 1, 1, 2, 20, 1, 3, 0, 1, 8, '2025-10-27'),
(1171, 783, 1, 'IDEAZ Tax Consultant ', 'Pakuwon Center Lantai 12 OF 10, JI. Embong Malang No.13, & 5, Surabaya, Jawa Timur 60261', ' ', '2026-01-01', '2026-06-30', 'ajeng.rachma@vokasi.unair.ac.id', 1, 1, 2, 3, 1, 3, 0, 1, 8, '2025-10-27'),
(1172, 801, 1, 'Karunia Consultant', 'Tanjung Sari Baru, Gg. VIII HH No.32, Tanjungsari, Kec. Sukomanunggal, Surabaya, Jawa Timur 60188', ' ', '2026-01-01', '2026-04-30', '+62 856-3559-860', 1, 1, 2, 3, 1, 3, 0, 1, 8, '2025-10-27'),
(1173, 806, 1, 'PT Das Global Consultindo', 'Jl. Bendul Merisi Sel. Airdas No.64 A, Bendul Merisi, Kec. Wonocolo, Surabaya, Jawa Timur 60239', ' ', '2026-01-05', '2026-05-05', 'ajeng.rachma@vokasi.unair.ac.id/08563559860', 1, 1, 2, 3, 1, 3, 0, 1, 8, '2025-10-27'),
(1174, 808, 1, 'IDEAZ Tax Consultant', 'Pakuwon Center Lantai 12 OF 10, Jl. Embong Malang No.1 3, & 5, Surabaya, Jawa Timur 60261', ' ', '2026-01-05', '2026-06-30', '08563559860', 1, 1, 2, 3, 1, 3, 0, 1, 8, '2025-10-29'),
(1175, 796, 1, 'IDEAZ Tax Consultant ', 'Pakuwon Center Lantai 12 OF 10, Jl. Embong Malang No.1 3, & 5, Surabaya, Jawa Timur 60261', ' ', '2026-01-01', '2026-06-30', 'ajeng.rachma@vokasi.unair.ac.id', 1, 1, 2, 3, 1, 3, 0, 1, 8, '2025-10-29'),
(1176, 809, 1, 'Karunia Consultant', 'Tanjung Sari Baru, Gg. VIII HH No.32, Tanjungsari, Kec. Sukomanunggal, Surabaya, Jawa Timur 60188', ' ', '2026-01-12', '2026-04-12', '‪+62 857‑3527‑2654‬', 1, 1, 2, 20, 1, 3, 0, 1, 8, '2025-10-29'),
(1177, 810, 1, 'Karunia Consultant', 'Tanjung Sari Baru, Gg. VIII HH No.32, Tanjungsari, Kec. Sukomanunggal, Surabaya, Jawa Timur 60188', ' ', '2026-01-01', '2026-04-30', '087770964302', 1, 1, 2, 116, 1, 3, 0, 1, 8, '2025-10-29'),
(1178, 811, 1, 'KKP EKA PRASETIA AFANDI & REKAN', 'Jl. K.H. Agus Salim No. 89B, Lingkungan Cungking, Mojopanggung, Kec. Giri, Kab. Banyuwangi', ' ', '2025-01-01', '2025-04-30', 'bani-Alkausar@vokasi.unair.ac.id', 1, 1, 2, 20, 1, 3, 0, 1, 8, '2025-10-30'),
(1179, 815, 1, 'BANK JATIM KC DR SOETOMO', 'Jl. Airlangga No.1-9 ', ' ', '2026-01-15', '2026-04-15', '087851668438', 1, 1, 2, 58, 1, 2, 0, 1, 8, '2025-10-31'),
(1180, 814, 1, 'Bank Mandiri', 'Jl. Airlangga No.4, Airlangga, Kec. Gubeng, Surabaya, Jawa Timur 60286', ' ', '2026-01-15', '2025-04-15', '087851668438', 1, 1, 2, 58, 1, 2, 0, 1, 8, '2025-10-31'),
(1181, 718, 1, 'PT BURSA EFEK INDONESIA ', 'Jl. Kusuma Bangsa No.19, Ketabang, Kec. Genteng, Surabaya, Jawa Timur 60272', ' ', '2026-01-05', '2026-03-23', '08563585444', 1, 1, 2, 142, 1, 2, 0, 1, 8, '2025-11-04'),
(1182, 820, 1, 'Karunia Consultant', 'Tanjung Sari Baru, Gg. VIII HH No. 32, Tanjungsari, Kec. Sukomanunggal, Surabaya', ' ', '2026-01-05', '2026-05-05', 'ajeng.rachma@vokasi.unair.ac.id/08563559860', 1, 1, 2, 3, 1, 3, 0, 1, 8, '2025-11-05'),
(1183, 818, 1, 'IDEAZ Consulting', 'Pakuwon Center Lantai 12 OF 10, Jl. Embong Malang No.1 3, & 5, Surabaya, Jawa Timur 60261', ' ', '2026-01-01', '2026-06-30', 'graceiafebianap@gmail.com/081233787454', 1, 1, 2, 116, 1, 3, 0, 1, 8, '2025-11-06'),
(1184, 821, 1, 'KL Consulting', 'Jl Ngagel 179-183 ( Rukan Graha Asri Blok K-18), Wonokromo, Surabaya', ' ', '2025-07-16', '2025-12-31', 'nitami.galih.p@vokasi.unair.ac.id', 1, 1, 2, 103, 1, 3, 0, 1, 8, '2025-11-10'),
(1185, 823, 1, 'Bank JATIM', 'Jln. Airlangga no 1-9, Airlangga, Kec. Gubeng, Surabaya', ' ', '2026-01-15', '2026-04-15', 'aries.widya.gunawan@vokasi.unair.ac.id', 1, 1, 2, 17, 1, 2, 0, 1, 8, '2025-11-11'),
(1186, 826, 1, 'KKP Tonny Poernomo, SE., SH., M.Ak., BKP', 'Jl. Delta Gardenia I No.19, Ngingas, Kec. Waru, Kabupaten Sidoarjo, Jawa Timur 61256', ' ', '2026-01-05', '2026-05-05', '08563559860‬', 1, 1, 2, 3, 1, 3, 0, 1, 8, '2025-11-11'),
(1187, 758, 1, 'Robby Bumolo Tax Consultan', 'Ruko Rungkut Megah Raya, Jl. Raya Kalirungkut No.5 Blok L - 39, Panjang Jiwo, Surabaya, Jawa Timur, 60299', ' ', '2026-01-05', '2026-05-05', 'ajeng.rachma@vokasi.unair.ac.id', 1, 1, 2, 3, 1, 3, 0, 1, 8, '2025-11-11'),
(1189, 828, 1, 'Bank BTN Kantor Cabang Surabaya ', 'Jl. Raya Wonocolo No.51, Wonocolo, Kec. Taman, Kabupaten Sidoarjo, Jawa Timur 61257', ' ', '2026-01-05', '2026-03-23', '+62 856-3585-444', 1, 1, 2, 142, 1, 2, 0, 1, 8, '2025-11-12'),
(1190, 829, 1, 'KANTOR PERWAKILAN BANK INDONESIA PROVINSI JAWA TIMUR', 'Jl. Pahlawan No.105, Krembangan Sel., Kec. Krembangan, Surabaya, Jawa Timur 60175', ' ', '2025-12-22', '2026-03-22', '+62 856-3585-444', 1, 1, 2, 142, 1, 2, 0, 1, 8, '2025-11-12'),
(1191, 830, 1, 'PT Bank Syariah Indonesia Tbk.', 'Jl. Basuki Rahmat No.19, RT.006/RW.01, Embong Kaliasin, Kec. Genteng, Surabaya, Jawa Timur 60271', ' ', '2025-12-20', '2026-03-28', '08563585444', 1, 1, 2, 142, 1, 2, 0, 1, 8, '2025-11-13'),
(1192, 831, 1, 'Pondok Pesantren Nurul Huda Setu Bekasi', 'Desa Cikarageman Kec Setu Kab Bekasi', ' ', '2025-11-12', '2025-12-21', '085939200835', 1, 1, 2, 75, 1, 2, 0, 1, 8, '2025-11-14'),
(1193, 837, 1, 'PT Bank Mandiri KC Surabaya Pemuda ', 'Jl. Raya Wonocolo No.51, Wonocolo, Kec. Taman, Kabupaten Sidoarjo, Jawa Timur 61257', ' ', '2025-12-01', '2026-02-16', '+62 856-3585-444', 1, 1, 2, 142, 1, 2, 0, 1, 8, '2025-11-17'),
(1194, 834, 1, 'Satvika Consulting', 'Kasablanka Office Tower A, 10E Floor Jl. Casablanca Kav 88, Jakarta, Jakarta 12870', ' ', '2026-01-05', '2026-06-30', 'ajeng.rachma@vokasi.unair.ac.id/+62 856-3559-860', 1, 1, 1, 3, 1, 3, 0, 1, 8, '2025-11-18'),
(1195, 803, 1, 'KKP Shinta Wulandari Chandra', 'Jl. Pesawon Semampir, 65 Ruko Central Plaza Central Park Juanda CP-15, Sedati, Sidoarjo.', ' ', '2026-01-05', '2026-06-27', '+62 857-3527-2654', 1, 1, 2, 20, 1, 3, 0, 1, 8, '2025-11-18'),
(1196, 839, 1, 'Absolution Registered Tax Consultant', 'Jl Barito no 2A, Darmo, Kecamatan Wonokromo, Surabaya', ' ', '2026-01-05', '2026-05-05', '+62 856-3559-860', 1, 1, 2, 3, 1, 3, 0, 1, 8, '2025-11-18'),
(1197, 704, 1, 'PT KARUNIA MITRA BERSATU', 'Tanjung Sari Baru, Gg. VIII HH No.32, Tanjungsari, Kec. Sukomanunggal, Surabaya, Jawa Timur 60188', ' ', '2026-01-01', '2026-04-30', '+62 857-3527-2654', 1, 1, 2, 20, 1, 3, 0, 1, 8, '2025-11-19'),
(1198, 842, 1, 'IDEAZ Tax Consultant', 'Pakuwon Center Lantai 12 OF 10, Jl. Embong Malang No.1 3, & 5, Surabaya, Jawa Timur 60261', ' ', '2026-01-05', '2026-06-05', '08563559860/ajeng.rachma@vokasi.unair.ac.id', 1, 1, 2, 3, 1, 3, 0, 1, 8, '2025-11-20'),
(1200, 843, 1, 'Bank BTN Kc Pemuda', 'Jl. Pemuda No.27-31, Embong Kaliasin, Kec. Genteng, Surabaya, Jawa Timur 60271', ' ', '2026-01-05', '2026-06-05', '08563585444', 1, 1, 2, 142, 1, 2, 0, 1, 8, '2025-11-20'),
(1206, 853, 1, 'IDEAZ Tax Consultant', 'Pakuwon Center Lantai 12 OF 10, JI. Embong Malang No.13, & 5, Surabaya, Jawa Timur 60261', ' ', '2026-01-01', '2026-06-30', '+62 856-3559-860', 1, 1, 2, 3, 1, 3, 0, 1, 8, '2025-11-24'),
(1207, 854, 1, 'Heru Gunawan Tax Consultant', 'Jl. Rungkut Mejoyo Selatan I No.28, Kali Rungkut, Kec. Rungkut, Surabaya, Jawa Timur', ' ', '2026-01-01', '2026-05-31', '08563559860', 1, 1, 2, 3, 1, 3, 0, 1, 8, '2025-11-24'),
(1208, 858, 1, 'Heru Gunawan Tax Consultant', 'Jl. Rungkut Mejoyo Selatan I No.28, Kali Rungkut, Kec. Rungkut, Surabaya, Jawa Timur', ' ', '2026-01-01', '2026-05-31', '08563559860', 1, 1, 2, 3, 1, 3, 0, 1, 8, '2025-11-25'),
(1209, 819, 1, 'UniFirst Consulting', 'JI. S Parman, Ruko S. Parman No.6, Oro-oro Ombo, Kec. Kartoharjo, Kota Madiun', ' ', '2026-01-01', '2026-04-30', '085735272654', 1, 1, 2, 20, 1, 3, 0, 1, 8, '2025-11-25'),
(1211, 859, 1, 'PT POP Jasa Indonesia', 'Ruko Mezanine blok A-25, Kelurahan Nginden Jangkungan, Kecamatan Sukolilo, Kota Surabaya, Jawa Timur 60118', ' ', '2026-01-01', '2026-04-30', '+62 857-3527-2654', 1, 1, 2, 20, 1, 3, 0, 1, 8, '2025-11-25'),
(1212, 735, 1, 'Bank Indonesia Kantor perwakilan Jawa Timur', 'Pahlawan No.105, Krembangan Sel., Kec. Krembangan, Surabaya, Jawa Timur 60175·', ' ', '2026-02-02', '2026-05-08', '+62 856-3088-166', 1, 1, 2, 44, 1, 2, 0, 1, 8, '2025-11-26'),
(1213, 862, 1, 'BRI Kantor Cabang Mulyosari ', 'Ruko Sutorejo Prima Indah Blok PFF No, 78H, Kalisari, Mulyorejo, Surabaya', ' ', '2025-12-02', '2026-03-02', '+62 852-7493-3468', 1, 1, 2, 144, 1, 2, 0, 1, 8, '2025-11-26'),
(1214, 864, 1, 'Bank Negara Indonesia Kantor Cabang Graha Pangeran', 'Jl. Ahmad Yani No.286, Dukuh Menanggal, Kec. Gayungan, Surabaya, Jawa Timur 60234', ' ', '2025-12-22', '2026-03-22', '085274933468', 1, 1, 2, 144, 1, 2, 0, 1, 8, '2025-11-27'),
(1215, 824, 1, 'Bank Mandiri', 'Jl. Airlangga No.4, Airlangga Kec. Gubeng Surabaya', ' ', '2026-01-15', '2026-04-15', 'nt.bahtera@vokasi.unair.ac.id', 1, 1, 2, 144, 1, 2, 0, 1, 8, '2025-11-28'),
(1218, 865, 1, 'PT Bank RAKYAT INDONESIA MOJOKERTO ', 'Jl. Mojopahit No.378, Mergelo, Miji, Kec. Prajurit Kulon, Kota Mojokerto, Jawa Timur 61323', ' ', '2025-12-22', '2026-03-09', '+62 856-3585-444', 1, 1, 2, 142, 1, 2, 0, 1, 8, '2025-12-01'),
(1219, 795, 1, 'BANK JATIM KANTOR PUSAT ', 'Jln. Basuki Rahmat No 98-104, Embong Kaliasin, Kec. Genteng, Surabaya, Jawa Timur', ' ', '2026-01-05', '2026-06-05', 'elsha.sophia@vokasi.unair.ac.id / +62 813-3331-8113', 1, 1, 2, 59, 1, 2, 0, 1, 8, '2025-12-01'),
(1221, 867, 4, 'Bank Negara Indonesia ', 'Jl. Semolowaru No.45, Menur Pumpungan, Kec. Sukolilo, Surabaya, Jawa Timur 60118', ' ', '2025-12-22', '2026-03-22', 'ardiyanta.nugraha-2022@vokasi.unair.ac.id', 1, 1, 2, 142, 1, 2, 0, 1, 8, '2025-12-03'),
(1222, 868, 4, 'bank rakyat indonesia', 'Jl.Ahmad Yani No.35', ' ', '2026-01-02', '2026-03-31', 'achmad.imannaufan-2022@vokasi.unair.ac.id', 1, 1, 2, 142, 1, 2, 0, 1, 8, '2025-12-03'),
(1224, 872, 1, 'Bank Rakyat Indonesia Kantor Cabang Sidoarjo', 'JI. Ahmad Yani No.35, Rw1, Sidokumpul, Kec. Sidoarjo, Kabupaten Sidoarjo, Jawa Timur 61212', ' ', '2026-01-02', '2026-04-02', '08563585444', 1, 1, 2, 142, 1, 2, 0, 1, 9, '2025-12-04'),
(1225, 873, 1, 'PT Bank Jatim KC Mojokerto ', 'Jalan Ahmad Yani No. 108, Magersari, Kota Mojokerto, Jawa Timur 61318', ' ', '2025-12-22', '2026-03-09', '+62 856-3585-444', 1, 1, 2, 142, 1, 2, 0, 1, 8, '2025-12-08'),
(1226, 724, 1, 'Bank BTN KC Bukit Darmo', 'Jl. Mayjen HR. Muhammad No.399, Putat Gede, Kec. Sukomanunggal, Surabaya, Jawa Timur 60189', ' ', '2026-02-09', '2026-05-01', 'hanifiyah.y.hijriah@vokasi.unair.ac.id', 1, 1, 2, 76, 1, 2, 0, 1, 8, '2025-12-08'),
(1227, 877, 1, 'PT Pertamina (Persero) MOR V Jatim Balinus', 'Jl. Jagir Wonokromo No.88, Jagir, Kec. Wonokromo, Surabaya, Jawa Timur 60244', ' ', '2025-12-29', '2026-02-05', 'rindah.febriana.s@vokasi.unair.ac.id', 1, 1, 2, 116, 1, 3, 0, 1, 8, '2025-12-09'),
(1228, 876, 1, 'PT Pertamina (Persero) MOR V Jatim Balinus', 'Jl. Jagir Wonokromo No.88, Jagir, Kec. Wonokromo, Surabaya, Jawa Timur 60244', ' ', '2025-12-29', '2026-02-05', 'nitami.galih.p@vokasi.unair.ac.id', 1, 1, 2, 103, 1, 3, 0, 1, 8, '2025-12-09'),
(1229, 881, 1, 'Absolution Registered Tax Consultant', 'Jl. Barito No.2A, Darmo, Kec. Wonokromo, Surabaya, Jawa Timur 60241', ' ', '2026-01-01', '2026-04-04', '085735272654', 1, 1, 1, 20, 1, 3, 0, 1, 8, '2025-12-10'),
(1230, 782, 1, 'Bank Jatim KCP Prambon', 'No Jl. Raya Prambon No.120, Prambon, Kec. Prambon, Kabupaten Sidoarjo, Jawa Timur 61264', ' ', '2025-12-22', '2026-04-25', 'nandazahra281105@gmail.com', 1, 1, 1, 17, 1, 2, 0, 1, 8, '2025-12-10'),
(1231, 759, 1, 'Consultant Primary ', 'Pagesangan Asri I/9 (AA-40) Surabaya', ' ', '2026-01-01', '2026-04-30', 'ajeng.rachma@vokasi.unair.ac.id/08563559860', 1, 1, 2, 3, 1, 3, 0, 1, 8, '2025-12-10'),
(1233, 884, 1, 'PT BPR Bank Jombang Perseroda ', 'Jl. Presiden KH. Abdurrahman Wahid No.153 - 155, Candi Mulyo, Kec. Jombang, Kabupaten Jombang, Jawa Timur 61419', ' ', '2026-01-05', '2026-02-06', '085939200835', 1, 2, 2, 75, 2, 2, 0, 1, 8, '2025-12-10'),
(1235, 886, 1, 'Multi Sinergy Consultant', 'Jl. Nginden Intan Barat No. C4 nomor 72, Nginden Jangkungan, Kec. Sukolilo, Surabaya 60118', ' ', '2026-05-01', '2026-01-05', '08563559860', 1, 1, 2, 3, 1, 3, 0, 1, 8, '2025-12-11'),
(1237, 885, 1, 'Bank Mandiri', 'Bank Mandiri Kantor Cabang Surabaya Pemuda Jl. Pemuda No.27-31, Embong Kaliasin, Kec. Genteng, Surabaya, Jawa Timur 60271', ' ', '2026-01-05', '2026-04-06', '+62 856-3585-444', 1, 1, 2, 142, 1, 2, 0, 1, 8, '2025-12-11'),
(1238, 891, 1, 'PT. Bank Pembangunan Daerah Jawa Timur, Tbk Cabang Madiun', 'Jl. Jawa No.43, Kartoharjo, Kec. Manguharjo, Kota Madiun, Jawa Timur 63122', ' ', '2026-01-19', '2026-06-19', '081217708280', 1, 1, 2, 76, 1, 2, 0, 1, 8, '2025-12-11'),
(1239, 893, 1, 'Bank Negara Indonesia (BNI) GRAHA PANGERAN SURABAYA', 'Jl. Ahmad Yani No.286, Dukuh Menanggal, Kec. Gayungan, Surabaya, Jawa Timur 60234', ' ', '2026-01-01', '2026-03-31', '085939200835', 1, 2, 2, 75, 2, 2, 0, 1, 8, '2025-12-15'),
(1240, 805, 1, 'HR CONSULTING', 'JL. SIMPANG DARMO PERMAI SELATATAN 16 NO 21, SURABAYA', ' ', '2026-01-05', '2026-06-30', '+62 857-3527-2654', 1, 1, 2, 20, 1, 3, 0, 1, 8, '2025-12-15'),
(1241, 827, 1, 'Bank BRI KC Purworejo ', 'Jl. A. Yani No.1, Purworejo, Kec. Purworejo, Kabupaten Purworejo, Jawa Tengah 55514', ' ', '2026-02-23', '2026-07-23', '+6285232152067', 1, 1, 2, 61, 1, 2, 0, 1, 8, '2025-12-15'),
(1243, 897, 1, 'Kingdom Consulting Group ', 'JI. Kalianyar No.72-74, Kapasari, Kec. Genteng, Surabaya, Jawa Timur 60273', ' ', '2026-01-05', '2026-04-30', '08563559860', 1, 1, 2, 3, 1, 3, 0, 1, 8, '2025-12-15'),
(1244, 870, 4, 'Bank Jatim Kantor Pusat Basuki Rahmat', ' Jl. Basuki Rahmat No.98-104, Embong Kaliasin, Kec. Genteng, Surabaya, Jawa Timur 60271', ' ', '2025-12-18', '2026-04-18', '0812-1770-8280', 1, 1, 2, 76, 1, 2, 0, 1, 8, '2025-12-15'),
(1245, 894, 1, 'Bank Rakyat Indonesia (BRI) Branch Office Surabaya Pahlawan ', 'Jl. Pahlawan No.39-41, Alun alun contong, Kec. Bubutan, Surabaya ', ' ', '2026-01-01', '2026-03-31', '+62 822-2602-3519', 1, 1, 2, 78, 1, 2, 0, 1, 8, '2025-12-16'),
(1246, 752, 1, 'Bank Indonesia Kantor Wilayah Jawa Timur', 'Jl. Pahlawan No. 105, Surabaya, 60174', ' ', '2026-01-05', '2026-02-09', '0856‑3585‑444‬', 1, 1, 2, 142, 1, 2, 0, 1, 8, '2025-12-16'),
(1247, 901, 1, 'Bank BRI ', 'Jalan pemuda Surabaya', ' ', '2026-01-19', '2026-04-19', 'Adinda.khirunnisa-2022@vokasi.unair.ac.id', 1, 1, 2, 78, 1, 2, 0, 1, 8, '2025-12-16'),
(1248, 833, 1, 'PT Bank Rakyat Indonesia Tbk', ' Bank BRI CRM - BRI UNIT LECES, Jl. Raya Leces No.7, Krajan I, Sumberkedawung, Kabupaten Probolinggo, Jawa Timur', ' ', '2026-01-05', '2026-02-06', '085939200835', 1, 2, 2, 75, 2, 2, 0, 1, 8, '2025-12-17'),
(1249, 903, 1, 'Bank Negara Indonesia', 'BNI Cabang Surabaya JL. Gubernur Suryo no 36 Surabaya', ' ', '2025-12-22', '2026-03-22', 'muhammad.fadhil.p-2022@vokasi.unair.ac.id', 1, 1, 2, 142, 1, 2, 0, 1, 8, '2025-12-17'),
(1251, 904, 1, 'BANK BNI Surabaya', 'Jl. Gubernur Suryo No.36, Embong Kaliasin, Kec. Genteng, Surabaya, Jawa Timur 60271', ' ', '2025-12-18', '2026-03-09', '+62 856-3585-444', 1, 1, 2, 142, 1, 2, 0, 1, 8, '2025-12-18'),
(1252, 905, 1, 'KJA Synergy Ultima Nobilus', 'Panjang Jiwo Permai III No. 41, Panjang Jiwo, Kec. Tenggilis Mejoyo, Surabaya, Jawa Timur', ' ', '2026-01-05', '2026-06-30', '087770964302', 1, 1, 2, 116, 1, 3, 0, 1, 8, '2025-12-18'),
(1253, 906, 1, 'HOWARD CONSULTANT', 'Jl. Raya Wonorejo, Ruko Regency One, Kav - 2, Wonorejo, Kec. Rungkut, Surabaya, Jawa Timur 60296', ' ', '2026-01-05', '2026-06-30', '08563559860', 1, 1, 2, 3, 1, 3, 0, 1, 8, '2025-12-19'),
(1254, 753, 1, 'PDAM Surya Sembada Kota Surabaya', 'Jl. Prof. DR. Moestopo No.2, Pacar Keling, Kec. Tambaksari, Surabaya, Jawa Timur 60131', ' ', '2026-01-05', '2026-03-06', '+62 859-3920-0835', 1, 1, 2, 75, 1, 2, 0, 1, 8, '2025-12-22'),
(1255, 907, 1, 'PT Pegadaian cabang Mojokerto ', 'Jl. WR Supratman No.30, Mergelo, Purwotengah, Kec. Magersari, Kota Mojokerto, Jawa Timur 61311', ' ', '2026-01-02', '2026-03-16', 'chacaasalsabilla03@gmail.com', 1, 1, 2, 142, 1, 2, 0, 1, 8, '2025-12-22'),
(1256, 908, 1, 'PT Bank Jatim KC Mojokerto ', 'Jl. Ahmad Yani No.20, Mergelo, Magersari, Kec. Magersari, Kota Mojokerto, Jawa Timur 61318', ' ', '2026-01-12', '2026-03-29', '+62 856-3585-444', 1, 1, 2, 142, 1, 2, 0, 1, 8, '2025-12-23'),
(1257, 804, 1, 'Zentax Consulting', 'Jl. Sutorejo Utara X No.19, Dukuh Sutorejo, Kec. Mulyorejo, Surabaya, Jawa Timur 60113', ' ', '2025-07-01', '2025-12-31', '081333713663', 1, 1, 2, 103, 1, 3, 0, 1, 8, '2025-12-24'),
(1258, 911, 1, 'Hotel Mercure Surabaya Grand Mirama', 'Jl. Raya Darmo No.68 - 78, DR. Soetomo, Kec. Tegalsari, Surabaya, Jawa Timur 60264', ' ', '2026-01-12', '2026-02-12', '082229225990', 1, 2, 2, 30, 2, 8, 0, 1, 9, '2026-01-02'),
(1260, 911, 1, 'Hotel Mercure Surabaya Grand Mirama', 'Jl. Raya Darmo No.68 - 78, DR. Soetomo, Kec. Tegalsari, Surabaya, Jawa Timur 60264', ' ', '2026-01-12', '2026-05-12', '082229225990', 1, 2, 2, 83, 2, 8, 0, 1, 9, '2026-01-02'),
(1261, 913, 1, 'Hotel Mercure Surabaya Grand Mirama', 'Jl. Raya Darmo No.68 - 78, DR. Soetomo, Kec. Tegalsari, Surabaya, Jawa Timur 60264', ' ', '2026-01-12', '2026-05-12', '082229225990', 1, 2, 2, 83, 2, 8, 0, 1, 9, '2026-01-02'),
(1262, 753, 1, 'BSI KCP Surabaya Dharmahusada', 'Jl. Dharmahusada No.68, Mojo, Kec. Gubeng, Surabaya, Jawa Timur 60285', ' ', '2026-01-05', '2026-03-05', '+62 859-3920-0835', 1, 1, 2, 75, 1, 2, 0, 1, 9, '2026-01-05'),
(1263, 917, 1, 'Hotel Mercure Surabaya Grand Mirama', 'J. Raya Darmo No.68 - 78, DR. Soetomo, Kec. Tegalsari, Surabaya, Jawa Timur 60264', ' ', '2026-01-12', '2026-05-12', '082229225990', 1, 2, 2, 83, 2, 8, 0, 1, 9, '2026-01-05'),
(1264, 709, 1, 'KKP Sungkowo Winarto', 'Griya Surya Asri, RT 004 RW 004, Balongdowo, Kecamatan Candi, Kabupaten Sidoarjo, Jawa Timur', ' ', '2026-01-12', '2026-07-12', '08563559860', 1, 1, 2, 3, 1, 3, 0, 1, 9, '2026-01-05'),
(1265, 709, 1, 'KKP Sungkowo Winarto', 'Griya Surya Asri, RT 004 RW 004, Balongdowo, Kecamatan Candi, Kabupaten Sidoarjo, Jawa Timur', ' ', '2026-01-12', '2026-07-12', '08563559860', 1, 1, 2, 3, 1, 3, 0, 1, 9, '2026-01-05'),
(1266, 905, 1, 'KJA Synergy Ultima Nobilus', 'Jl. Panjang Jiwo Permai IV No.44, Panjang Jiwo, Kec. Tenggilis Mejoyo, Surabaya, Jawa Timur 60299', ' ', '2026-01-05', '2026-06-30', '087770964302', 1, 1, 2, 116, 1, 3, 0, 1, 9, '2026-01-05'),
(1267, 931, 1, 'Saudia Airlines', 'Intiland Tower, Jl. Panglima Sudirman No.101-103 Lantai 2 No 16A, Embong Kaliasin, Kec. Genteng, Surabaya, Jawa Timur 60271', ' ', '2026-02-01', '2026-05-31', '0813-3512-2137', 1, 1, 2, 96, 1, 9, 0, 1, 9, '2026-01-06'),
(1268, 924, 1, 'Saudia Airlines', 'Intiland Tower, Jl. Panglima Sudirman No.101-103 Lantai 2 No 16A, Embong Kaliasin, Kec. Genteng, Surabaya, Jawa Timur 60271', ' ', '2026-02-01', '2026-05-31', '085645403163', 1, 1, 2, 46, 1, 9, 0, 1, 9, '2026-01-06'),
(1269, 932, 1, 'BANK SYARIAH INDONESIA', 'Jl. Rajawali No.70c, Krembangan Sel., Kec. Krembangan, Surabaya, Jawa Timur 60178', ' ', '2026-01-11', '2026-01-11', '08563585444', 1, 1, 2, 142, 1, 2, 0, 1, 9, '2026-01-06'),
(1270, 936, 1, 'PT Ayuberga', 'Intiland Tower, Jl. Panglima Sudirman no. 101-103', ' ', '2026-02-02', '2026-05-01', 'novianto-edi@vokasi.unair.ac.id', 1, 1, 2, 143, 1, 9, 0, 1, 9, '2026-01-08'),
(1271, 926, 1, 'Otoritas Jasa Keuangan (OJK) Provinsi Jawa Timur', 'Jl. Gubernur Suryo No. 28-30, Embong Kaliasin, Kec. Genteng, Surabaya, Jawa Timur', ' ', '2026-09-01', '2026-09-30', '081217708280', 1, 1, 2, 76, 1, 2, 0, 1, 9, '2026-01-08'),
(1272, 938, 1, 'PT.MIDTOU ARYACOM FUTURES', 'Gedung graha bukopin lantai 6 Jl. Panglima Sudirman no.10-18,Embong kaliasin, kec. Genteng, surabaya, Jawa timur 60271', ' ', '2026-01-27', '2026-04-27', '081230842148', 1, 1, 2, 50, 1, 9, 0, 1, 9, '2026-01-08'),
(1273, 937, 1, 'PT.MIDTOU ARYACOM FUTURES', 'Gedung graha bukopin lantai 6 Jl. Panglima Sudirman no. 10-18, Embong Malang Kaliasin, Kec.Genteng, Surabaya, Jawa Timur 60271', ' ', '2026-01-27', '2026-04-27', '081335122137', 1, 1, 2, 96, 1, 9, 0, 1, 9, '2026-01-08'),
(1274, 938, 1, 'PT.MIDTOU ARYACOM FUTURES', 'Gedung graha bukopin lantai 6 Jl. Panglima Sudirman no.10-18,Embong kaliasin, kec. Genteng, surabaya, Jawa timur 60271', ' ', '2026-01-27', '2026-04-26', '081230842148', 1, 1, 2, 50, 1, 9, 0, 1, 9, '2026-01-08'),
(1275, 939, 1, 'Pemerintah Kabupaten Mojokerto', 'Jl. Ahmad Yani No. 16, Margelo, Purwotengah, Kec. Magersari, Kota Mojokerto.', ' ', '2026-01-12', '2026-02-12', '08563088166', 3, 1, 2, 44, 1, 2, 0, 1, 9, '2026-01-08'),
(1276, 939, 1, 'Pemerintah Kabupaten Mojokerto', 'Jl. Ahmad Yani No. 16, Margelo, Purwotengah, Kec. Magersari, Kota Mojokerto.', ' ', '2026-01-12', '2026-02-12', '08563088166', 3, 1, 2, 44, 1, 2, 0, 1, 9, '2026-01-08'),
(1277, 940, 1, 'PT Aldena Ganthari Kreatif', 'Jl. Tanah Abang I No.9C', ' ', '2026-01-15', '2026-05-15', '081233770111', 1, 1, 1, 143, 1, 9, 0, 1, 9, '2026-01-08'),
(1279, 938, 1, 'PT.MIDTOU ARYACOM FUTURES', 'Gedung graha bukopin lantai 6 Jl. Panglima Sudirman no.10-18,Embong kaliasin, kec. Genteng, surabaya, Jawa timur 60271', ' ', '2026-01-27', '2026-05-26', '081230842148', 1, 1, 2, 50, 1, 9, 0, 1, 9, '2026-01-08'),
(1280, 937, 1, 'PT. MIDTOU ARYACOM FUTURES', 'Gedung Graha Bukopin Lantai 6, Jl. Panglima Sudirman No. 10-18, Embong Kaliasin, Kec. Genteng, Surabaya, Jawa Timur 60271', ' ', '2026-01-27', '2026-05-27', '081335122137', 1, 1, 2, 96, 1, 9, 0, 1, 9, '2026-01-08'),
(1281, 942, 1, 'PT. Angkasa Pura Indonesia', 'Gedung Perkantoran, Bandar Udara Internasional Yogyakarta Palihan, Temon, Kulon Progo, Daerah Istimewa Yogyakarta, 55654, Indonesia', ' ', '2026-02-09', '2026-06-09', '081392551398', 1, 1, 2, 138, 1, 9, 0, 1, 9, '2026-01-08'),
(1282, 897, 1, 'Adi Karya Putra ', 'Jl. Kutisari Besar No. 7C Kel. Siwalankerto, Kec. Wonocolo, Surabaya ', ' ', '2026-01-12', '2026-04-30', '08563559860', 1, 1, 2, 3, 1, 3, 0, 1, 9, '2026-01-08'),
(1283, 920, 1, 'Dinas Kebudayaan, Kepemudaan, Olaraga, dan Pariwisata Surabaya (Bidang Pariwisata)', 'Gedung Siola, Jl. Tunjungan No.1-3 lantai 2, Genteng, Surabaya, East Java 60275', ' ', '2026-02-09', '2026-06-09', '081392551398', 1, 1, 2, 138, 1, 9, 0, 1, 9, '2026-01-08'),
(1284, 944, 1, 'PT. Angkasa Pura Indonesia', 'Gedung Perkantoran, Bandar Udara Internasional Yogyakarta Palihan, Temon, Kulon Progo, Daerah Istimewa Yogyakarta, 55654, Indonesia', ' ', '2026-02-09', '2026-06-09', '081230842148', 1, 1, 2, 50, 1, 9, 0, 1, 9, '2026-01-08'),
(1285, 945, 1, 'Hotel Vasa Surabaya', 'Jl. Mayjend HR. Muhammad No. 31, Putat Gede, Kecamatan Sukomanunggal, Surabaya, Jawa Timur', ' ', '2026-02-01', '2026-05-31', '+62 811 3636 151', 1, 2, 2, 51, 2, 9, 0, 1, 9, '2026-01-09'),
(1286, 945, 1, 'Hotel Shangri-La Surabaya', 'Jl. Mayjend Sungkono No. 120, Pakis, Kecamatan Sawahan, Surabaya, Jawa Timur', ' ', '2026-02-01', '2026-05-31', '+62 811 3636 151', 1, 1, 2, 51, 1, 9, 0, 1, 9, '2026-01-09'),
(1288, 919, 1, 'Bidang Pariwisata Dinas Kebudayaan, Kepemudaan dan Olahraga serta Pariwisata Kota Surabaya', 'Jl. Tunjungan No. 1-3 Kota Surabaya, Provinsi Jawa Timur', ' ', '2026-02-02', '2026-05-31', '+62 856-4540-3163', 1, 1, 2, 46, 1, 9, 0, 1, 9, '2026-01-09'),
(1289, 946, 1, 'Bidang Pariwisata Dinas Kebudayaan, Kepemudaan dan Olahraga serta Pariwisata Kota Surabaya', 'Jl. Tunjungan No. 1-3 Kota Surabaya, Provinsi Jawa Timur', ' ', '2026-02-02', '2026-05-31', '+62 813-9255-1398', 1, 1, 2, 138, 1, 9, 0, 1, 9, '2026-01-09'),
(1290, 947, 1, 'PT KERETA API INDONESIA (Persero) Daop 8 Surabaya', 'Jl. Gubeng Masjid No.39, Pacar Keling, Kec. Tambaksari, Surabaya, Jawa Timur 60131', ' ', '2026-02-09', '2026-05-09', 'novarizmadhani10@gmail.com', 1, 1, 2, 11, 1, 9, 0, 1, 9, '2026-01-09'),
(1291, 947, 1, 'Saudi Airlines Surabaya', 'Intiland Tower, Jl. Panglima Sudirman No.101-103 Lantai 2 No 16A, Embong Kaliasin, Kec. Genteng, Surabaya, Jawa Timur 60271', ' ', '2026-02-09', '2026-05-09', 'novarizmadhani10@gmail.com', 1, 1, 2, 50, 1, 9, 0, 1, 9, '2026-01-09'),
(1292, 947, 1, 'Dinas Kebudayaan dan Pariwisata Kota Surabaya', 'Gedung Siola, Jl. Tunjungan No.1-3 lantai 2, Genteng, Surabaya, East Java 60275', ' ', '2026-02-09', '2026-05-09', 'novarizmadhani10@gmail.com', 1, 1, 2, 50, 1, 9, 0, 1, 9, '2026-01-09'),
(1293, 947, 1, 'Dairyland Farm Theme Park Prigen', 'Jl. Raya Prigen No.8, Plembon, Prigen, Kec. Prigen, Pasuruan, Jawa Timur 67157', ' ', '2026-02-09', '2026-05-09', 'novarizmadhani10@gmail.com', 1, 1, 2, 50, 1, 9, 0, 1, 9, '2026-01-09'),
(1294, 948, 4, 'Dinas Kebudayaan, Kepemudaan dan Olah Raga Serta Pariwisata Kota Surabaya ', 'Gedung Siola, Jl. Tunjungan No.1-3 lantai 2, Genteng, Surabaya, East Java 60275', ' ', '2026-01-12', '2026-04-13', '+62 856-4876-5269', 1, 1, 2, 98, 1, 5, 0, 1, 9, '2026-01-09'),
(1295, 951, 1, 'KPRI Dwijatama Jombang', 'Jl. Gubernur Suryo No.17, Jombatan, Kec. Jombang, Kabupaten Jombang, Jawa Timur 61419', ' ', '2026-01-01', '2026-03-25', '+62 812-3200-9283', 1, 1, 2, 75, 1, 2, 0, 1, 9, '2026-01-11'),
(1296, 951, 1, 'KPRI DWIJATAMA JOMBANG', 'Jl. Gubernur Suryo No.17, Jombatan, Kec. Jombang, Kabupaten Jombang, Jawa Timur 61419', ' ', '2026-01-01', '2026-03-25', '+62 856-3585-444', 1, 1, 2, 75, 1, 2, 0, 1, 9, '2026-01-11'),
(1297, 952, 1, 'Dinas Pemuda Olahraga Kebudayaan Dan Parawisata Kabupaten Mojokerto', 'Jl. Jayanegara No.4, Gatul, Banjaragung, Kec. Puri, Kabupaten Mojokerto, Jawa Timur 61363', ' ', '2026-02-09', '2026-06-09', '085645403163', 1, 1, 2, 46, 1, 9, 0, 1, 9, '2026-01-12'),
(1298, 735, 1, 'Bank BRI KC Surabaya Kertajaya ', 'Gedung The Samator Land, Jl. Raya Kedung Baruk No.28 No.25, Sukolilo Baru, Bulak, Surabaya, East Java 60136', ' ', '2026-02-02', '2026-05-08', '+62 856-3088-166', 3, 1, 2, 44, 1, 2, 0, 1, 9, '2026-01-12'),
(1299, 926, 1, 'Otoritas Jasa Keuangan (OJK) Provinsi Jawa Timur', 'Jl. Gubernur Suryo No. 28-30, Embong Kaliasin, Kec. Genteng, Surabaya, Jawa Timur', ' ', '2026-09-01', '2026-09-30', '081217708280', 1, 1, 2, 76, 1, 2, 0, 1, 9, '2026-01-12'),
(1300, 956, 1, 'Hotel Oakwood & Residence Surabaya', 'Jl. Raya Kertajaya Indah No.79, Surabaya Jawa Timur', ' ', '2026-02-02', '2026-05-29', '+62 812-3377-0111', 1, 1, 2, 143, 1, 9, 0, 1, 9, '2026-01-12'),
(1301, 954, 4, 'PT ARYAN PP PROPERTI (KIDZANIA SURABAYA)', 'Jl. Abdul Wahab Siamin Kav. 9-10, Lagoon Venue Mall, Grand Lagoon Sungkono, Kel. Dukuh Pakis, Surabaya, Jawa Timur', ' ', '2025-02-01', '2026-05-31', '081252050621', 1, 1, 2, 51, 1, 9, 0, 1, 9, '2026-01-12'),
(1302, 952, 4, 'PT ARYAN PP PROPERTI (KIDZANIA SURABAYA)', 'Jl. Abdul Wahab Siamin Kav. 9-10, Lagoon Venue Mall, Grand Lagoon Sungkono, Kel. Dukuh Pakis, Surabaya, Jawa Timur', ' ', '2026-02-01', '2026-05-31', '085645403163', 1, 1, 2, 46, 1, 9, 0, 1, 9, '2026-01-12'),
(1303, 958, 1, 'Dinas Kebudayaan dan Pariwisata Provinsi Jawa Timur', 'Jl. Wisata Menanggal, Dukuh Menanggal, Kec. Gayungan, Surabaya, Jawa Timur 60234', ' ', '2026-02-02', '2026-05-02', '085645403163', 1, 1, 2, 46, 1, 9, 0, 1, 9, '2026-01-13'),
(1304, 959, 1, 'Dairyland Farm Theme Park Prigen', 'Jl. Raya Prigen No.8, Plembon, Prigen, Kec. Prigen, Pasuruan, Jawa Timur', ' ', '2026-02-09', '2026-05-09', '0812-3377-0111', 1, 1, 2, 143, 1, 9, 0, 1, 9, '2026-01-13'),
(1305, 958, 3, 'Airlangga Global Travel', 'Jl. Dharmawangsa No.1, Airlangga, Kec. Gubeng, Surabaya, Jawa Timur 60286', ' ', '2026-02-02', '2026-05-04', '085645403163', 1, 1, 2, 46, 1, 9, 0, 1, 9, '2026-01-13'),
(1306, 921, 1, 'Dinas Kebudayaan, Kepemudaan dan Olahraga serta Pariwisata Kota Surabaya', 'Disbudpar sby  Gedung Siola, Jl. Tunjungan No.1-3 lantai 2, Genteng, Surabaya', ' ', '2026-02-09', '2026-05-31', '+62 813-3512-2137', 1, 1, 2, 96, 1, 9, 0, 1, 9, '2026-01-13'),
(1307, 947, 1, 'PT Angkasa Pura Indonesia', 'Gedung Perkantoran, Bandar Udara Internasional Yogyakarta Palihan, Temon, Kulon Progo, Daerah Istimewa Yogyakarta, 55654, Indonesia', ' ', '2026-02-09', '2026-05-09', '089503968866', 1, 1, 2, 50, 1, 9, 0, 1, 9, '2026-01-13'),
(1309, 963, 4, 'Otoritas Jasa Keuangan', 'Jl. Gubernur Suryo No. 28-30, Surabaya', ' ', '2026-02-02', '2026-02-27', '085274933468', 1, 1, 2, 144, 1, 2, 0, 1, 9, '2026-01-13'),
(1310, 964, 1, 'Saudia Airlines', 'Intiland Tower, Jl. Panglima Sudirman No.101-103 Lantai 2 No 16A, Embong Kaliasin, Kec. Genteng, Surabaya, Jawa Timur 60271', ' ', '2026-01-25', '2026-04-25', '+6281335122137', 1, 1, 2, 96, 1, 9, 0, 1, 9, '2026-01-13'),
(1311, 961, 1, 'Dinas Pemuda, Olahraga, Pariwisata Kabupaten Sidoarjo', 'Jl. Sultan Agung No.34, Gajah Timur, Magersari, Kec. Sidoarjo, Kabupaten Sidoarjo, Jawa Timur 61212', ' ', '2026-02-25', '2026-05-25', '085645403163', 1, 1, 2, 46, 1, 9, 0, 1, 9, '2026-01-13'),
(1312, 964, 1, 'DINAS KEPEMUDAAN OLAHRAGA DAN PARIWISATA KABUPATEN SIDOARJO', 'Jl. Sultan Agung No.34, Gajah Timur, Magersari, Kec. Sidoarjo, Kabupaten Sidoarjo, Jawa Timur 61212', ' ', '2026-01-25', '2026-05-25', '+62 813-3512-2137', 1, 1, 2, 96, 1, 9, 0, 1, 9, '2026-01-13'),
(1313, 961, 1, 'Dinas Kebudayaan dan Pariwisata Provinsi Jawa Timur', 'Jl. Wisata Menanggal, Dukuh Menanggal, Kec. Gayungan, Surabaya, Jawa Timur 60234', ' ', '2026-02-01', '2026-06-01', '085645403163', 1, 1, 2, 46, 1, 9, 0, 1, 9, '2026-01-13'),
(1314, 964, 1, 'Tunjungan Plaza Management', 'Tunjungan plaza, Jl. Jenderal Basuki Rachmat No.8-12 lantai 5, Kedungdoro, Kec. Tegalsari, Surabaya, Jawa Timur 60261', ' ', '2026-01-25', '2026-05-25', '+6281335122137', 1, 1, 1, 96, 1, 9, 0, 1, 9, '2026-01-13'),
(1315, 961, 1, 'Saudia Airlines - Indonesia', 'Intiland Tower, Jl. Panglima Sudirman No.101-103 Lantai 2 No 16A, Embong Kaliasin, Kec. Genteng, Surabaya, Jawa Timur 60271', ' ', '2026-02-01', '2026-06-01', '085645403163', 1, 1, 2, 46, 1, 9, 0, 1, 9, '2026-01-13'),
(1316, 964, 1, 'SINGAPORE AIRLINES', 'Menara Mandiri, 10th Floor Jl. Basuki Rakhmat No. 8-12 Surabaya 60261 Indonesia', ' ', '2026-01-25', '2026-05-25', '+6281335122137', 1, 1, 2, 96, 1, 9, 0, 1, 9, '2026-01-13'),
(1317, 961, 1, 'Shangri-La Hotel Surabaya', 'Jl. Mayjen Sungkono No.120, Pakis, Kec. Sawahan, Surabaya, Jawa Timur 60256', ' ', '2026-01-25', '2026-05-25', '085645403163', 1, 1, 2, 46, 1, 9, 0, 1, 9, '2026-01-13'),
(1318, 964, 1, 'Royal Brunei Airways', 'General Sales Agent (GSA) Indonesia PT. Deks Aviation Internusa Wisma BII, 6th Floor, Suite 606 Jl. Pemuda No. 60-70 Surabaya 60271', ' ', '2026-01-25', '2026-05-25', '+6281335122137', 1, 1, 2, 96, 1, 9, 0, 1, 9, '2026-01-13'),
(1319, 961, 1, 'Vasa Hotel Surabaya ', 'Jl. Mayjen HR. Muhammad No.31, Putat Gede, Kec. Sukomanunggal, Surabaya, Jawa Timur 60189', ' ', '2026-01-25', '2026-07-25', '085645403163', 1, 1, 2, 46, 1, 9, 0, 1, 9, '2026-01-13'),
(1320, 961, 1, 'Dinas Kebudayaan, Kepemudaan dan Olahraga serta Pariwisata Kota Surabaya', 'Gedung Siola, Jl. Tunjungan No.1-3 lantai 2, Genteng, Surabaya, East Java 60275', ' ', '2026-02-01', '2026-06-01', '085645403163', 1, 1, 2, 46, 1, 9, 0, 1, 9, '2026-01-13'),
(1321, 967, 1, 'Shafira Tour & Travel', 'Excotel Design Hotel, Jl. Ahmad Yani No.119 Lantai 5, Jemur Wonosari, Kec. Wonocolo, Surabaya, Jawa Timur 60237', ' ', '2026-02-09', '2026-05-31', '081392551398', 1, 1, 2, 138, 1, 9, 0, 1, 9, '2026-01-14'),
(1322, 967, 1, 'Shafira Tour & Travel', 'Excotel Design Hotel, Jl. Ahmad Yani No.119 Lantai 5, Jemur Wonosari, Kec. Wonocolo, Surabaya, Jawa Timur 60237', ' ', '2026-02-09', '2026-05-31', '081392551398', 1, 1, 2, 138, 1, 9, 0, 1, 9, '2026-01-14'),
(1323, 919, 1, 'PT Petrokimia Gresik', 'Jl. Jend. Ahmad Yani, Gresik 61119, Jawa Timur', ' ', '2026-02-01', '2026-07-01', '+62 856-4540-3163', 1, 1, 2, 46, 1, 9, 0, 1, 9, '2026-01-14'),
(1324, 968, 3, 'PT. Airlangga Global Travelling', 'Jl. Dharmawangsa No.1, Airlangga, Kec. Gubeng, Surabaya, Jawa Timur 60286', ' ', '2026-02-01', '2026-05-01', '085645403163', 1, 1, 2, 46, 1, 9, 0, 1, 9, '2026-01-14'),
(1325, 975, 1, 'Wisata Edukasi Taruya SMP Taruna Jaya I Surabaya', 'Jl. Kedinding Tengah Sekolahan No.40, Tanah Kali Kedinding, Kec. Kenjeran, Surabaya, Jawa Timur, 60129.', ' ', '2026-02-09', '2026-05-08', '08113636151', 1, 1, 2, 51, 1, 9, 0, 1, 9, '2026-01-14'),
(1326, 960, 1, 'PT. KERETA API INDONESIA (PERSERO) DAERAH OPERASIONAL 8 SURABAYA', 'Jl. Stasiun Gubeng, Pacar Keling, Kec. Tambaksari,   Surabaya, Jawa Timur 60131', ' ', '2026-02-01', '2026-05-31', 'ranupanji45@gmail.com', 1, 1, 2, 50, 1, 9, 0, 1, 9, '2026-01-15'),
(1328, 962, 4, 'Otoritas Jasa Keuangan Provinsi Jawa Timur', 'Jl. Gubernur Suryo No. 28-30, Surabaya', ' ', '2026-02-02', '2026-02-27', '085274933468', 1, 2, 2, 144, 2, 2, 0, 1, 9, '2026-01-15'),
(1329, 963, 4, 'Otoritas Jasa Keuangan Provinsi Jawa Timur', 'Jl. Gubernur Suryo 28-30, Surabaya', ' ', '2026-02-02', '2026-02-27', '085274933468', 1, 2, 2, 144, 2, 2, 0, 1, 9, '2026-01-15'),
(1330, 965, 3, 'Kantor Pelayanan & Informasi Resmi Mahkota Medical Centre, Surabaya', 'Jl. Barata Jaya XIX No.31C, Baratajaya, Kec. Gubeng, Surabaya, Jawa Timur 60284', ' ', '2026-02-09', '2026-06-09', '081233770111', 1, 1, 1, 143, 1, 9, 0, 1, 9, '2026-01-15'),
(1331, 980, 4, 'Otoritas Jasa Keuangan Provinsi Jawa Timur', 'Jl. Gubernur Suryo No. 28-30, Surabaya', ' ', '2026-02-02', '2026-02-27', '085274933468', 1, 2, 2, 144, 2, 2, 0, 1, 9, '2026-01-15'),
(1332, 782, 1, 'Bank Jatim', 'Jl. Ahmad Yani No.29, Rw1, Sidokumpul, Kec. Sidoarjo, Kabupaten Sidoarjo, Jawa Timur 61212', ' ', '2026-01-19', '2026-04-20', '08563585444', 1, 1, 2, 142, 1, 2, 0, 1, 9, '2026-01-15'),
(1333, 936, 1, 'PT Ayuberga', 'Intiland Tower, Jl. Panglima Sudirman no. 101-103', ' ', '2026-02-02', '2026-05-29', 'novianto-edi@vokasi.unair.ac.id', 1, 1, 2, 143, 1, 9, 0, 1, 9, '2026-01-15'),
(1334, 940, 1, 'PT Metra Digital Media', 'Telkom Landmark Tower, 18th floor, Jl. Gatot Subroto, Kav. 52, DKI Jakarta', ' ', '2026-01-19', '2026-05-19', 'novianto-edi@vokasi.unair.ac.id', 1, 1, 2, 143, 1, 9, 0, 1, 9, '2026-01-15'),
(1335, 981, 1, 'Otoritas Jasa Keuangan (OJK) Provinsi Jawa Timur', 'Jl. Gubernur Suryo No. 20-30, Surabaya, Indonesia 60271', ' ', '2026-08-01', '2026-08-31', 'gagas.gayuh.aji@vokasi.unair.ac.id', 1, 2, 2, 73, 2, 4, 0, 1, 9, '2026-01-19'),
(1336, 982, 1, 'Otoritas Jasa Keuangan (OJK) Provinsi Jawa Timur', 'Jl. Gubernur Suryo No. 20-30, Surabaya, Jawa Timur', ' ', '2026-08-01', '2026-08-31', 'gagas.gayuh.aji@vokasi.unair.ac.id', 1, 2, 2, 73, 2, 4, 0, 1, 9, '2026-01-19'),
(1337, 983, 1, 'Otoritas Jasa Keuangan (OJK) Provinsi Jawa Timur', 'Jl. Gubernur Suryo No. 28-30, Surabaya, Indonesia 60271', ' ', '2026-08-01', '2026-08-31', 'gagas.gayuh.aji@vokasi.unair.ac.id', 1, 2, 2, 73, 2, 4, 0, 1, 9, '2026-01-19'),
(1338, 985, 1, 'PERUMDA Air Minum Surya Sembada Kota Surabaya', 'Jl. Prof. DR. Moestopo No.2, Pacar Keling, Kec. Tambaksari, Surabaya, Jawa Timur 60131', ' ', '2026-02-09', '2026-05-09', '082140941611', 1, 1, 2, 108, 1, 7, 0, 1, 9, '2026-01-19'),
(1339, 991, 1, 'PT. Griyo Mapan Santoso', 'Jl. M. Jasin Polisi Istimewa No. 30, Surabaya 60265', ' ', '2026-02-02', '2026-05-01', '0823-3203-7840', 1, 1, 2, 97, 1, 7, 0, 1, 9, '2026-01-19'),
(1340, 989, 3, 'PT. PG Candi Baru', 'Jl. Raya Candi No.10, Candi Jaya, Candi, Kec. Sidoarjo, Kabupaten Sidoarjo, Jawa Timur 61271', ' ', '2026-02-09', '2026-05-29', '081392257890', 1, 1, 2, 91, 1, 7, 0, 1, 9, '2026-01-20'),
(1341, 969, 4, 'SDN Kloposepuluh 1', 'Jl. Raya Klopo Sepuluh No.335, RT.10/RW.02, Area Sawah, Kloposepuluh, Kec. Sukodono, Kabupaten Sidoarjo, Jawa Timur 61258', ' ', '2026-01-26', '2026-03-26', '0812-3333-4085', 3, 1, 2, 16, 1, 5, 0, 1, 9, '2026-01-20'),
(1342, 969, 4, 'SDN Kloposepuluh 1', 'Jl. Raya Klopo Sepuluh No.335, RT.10/RW.02, Area Sawah, Kloposepuluh, Kec. Sukodono, Kabupaten Sidoarjo, Jawa Timur 61258', ' ', '2026-01-26', '2026-03-26', '0812-3333-4085', 3, 1, 2, 16, 1, 5, 0, 1, 9, '2026-01-20'),
(1343, 885, 1, 'PT. Pertamina Gas Negara', 'Jl. Pemuda No.56-58, Embong Kaliasin, Kec. Genteng, Surabaya, Jawa Timur 60271', ' ', '2026-02-02', '2026-05-04', '+62 856-3585-444', 1, 2, 2, 142, 2, 2, 0, 1, 9, '2026-01-20'),
(1344, 995, 1, 'PT. Kereta Api Indonesia (persero) DAOP 8 SURABAYA', 'Jl. Gubeng Masjid No.39, Pacar Keling, Kec. Tambakasri, Surabaya', ' ', '2026-02-02', '2026-05-30', '081233770111', 1, 1, 2, 143, 1, 9, 0, 1, 9, '2026-01-20'),
(1345, 995, 1, 'PT. Pelabuhan Indonesia (PELINDO) REGIONAL III', 'Jl. Perak Barat No.478, Perak Utara, Kec. Pabean Cantikan, Surabaya', ' ', '2026-02-02', '2026-05-30', '081233770111', 1, 1, 2, 143, 1, 9, 0, 1, 9, '2026-01-20'),
(1346, 946, 1, 'Radio Republik Indonesia (RRI) Surabaya', 'Jl. Pemuda No.82-90 Kota Surabaya', ' ', '2026-02-02', '2026-05-31', '081392551398', 1, 1, 2, 138, 1, 9, 0, 1, 9, '2026-01-20'),
(1347, 996, 1, 'Antavaya', 'Jl. Bengawan No.51, Darmo, Kec. Wonokromo, Surabaya, Jawa Timur 60241', ' ', '2026-02-02', '2026-05-31', '081231431738', 1, 1, 2, 50, 1, 9, 0, 1, 9, '2026-01-20'),
(1348, 931, 1, 'Batu Love Garden (BALOGA)', 'Jl. Raya Pandanrejo No.91, Pandanrejo, Kec. Bumiaji, Kota Batu, Jawa Timur 65332', ' ', '2026-02-01', '2026-05-31', '0813-3512-2137', 1, 1, 2, 96, 1, 9, 0, 1, 9, '2026-01-20'),
(1349, 998, 4, 'Dinas Pariwisata dan Ekonomi Kreatif Kebudayaan Kepemudaan dan Olah Raga Kabupaten Gresik', 'Jl. Dr. Wahidin Sudiro Husodo No.127, Kebomas, Randuagung, Gresik, Jawa Timur', ' ', '2026-02-02', '2026-05-31', '+62 856-4540-3163', 1, 1, 2, 46, 1, 9, 0, 1, 9, '2026-01-20'),
(1350, 999, 1, 'Radio Republik Indonesia (RRI) Surabaya ', 'Jl. Pemuda No. 82-90 Surabaya', ' ', '2026-02-02', '2026-05-31', '085645403163', 1, 1, 2, 46, 1, 9, 0, 1, 9, '2026-01-20'),
(1351, 994, 1, 'PT.Surya Multi Cemerlang,Tbk.', 'Jl.Raya Semambung No.296, Semambung Lor, Semambung , kec. Wonoayu, kabupaten Sidoarjo, Jawa Timur 61261', ' ', '2026-02-02', '2026-04-25', '082140941611', 1, 1, 2, 108, 1, 7, 0, 1, 9, '2026-01-20'),
(1352, 1000, 3, 'PT. Petrogas', 'Gedung Medan Pemuda Jl. Pemuda No.6, Embong Kaliasin, Kec. Genteng, Surabaya, Jawa Timur 60271', ' ', '2026-02-09', '2026-05-09', '0823-3203-7840', 1, 1, 2, 97, 1, 7, 0, 1, 9, '2026-01-20');
INSERT INTO `data_pkl` (`ID_DATA_PKL`, `ID_PEGAWAI`, `ID_TUJUAN`, `NAMA_PERUSAHAAN`, `ALAMAT_PERUSAHAAN`, `KOTA`, `TGL_MULAI`, `TGL_BERAKHIR`, `EMAIL_TLP`, `RESPONS`, `VALUE_DATA`, `ID_DEPARTEMEN`, `ID_NAMA_DOSEN`, `JENIS_MAGANG`, `ID_PRODI`, `TYPE`, `ID_SEMESTER`, `ID_TAHUN_AKD`, `TANGGAL_MHS_INPUT`) VALUES
(1353, 1001, 1, 'PT Nusa Palapa Gemilang', 'Grha Atmaja, Jl. Raya Jemursari No.15, Jemur Wonosari, Kec. Wonocolo, Surabaya, Jawa Timur 60237', ' ', '2026-02-09', '2026-05-09', '082143399476', 1, 2, 2, 25, 2, 7, 0, 1, 9, '2026-01-20'),
(1354, 988, 1, 'Polda jatim Surabaya', 'Jl. Ahmad Yani No.116, Gayungan, Kec. Wonocolo, Surabaya, Jawa Timur 60231', ' ', '2026-02-09', '2026-03-09', '+62 813-3265-1283', 1, 1, 2, 119, 1, 7, 0, 1, 9, '2026-01-20'),
(1355, 988, 1, 'Polda jatim Surabaya', 'Jl. Ahmad Yani No.116, Gayungan, Kec. Wonocolo, Surabaya, Jawa Timur 60231', ' ', '2026-01-09', '2026-03-09', '+62 813-3265-1283', 1, 1, 2, 119, 1, 7, 0, 1, 9, '2026-01-20'),
(1356, 1001, 1, 'PT Nusa Palapa Gemilang', 'Grha Atmaja, Jl. Raya Jemursari No.15, Jemur Wonosari, Kec. Wonocolo, Surabaya, Jawa Timur 60237', ' ', '2026-02-09', '2026-05-09', '082143399476', 1, 1, 2, 25, 1, 7, 0, 1, 9, '2026-01-20'),
(1357, 990, 1, 'Kingdom Consulting Group', 'Jl. Kalianyar No.72-74, Kapasari, Kec. Genteng, Surabaya, Jawa Timur 60273', ' ', '2026-01-20', '2026-05-20', '087770964302', 1, 1, 2, 116, 1, 3, 0, 1, 9, '2026-01-20'),
(1358, 1002, 4, 'Badan Pendapatan Daerah', 'Jl. jimerto 25-27 Lt.I-II Ketabang , Kec Genteng, Surabaya Jawa Timur', ' ', '2026-02-02', '2026-05-30', '081359684938', 1, 1, 2, 139, 1, 10, 0, 1, 9, '2026-01-21'),
(1359, 944, 4, 'Museum Sonobudoyo Yogyakarta', 'Museum Sonobudoyo Unit 2, Jl. Trikora/Pangurakan No.6 ', ' ', '2026-02-09', '2026-06-09', '081230842148', 1, 1, 2, 50, 1, 9, 0, 1, 9, '2026-01-21'),
(1360, 1004, 3, 'Otoritas Jasa Keuangan (OJK)', 'Jl. Gubernur Suryo No. 28-30, Embong Kaliasin, Kec. Genteng, Surabaya, Jawa Timur 60174', ' ', '2026-03-02', '2026-06-02', 'phima_ruthia@vokasi.unair.ac.id/+62 821-4094-1611', 1, 1, 2, 108, 1, 7, 0, 1, 9, '2026-01-21'),
(1361, 1003, 3, 'Otoritas Jasa Keuangan (OJK)', 'Jl. Gubernur Suryo No. 28-30, Embong Kaliasin, Kec. Genteng, Surabaya, Jawa Timur 60174', ' ', '2026-03-02', '2026-06-02', 'phima_ruthia@vokasi.unair.ac.id / +62 821-4094-1611 ', 1, 1, 2, 108, 1, 7, 0, 1, 9, '2026-01-21'),
(1362, 1006, 1, 'Telkom Landmark Tower Surabaya ', 'Jl. Dr. Ir. H. Soekarno No.175, Surabaya, Jawa Timur 60116', ' ', '2026-02-05', '2026-06-05', '081392257890', 1, 1, 2, 91, 1, 7, 0, 1, 9, '2026-01-21'),
(1363, 1000, 1, 'PT. PERTAMINA GAS NEGARA ', 'Jl. Pemuda No.56-58, Embong Kaliasin, Kec. Genteng, Surabaya, Jawa Timur 60271', ' ', '2026-02-09', '2026-06-09', '0823-3203-7840', 1, 2, 2, 97, 2, 7, 0, 1, 9, '2026-01-21'),
(1364, 1008, 1, 'Pertamina Gas Negara (PGN)', 'Jl. Pemuda No.56-58, Embong Kaliasin, Kec. Genteng, Surabaya, Jawa Timur 60271', ' ', '2026-02-09', '2026-05-08', '‪+62 821‑4094‑1611‬', 1, 1, 2, 108, 1, 7, 0, 1, 9, '2026-01-21'),
(1365, 1007, 1, 'PT Angkasa Pura Indonesia', 'Gedung Perkantoran, Bandar Udara Internasional Yogyakarta Palihan, temon, Kulon Progo, Daerah Istimewa Yogyakarta', ' ', '2026-02-09', '2026-05-08', '087851952590', 1, 1, 2, 25, 1, 7, 0, 1, 9, '2026-01-21'),
(1366, 1013, 1, 'PT PLN (Persero) Pusdiklat UPDL Surabaya', 'Jl. Raya Jemursari No.185, Kendangsari, Kec. Tenggilis Mejoyo, Surabaya, Jawa Timur 60237', ' ', '2026-02-09', '2026-04-20', '082332037840', 1, 1, 2, 97, 1, 7, 0, 1, 9, '2026-01-22'),
(1367, 1015, 1, 'PT. Pertamina Gas Negara', 'Jl. Pemuda No.56-58, Embong Kaliasin, Kec. Genteng, Surabaya, Jawa Timur 60271', ' ', '2026-02-02', '2026-05-04', '08563585444', 1, 2, 2, 142, 2, 2, 0, 1, 9, '2026-01-22'),
(1368, 1014, 1, 'PT AN NAMIROH', 'Jln Gajah Mada No. 10/3., Menanggal, Kecamatan Mojosari, Kab. Mojokerto Jawa Timur 61382', ' ', '2026-02-09', '2026-05-09', '+62 811-3636-151', 1, 1, 2, 51, 1, 9, 0, 1, 9, '2026-01-22'),
(1369, 1017, 1, 'PT. Angkasa Pura Indonesia', 'Gedung Perkantoran, Bandar Udara Internasional Yogyakarta Palihan, temon, Kulon Progo, Daerah Istimewa Yogyakarta, 55654, Indonesia', ' ', '2026-02-01', '2026-06-01', '‪+62 813‑9255‑1398‬', 1, 1, 4, 138, 1, 9, 0, 1, 9, '2026-01-22'),
(1370, 744, 1, 'Bank Mandiri Area Surabaya Pemuda ', 'Jl. Pemuda No. 27-31, Embong Kaliasin Surabaya 60271', ' ', '2026-02-23', '2026-07-23', '0811330769', 1, 2, 2, 37, 2, 2, 0, 1, 9, '2026-01-22'),
(1371, 1018, 1, 'Bank Mandiri Area Surabaya Pemuda', 'Jl Pemuda No. 27-31, Embong Kaliasin Surabaya 60271', ' ', '2026-02-23', '2026-07-23', '082226023519', 1, 2, 2, 78, 2, 2, 0, 1, 9, '2026-01-22'),
(1372, 1019, 1, 'Bank Mandiri Area Surabaya Pemuda', 'Jl Pemuda No. 27-31, Embong Kaliasin Surabaya 60271', ' ', '2026-02-23', '2026-07-23', '0811330769', 1, 2, 2, 37, 2, 2, 0, 1, 9, '2026-01-22'),
(1373, 985, 1, 'PT Perusahaan Gas Negara, Tbk. - Sales and Operation Region III', 'Jl. Pemuda No.56-58, Embong Kaliasin, Kec. Genteng, Surabaya, Jawa Timur', ' ', '2026-02-09', '2026-05-09', '082140941611', 3, 1, 2, 108, 1, 7, 0, 1, 9, '2026-01-23'),
(1375, 1020, 1, 'PT. ASIAMAS TEKNOLOGI GROSIRIA', 'JL. EMBONG TRENGULI No. 22, EMBONG KALIASIN, KEC. GENTENG, SURABAYA, JAWATIMUR', ' ', '2026-01-20', '2026-04-27', '082276767630', 1, 1, 2, 91, 1, 7, 0, 1, 9, '2026-01-23'),
(1376, 950, 1, 'LAZIS Al Haromain', 'Jl. Ketintang Madya I No.6C, Ketintang, Kec. Gayungan, Surabaya', ' ', '2026-01-22', '2026-04-22', '081233334085', 1, 1, 2, 16, 1, 5, 0, 1, 9, '2026-01-23'),
(1377, 950, 1, 'LAZIS Al Haromain', 'Jl. Ketintang Madya I No.6C, Ketintang, Kec. Gayungan, Surabaya', ' ', '2026-01-22', '2026-04-22', '081233334085', 1, 1, 2, 16, 1, 5, 0, 1, 9, '2026-01-23'),
(1378, 1021, 1, 'HOTEL SHERATON', 'Jl. Embong Malang No.25-31, Kedungdoro, Kec. Tegalsari, Surabaya, Jawa Timur 60261', ' ', '2026-02-01', '2026-06-01', '+6281335122137', 3, 1, 1, 96, 1, 9, 0, 1, 9, '2026-01-23'),
(1379, 1022, 1, 'PT. PERTAMINA GAS NEGARA ', 'Jl. Pemuda No.56-58, Embong Kaliasin, Kec. Genteng, Surabaya, Jawa Timur 60271', ' ', '2026-02-09', '2026-06-09', '+62 813-9225-7890', 3, 1, 2, 91, 1, 7, 0, 1, 9, '2026-01-23'),
(1381, 1023, 3, 'Pt. Perusahaan Gas Negara', 'Jl. Pemuda No.56-58, Embong Kaliasin, Kec. Genteng, Surabaya, Jawa Timur 60271', ' ', '2026-02-09', '2026-05-11', '081332651283', 1, 1, 2, 119, 1, 7, 0, 1, 9, '2026-01-23'),
(1383, 1026, 1, 'PT. ExxonMobil Indonesia', 'Menara Mulia, Jl. Jend. Gatot Subroto Kav. 9-11, Jakarta Selatan 12930', ' ', '2026-02-23', '2026-02-23', '081332651283', 1, 1, 2, 119, 1, 7, 0, 1, 9, '2026-01-24'),
(1384, 1027, 1, 'Pertamina Gas Negara, Tbk. PT.', 'Perusahaan GPerusahaan Gas Negara, Tbk. PT.Perusahaan Gas Negara, Tbk. PT.Perusahaan Gas Negara, Tbk. PT.Perusahaan Gas Negara, Tbk. PT.Perusahaan Gas Negara, Tbk. PT.Perusahaan Gas Negara, Tbk. PT.Perusahaan Gas Negara, Tbk. PT.Perusahaan Gas Negara', ' ', '2026-07-06', '2026-09-25', 'phima_ruthia@vokasi.unair.ac.id / 082140941611', 3, 1, 2, 108, 1, 7, 0, 1, 9, '2026-01-26'),
(1385, 1028, 1, 'Perusahaan Gas Negara, Tbk. ', 'Perusahaan Gas Negara, Tbk. PT., Jl. Pemuda No.56-58, Embong Kaliasin, Kec. Genteng, Surabaya, Jawa Timur 60271', ' ', '2026-07-06', '2026-09-25', 'phima_ruthia@vokasi.unair.ac.id / 082140941611', 1, 2, 2, 108, 2, 7, 0, 1, 9, '2026-01-26'),
(1386, 1030, 1, 'PT. Indo Bismar, Surabaya', 'Jl. Bendul Merisi Selatan XI No.59-61, Bendul Merisi, Kec. Wonocolo, Surabaya, Jawa Timur 60239', ' ', '2026-02-02', '2026-05-02', '082140941611', 0, 1, 2, 108, 1, 7, 0, 1, 9, '2026-01-26'),
(1387, 1031, 1, 'Balai Pemberdayaan Industri Persepatuan Indonesia (BPIPI) ', 'JI. Raya Wilayut, Area Sawah/Kebun, Wilayut, Kec. Sukodono, Kabupaten Sidoarjo, Jawa Timur', ' ', '2026-02-02', '2026-05-02', '0823-1208-6730', 1, 1, 2, 25, 1, 7, 0, 1, 9, '2026-01-26'),
(1388, 1030, 1, 'Balai Pemberdayaan Industri Persepatuan Indonesia (BPIPI)', 'Jl. Wilayut, Area Sawah/Kebun, Wilayut, Kec. Sukodono, Kab. Sidoarjo, Jawa Timur 61258', ' ', '2026-02-02', '2026-05-02', '082140941611', 0, 1, 2, 108, 1, 7, 0, 1, 9, '2026-01-26');

-- --------------------------------------------------------

--
-- Struktur dari tabel `data_prodi`
--

CREATE TABLE `data_prodi` (
  `ID_PRODI` int(11) NOT NULL,
  `NAMA_PRODI` varchar(50) NOT NULL,
  `ID_DEPARTEMEN` int(11) NOT NULL
) ENGINE=InnoDB DEFAULT CHARSET=utf8mb4 COLLATE=utf8mb4_general_ci ROW_FORMAT=DYNAMIC;

--
-- Dumping data untuk tabel `data_prodi`
--

INSERT INTO `data_prodi` (`ID_PRODI`, `NAMA_PRODI`, `ID_DEPARTEMEN`) VALUES
(1, 'Fakultas', 4),
(2, 'D-IV Perbankan dan Keuangan', 2),
(3, 'D-III Perpajakan', 2),
(4, 'D-IV Manajemen Perkantoran Digital', 2),
(5, 'D-III Bahasa Inggris', 2),
(6, 'D-III Perpustakaan', 3),
(7, 'D-IV Manajemen Pemasaran Digital', 2),
(8, 'D-IV Manajemen Perhotelan', 2),
(9, 'D-IV Destinasi Pariwisata', 2),
(10, 'D-III Akuntansi', 2),
(11, 'D-III Keselamatan dan Kesehatan Kerja', 1),
(12, 'D-III Sistem Informasi', 3),
(15, 'Departemen', 1),
(16, 'D-III Paramedik Veteriner\r\n', 1),
(17, 'D-III Teknik Gigi\r\n', 1),
(18, 'D-IV Fisioterapi\r\n', 1),
(19, 'D-IV Keselamatan dan Kesehatan Kerja\r\n', 1),
(20, 'D-III Keperawatan\r\n', 1),
(21, 'D-IV Pengobat Tradisional\r\n', 1),
(22, 'D-IV Teknik Informatika\r\n', 1),
(23, 'D-IV Teknologi Laboratorium Medik\r\n', 1),
(24, 'D-IV Teknologi Radiologi Pencitraan\r\n', 1),
(25, 'D-IV Teknologi Rekayasa Instrumentasi dan Kontrol', 3);

-- --------------------------------------------------------

--
-- Struktur dari tabel `departemen`
--

CREATE TABLE `departemen` (
  `ID_DEPARTEMEN` int(11) NOT NULL,
  `NAMA_DEPARTEMEN` varchar(100) NOT NULL
) ENGINE=InnoDB DEFAULT CHARSET=utf8mb4 COLLATE=utf8mb4_general_ci ROW_FORMAT=DYNAMIC;

--
-- Dumping data untuk tabel `departemen`
--

INSERT INTO `departemen` (`ID_DEPARTEMEN`, `NAMA_DEPARTEMEN`) VALUES
(1, 'Departemen Kesehatan'),
(2, 'Departemen Bisnis'),
(3, 'Departemen Teknik'),
(4, 'Semua Departemen');

-- --------------------------------------------------------

--
-- Struktur dari tabel `has_log_pass`
--

CREATE TABLE `has_log_pass` (
  `ID_HASH` int(11) NOT NULL,
  `HASH_LOG` varchar(150) NOT NULL,
  `LOGIN_USER` varchar(50) NOT NULL
) ENGINE=InnoDB DEFAULT CHARSET=utf8mb4 COLLATE=utf8mb4_general_ci ROW_FORMAT=DYNAMIC;

--
-- Dumping data untuk tabel `has_log_pass`
--

INSERT INTO `has_log_pass` (`ID_HASH`, `HASH_LOG`, `LOGIN_USER`) VALUES
(1, '$2y$10$Iq0iYAqWAWvePuk3DyeShuz8wY0VpbJOV5vMA52wkW.rArtjaSYd.', 'dimas');

-- --------------------------------------------------------

--
-- Struktur dari tabel `informasi`
--

CREATE TABLE `informasi` (
  `ID_INFORMASI` int(11) NOT NULL,
  `JUDUL` varchar(250) NOT NULL,
  `INFORMASI` varchar(1500) NOT NULL,
  `TANGGAL` date NOT NULL,
  `PENULIS` varchar(11) NOT NULL
) ENGINE=InnoDB DEFAULT CHARSET=utf8mb4 COLLATE=utf8mb4_general_ci ROW_FORMAT=DYNAMIC;

--
-- Dumping data untuk tabel `informasi`
--

INSERT INTO `informasi` (`ID_INFORMASI`, `JUDUL`, `INFORMASI`, `TANGGAL`, `PENULIS`) VALUES
(2, 'SELAMAT DATANG', 'Selamat Datang Di SIMLIB_V2 \r\n\r\nThis is Independent Application Not For Airlangga University, Vocational Faculty and some people who would\'n increase in technology.\r\n\r\nAnnonymous Indonesia ---- Indonesian Cyber Army', '2023-11-23', 'gembos'),
(3, 'Check data Maganf', 'Mohon maaf untuk data pengajuan mohon untuk diperhatikan lebih lanjut', '2025-11-25', 'Gembos');

-- --------------------------------------------------------

--
-- Struktur dari tabel `jenis_sk`
--

CREATE TABLE `jenis_sk` (
  `ID_JENIS_SK` int(11) NOT NULL,
  `JENIS_SK` varchar(100) NOT NULL
) ENGINE=InnoDB DEFAULT CHARSET=utf8mb4 COLLATE=utf8mb4_general_ci ROW_FORMAT=DYNAMIC;

--
-- Dumping data untuk tabel `jenis_sk`
--

INSERT INTO `jenis_sk` (`ID_JENIS_SK`, `JENIS_SK`) VALUES
(1, 'SK_MENGAJAR'),
(2, 'SK_DOSEN_WALI'),
(3, 'SK_DOSEN_PJMK'),
(4, 'SK_PEMBIMBING_TA'),
(5, 'SK_PEMBIMBING_MAGANG'),
(6, 'PLOTING_JADWAL'),
(7, 'BERKAS_MBKM'),
(8, 'PENGAMBILAN_DATA'),
(9, 'UNDUR_DIRI'),
(10, 'CUTI'),
(11, 'BEBAN_MENGAJAR'),
(12, 'SERTIFIKAT_PEGAWAI'),
(13, 'PERSURATAN'),
(14, 'JADWAL KULIAH');

-- --------------------------------------------------------

--
-- Struktur dari tabel `jenis_surat`
--

CREATE TABLE `jenis_surat` (
  `ID_JENIS_SURAT` int(11) NOT NULL,
  `JENIS_SURAT` varchar(50) NOT NULL
) ENGINE=InnoDB DEFAULT CHARSET=utf8mb4 COLLATE=utf8mb4_general_ci ROW_FORMAT=DYNAMIC;

--
-- Dumping data untuk tabel `jenis_surat`
--

INSERT INTO `jenis_surat` (`ID_JENIS_SURAT`, `JENIS_SURAT`) VALUES
(1, 'SURAT AKADEMIK'),
(2, 'SURAT KEPEGAWAIAN'),
(3, 'SURAT KEMAHASISWAAN'),
(4, 'SURAT HUBUNGAN KELUAR'),
(5, 'SURAT PERMINTAAN'),
(6, 'SURAT KEUANGAN');

-- --------------------------------------------------------

--
-- Struktur dari tabel `kaprodi`
--

CREATE TABLE `kaprodi` (
  `ID_KAPRODI` int(11) NOT NULL,
  `ID_PRODI` int(11) NOT NULL,
  `NAMA_KAPRODI` varchar(200) NOT NULL,
  `NIP_KAPRODI` varchar(25) NOT NULL
) ENGINE=InnoDB DEFAULT CHARSET=utf8mb4 COLLATE=utf8mb4_general_ci;

--
-- Dumping data untuk tabel `kaprodi`
--

INSERT INTO `kaprodi` (`ID_KAPRODI`, `ID_PRODI`, `NAMA_KAPRODI`, `NIP_KAPRODI`) VALUES
(1, 2, 'Yossy Imam Candika, SE.,M.SM.', '199011302016033101'),
(2, 3, 'Bani Alkausar, S.Pn., M.S.A.', '199209182019031008'),
(3, 4, 'Erindah Dimisyqiyani, S.AB., M.A.B.', '198904152018083201'),
(4, 5, 'Muchamad Sholakhuddin Al Fajri, S.S., M.A.,PhD', '199108242018083101'),
(5, 6, '', ''),
(6, 7, '', ''),
(7, 8, 'Jiwangga Hadi Nata, S.E., M.SM.', '198601172018083101'),
(8, 9, 'Dr. Yuniawan Heru Santoso, S.E., S.Sos., M.Si.', '197806022008101001');

-- --------------------------------------------------------

--
-- Struktur dari tabel `login`
--

CREATE TABLE `login` (
  `ID_LOGIN` int(11) NOT NULL,
  `LOGIN_USER` varchar(50) NOT NULL,
  `LOGIN_PASS` varchar(50) NOT NULL,
  `ID_RULE` int(11) NOT NULL,
  `HASH_LOG` varchar(100) NOT NULL,
  `TIME_LOG` date DEFAULT NULL
) ENGINE=InnoDB DEFAULT CHARSET=utf8mb4 COLLATE=utf8mb4_general_ci ROW_FORMAT=DYNAMIC;

--
-- Dumping data untuk tabel `login`
--

INSERT INTO `login` (`ID_LOGIN`, `LOGIN_USER`, `LOGIN_PASS`, `ID_RULE`, `HASH_LOG`, `TIME_LOG`) VALUES
(7, 'gembos', 'Gembos210779', 1, '$2y$10$3lHKxAXpz5c0goNfpsCkzuOExiD/bk3ciScmMtM99KCfwo1P04qFa', '2026-01-22'),
(9, 'paramadina.mahdi', 'bullet153684', 3, '$2y$10$2Yf6eQK3BX6ohuDM6AySUO/rtzs5ENF9J0FVmMvGdfGemu8im4bNC', '2026-01-15'),
(10, 'adi', 'adh1exkecil', 3, '$2y$10$nDalgjWrKOh4nkHmkKgdG.gHz3OlKHNyt5lVFPL3SSDn726v6HsJ.', '2022-12-29'),
(11, 'yossy', 'yossy', 2, '$2y$10$GP.RVAPJe1cQoqR/C88ZFO7nzhr16LmrINI6j5g9mdf.C5sb4bvKm', '2024-01-24'),
(13, 'hesti', '123456', 4, '$2y$10$3GTXcvSy55.3BSjzLd76weoTvlD6HJ6OVsRHDYZnX2rufaZPZ1I4u', '2024-02-06'),
(14, 'sarjuno', '123456', 4, '$2y$10$hv6XaQW5XUFHbu0WH294hO4oA9VriG3JOfT53CJBBEsGKSdXEuNEO', '2024-01-22'),
(15, 'yulianto', 'gembos210779', 3, '$2y$10$xNewfWJSfiHhh4gWGQ8QwOtf0epkhdeBVxfGkJeceZNPfuF8BbkrG', '2026-01-24'),
(16, 'fiki', '123456', 3, '$2y$10$UXNaD/bm.yqHfrc7DiCXWex7C8Wk6XquhKs5jWkT3/Hzq.angWzQC', '2024-02-06'),
(18, 'titis', '123456', 3, '$2y$10$DGhQ/fhKlWXsNjH7CUwE.eRUCjlje0f28nOIx6XbktLjvW2u9Fta2', NULL),
(19, 'titis', '123456', 3, '$2y$10$Jn3B9CMLoQDo7gJukrjsuekGFGoAcYRZXXhTgnu7OGAjXisFTmBAi', NULL),
(20, 'siswoko', '123456', 3, '$2y$10$oUpexPJ/.LvpWtO3PGlrzeDaEXshA7bq7Qp4OuSG5wAxFcPhZ1bFu', '2023-01-13'),
(21, 'wawan', '123456', 3, '$2y$10$w38ru5rR8wgEzNawoRB/sev6PzeQVAONzyVCdc4fxd6nzRacjESHK', '2026-01-20'),
(22, '199406262022113101', '199406262022113101', 3, '$2y$10$wqwfAM9ZGTJbg/8stSVVYeSGqZYz03IC0aoFkIevfrvt2Wi4PRMoS', '2023-04-10'),
(23, 'd4perbankan', '123456d4', 2, '$2y$10$gOpMaHy/FXGVO.gJMogeS.ug0fXSS9kQFxAw77W1bhUfEcM6qy4m6', '2023-05-04'),
(24, 'depbis', '123456', 5, '$2y$10$0BClAB.7d890ob3jJA9j.OH5/ojFyTzuHpFXdqe0YIwkXiE8uG5.6', '2026-01-15'),
(26, 'nungky', '123456', 1, '$2y$10$WV/1EGfGjhwp7WlWNnAYWOlJO1NuHQahOZiZ/WKw.11t1MxLb3qQS', NULL),
(27, 'nungky', '123456', 1, '$2y$10$vsI5YMvDpG.7XxOHtKvFf.jSSqKbO9KbI0WTnEAQfyGI5.dUhcDSm', NULL),
(28, '198911282019031019', '198911282019031019', 2, '$2y$10$wc53dNCEvI0uIMD..r079eLR3QLZ6fo371our00wuoajsZ5WIA7J.', '2023-06-26'),
(30, '199702192022113201', '199702192022113201', 3, '$2y$10$z2nlgM1BbXXpdTqOpcxhAucQe.ovmglMnnXBuZiWDo0/oOgE8v6BC', '2024-02-01'),
(37, 'nikita', '123456', 4, '$2y$10$48Mb.mLb9dGmpc12s/3omel..Kuv8BHKKa.b.KVxJyd7cTB7Xo8xi', '2026-01-24'),
(38, 'yunita', '123456', 6, '$2y$10$tkR.OPfp5C5kEXgdswmNjOPZO0HN0z1X72NkT08Wjb2ioavtlTSwm', '2026-01-23'),
(299, 'Nurwijayantirohmah', 'wiwit186', 6, '$2y$10$xSFyPn/gB4FovGVYv/18vOFjWPIL.6xN6xtSUBkQZJ2b17ZFQ7Rhe', '2024-10-30'),
(300, 'Imfany Mardelia ', 'Imfany99', 6, '$2y$10$uyodQ9G0V/SZN93ocSvba.XZvfd1kkIW7PwPLeHdFlZJMbLmRQvku', '2025-05-08'),
(301, 'Pridah Yunita', 'pridah120602', 6, '$2y$10$sW5y9BZCt7pTIhevY92Yh.wEkbJ1JzR5SERPhWKgnzgwYtIjmz1GO', '2024-11-05'),
(302, 'citra okta subagyo', 'oktacitra2723', 6, '$2y$10$t.1tRReFvVCjXVokZEVrEOmGHm45OsmyYha7rdwGPdkK83Gh6Ugv6', '2024-11-05'),
(303, 'Auliaffirda', 'esm7vkiycb4', 6, '$2y$10$du9d/1Qi7cBgt4IdPbw9N.bcHVh9.Ve1Zw4c/xLBsrQSumcnrNpES', '2024-11-26'),
(304, 'Imelia', 'Bismillah00', 6, '$2y$10$W3d3Kc.8pZkTDwAaHpjhe.hCQPJTjwTfvQW2oyvhQhOJbCvQTU9DG', '2024-10-17'),
(305, 'erliapramita27', 'erlia270103', 6, '$2y$10$fa223CDzWlfb9oYmlrjj9e/MLyqajaxkF8ik58uolRAN1pSicbNsi', '2025-08-20'),
(306, 'nashy.wa', 'Nashywa137@', 6, '$2y$10$rRRqHuy46TaBBTF8Gyw0duWIgQUOVN.O4016aQDfh3/Hvc6sIttam', '2025-05-09'),
(307, 'galuhayularasati', 'larasati6124', 6, '$2y$10$bVAqnE1EC87Ecu1QG30FduNJrIQeTGAZ2hTajBKU9GUKMvzrSToCO', '2024-10-18'),
(309, 'ARUM HADI WARDANI', 'Arumh@d10902', 6, '$2y$10$I2OO3BgU528c2nUtKOcfMuXvl8rj7poUJ/uMBxXvuwgI9RrjFJv0y', '2024-11-04'),
(310, 'aulyadewi', 'aulya543', 6, '$2y$10$MDSUQ1W/eG9sroIn6xmSnerGC7zwxufKsSsm9zBRgkAsLWz3qoMyu', '2024-11-25'),
(311, 'ayu21', 'ayu123456', 6, '$2y$10$eR01PgEsvR4nBG2FijOr0Oo9FYBY4p454PcvuyKcjBfabReYWkjSK', '2024-10-23'),
(312, 'nandasaja', '1234567890', 6, '$2y$10$89g8KtlN36ReviVdZbRcWeVeyuZq8T/xHeIbJsrIQ0/4OOzsQD8LW', '2025-02-21'),
(313, 'sitinurr16', 'sitinurr16.', 6, '$2y$10$PTZiVOgFPSf9M3wJP/XwnOJXwhx4elAl3HqBXYhynmHhe6U6O8jSy', '2025-08-12'),
(314, 'anandamira', '4n4nd413', 6, '$2y$10$IOEAqDYDAmoVH.2gL68ZWO1UiyTUuTROqyCHiyIH9WG0UDuqnnABm', '2025-05-22'),
(315, 'Agustien Tridyas', 'tridyas.18', 6, '$2y$10$bLCOrvvnYzMf7dDRzqLHieOZr3Djp7JUjbLXSqP84oT/xVyaLxX4q', '2024-12-16'),
(316, '152110783017', 'lintang12', 6, '$2y$10$yi4KtQXf30zOpTiuHNfEsOoD8r/mqKzRBV6MSU.AwCh1mNR33rq2.', '2024-12-09'),
(317, '002221031', 'yv2710rp', 6, '$2y$10$5/O.XAUWW44d.bbQMpMT8eMa0bHFXFLj/IQn909LDgPjXogc/el.i', '2024-10-28'),
(318, 'Faiza Syifa Salsabilla', 'cac@2601', 6, '$2y$10$NtSsta2q7ulkLt.XJXir9.uOmkNLQQpQHKhvFPdjb7DCSvTiEkxYa', '2024-11-15'),
(319, 'Nadya Raida Firdaus', 'nadyacantik123', 6, '$2y$10$WgJyErMMJaY8qzehruIX8u258Yu7g3wtwpCeKKGnuo/Zlk/ly.2mm', '2024-10-28'),
(320, 'Galuhc77', 'Candrakirana12', 6, '$2y$10$kwjPNmQrCqjSDn1v30eJy.LxrhvqWYpU2cjCtsG6DpDSOin8ZZc3K', '2024-10-29'),
(321, 'arifatuz zahro', 'fazza0211', 6, '$2y$10$XkT5k/Phl94/THSIlcj42evBIQM7MXRh142xySXtb/Xa5wd7edaVe', '2024-10-28'),
(322, 'Marshanda Ajeng', 'ajeng003', 6, '$2y$10$ouEh7muOw0T7hxn8K5mjMegNO7BFLF92R8saPCHVcAOeCfO8ONysq', '2024-11-25'),
(323, 'rynm40', 'Mrt38061', 6, '$2y$10$oz9df4T6v5VVeaL5z8Fw7OCPNitZ/QIhIlYRnpOfnzhOHDovXfulW', '2024-12-17'),
(325, 'clrtzathp', 'mjk01maret', 6, '$2y$10$oHtr3cGREcYXQtXf7Wm.Q.DiLCc.Jv6Vy03n6GeyJIve/LcT06OHm', '2024-11-05'),
(326, 'yudith', 'yustika,ursy123', 6, '$2y$10$9g9VcNrdV7ukncZo1H22LeDqIx.PE9.5FA7SOYJT/0XiXmv1wOTYa', '2024-12-04'),
(327, 'Febriantini', 'aazz1212', 6, '$2y$10$64R2btBXUiezW2tob6LUpuNFX6G1stSuhshz0wesaXkTQby3TtJpK', '2024-12-04'),
(328, 'FatriciaT', '@lupa123', 6, '$2y$10$iZvr2s4.hVqnXrzojhwGeO1O3fGQjDHe6/d0eIZKErA2tiS4sNFeW', '2025-01-24'),
(329, 'Gilang Dwi P', 'merapi02', 6, '$2y$10$GtQjjhqtjspT8/Vh2rI4MefPOb3h4x8IXlrlsv7LbI4arW.yv6UdC', '2024-12-18'),
(330, 'Miranda ', 'miranda2510', 6, '$2y$10$rghM2TiBhED/TzwuPwJC8uUYuJar4/N.GHtCziur4C6S2PRean.HW', '2024-11-19'),
(331, 'syifaniaulia', 'fanisyifa3#', 6, '$2y$10$Wr0/Xw.mRhldODmqkHWLJe21yX/2u.3kqDXL6Kg4cZBaHWxzRB01i', '2024-11-04'),
(332, 'Salsabila Febriyanti Nababan', 'Danidanfeby6', 6, '$2y$10$Jy36zUlIw4qRTBJxJjD6B.8a2tmVV3yGEjR9tMKop6Cbp6CVtZrpa', '2024-12-19'),
(333, 'JelitaNastiti', 'jejeindi27', 6, '$2y$10$1DWVTMXp/tnLl5ZhCFQrx.81dqhneNmWKVITBpKus/RTsoHBX8y2q', '2024-12-10'),
(334, 'ravellinorb', 'ravel000', 6, '$2y$10$5I90f.R7Tgwqh6v7Ik1s0erd338THhND7cldx9kberTAuGl0E521q', '2024-12-10'),
(335, 'Romadhoni ', 'sdnbabat1', 6, '$2y$10$ViXeVI4AZmCtUPmfGP2WNeMeeIvstyeJkRKyYhOfvPLuHY2IBAn86', '2025-05-20'),
(336, 'Bintangaji', 'b1nt@n9aji', 6, '$2y$10$jnOhAaJ8w4UHKc7rHH929eRM6rRuXIoCNtvSA9wCTBjfygDFGQUUC', '2025-08-13'),
(337, 'ainin salsa', 'aininsalsa123', 6, '$2y$10$6t2UX72qx5sRXg3WKA1.5ei7pm34kIDlILfVSkZB3Y5lw7wKQog66', '2025-05-14'),
(338, 'dillasilvana1606', '16juni2002', 6, '$2y$10$bwL6KJG5ZaqKZ.OckHICE.x6CROTKu.q0laUfgZ.Mp0/9Esz1J6hW', '2024-11-29'),
(339, 'MelindaRima2002', 'melindarima15', 6, '$2y$10$uVAbQtKtksHQfNPMrk4MmeguIYH4fgmjcgBgRUhQcLdTl/S/cdodC', '2024-12-16'),
(340, 'divarnr', 'Div@0803', 6, '$2y$10$zW9Kb20q1KNTbGpi9wov6.MG7CvFCvzbPoVdpyBJMzZ2pEhgskN8e', '2024-12-16'),
(341, 'M. Rendra B. U.', 'rendrabudi28', 6, '$2y$10$wlS/SCIRS5BGpM0EnnzGf.YkuwXQY3bUkdUOMPb1WM6wGnJ1vM8hq', '2025-08-06'),
(343, 'moch alfani rozikin', '12345678', 6, '$2y$10$wJ9daTzYynNVNaK7b3oxHOaqmAsh1bzu982SEACykJVGo3YvFPMYy', NULL),
(344, 'Alfani Rozikin ', 'Alfanrawon8', 6, '$2y$10$bYzSvqN4PjRsc55OqzouB.xhEHLZ4t7EBi8Rjq4xP6VJv9XZXbuh6', '2024-11-05'),
(345, 'Gandysac', 'G@c@101103', 6, '$2y$10$lTphqAal1XeCrNna3tTAN.37J8Tsee/KHt57/QIhxUg94urbcem3y', '2024-12-02'),
(346, 'alfriza', 'Alfrizaop1810', 6, '$2y$10$Q3ucMuWUtdcLzB3bZL26au8cTJE6qTLHzfRAy9PyZ0cI98aqZA3cu', '2024-12-16'),
(347, 'astri maulidina', 'Astrimd44', 6, '$2y$10$kvO/Sh0.93y2KnF.1q5VIu/g8orR6VrLtokjtxbjXm6nT6OFJb9Uq', '2024-11-13'),
(348, '002221038', 'jaehyunlucu97', 6, '$2y$10$4MknVKvcUj9beq0NmF2teOCMK1AC6GfSl9zSG9LRcu4rx.B7w75wO', '2024-11-04'),
(349, 'Zahrohlailatulnur', 'Zahroh123', 6, '$2y$10$ArYSjQtJGar57bOUjVJb9uYz3tyjK3gwK26OErUo6qZ3DEp.BI/Du', '2024-11-05'),
(350, 'claritzacpv', 'mjk01maret', 6, '$2y$10$3o1vAMXXMCXEmGVMD.4QpeuoLDeROSB9FzRSigBq0o7COQom4Jvz6', '2024-11-05'),
(351, 'Farrelzerlina', 'Darmokali424', 6, '$2y$10$NowHRxeC5J0WSuLc37txI.GCJ7ePl4Qs4.E0f2sVW2vPXUYNg.vLG', '2025-09-01'),
(352, 'sophienanda_', 'Jbg200304', 6, '$2y$10$Oa.glvwcfGMOs6CuTaF/huqMAmbdVZ7GMKDTNeOywvzjN/fssirC.', '2024-11-05'),
(353, 'farashaidar', 'hairafifah26', 6, '$2y$10$E.Nkgd1n.YQFch1bGoNbJOp5JS7VWudhVYcCnGzrT3YRU/tGZo2om', '2025-06-05'),
(354, 'adilah rahmahwati', 'Cumlaude25.', 6, '$2y$10$TylAlp1Lhucm8MMdhZLA4Or9Urx72/.qaOIOn361L2Yjl1I.Tn6lG', '2024-11-05'),
(355, '013221110', 'mahira252906', 6, '$2y$10$6psr5tWKE2AampZjmfrU9.mFEZuARyekq6zDLrOtnkR1c0eyk5ARW', '2024-12-10'),
(356, 'Darrellms', 'Dms300805', 6, '$2y$10$NryLppryZnpsIxFYB04xGOeGeQsgVA6xucNj3qyEVpU2dv/nUq0/i', '2024-11-11'),
(357, 'aura_aura', 'au2309ra', 6, '$2y$10$v6cjWAYw/cFcTZwpW7IvuOeknO4X0yA4Eqr8m7LmKZ9bUvnc0fxzm', '2024-11-06'),
(358, 'aura_aura', 'au2309ra', 6, '$2y$10$jWpiX2dxtvaThD5GYMM0d.Ybi/Nx4MRPBeP9xZNOS3eDCzZ.PtD8e', NULL),
(359, 'sellaameliia', 'ameliasella06', 6, '$2y$10$2gRr9O2lFsa2kLZBBc7cOe8.iJXh8rrzJ6RFhfB09SLtSYk0SQrU6', '2025-08-12'),
(360, 'M. Afifuddin Suryadinata', '16j4nuar1', 6, '$2y$10$7EWgIribH8K5IUkYAXy4RuuSOEvsAauOiZaPfSl.iHTCIbiYsTI6K', '2025-06-05'),
(361, 'ayundaasp', 'yunracivara', 6, '$2y$10$X1mXe8ih8cn3W0YXgzEMo.CLS2RG7V.o.aFy.6SrZsRvwylXA0To6', '2025-01-07'),
(362, 'bradivadewi', 'rumahwarna123', 6, '$2y$10$5BNgHHkdUZotBwYtRwBBS.t7pzpja5kyar/X5GlyEADAjKMqI9C1K', '2025-08-28'),
(363, 'Moh. Rizqi Wahyudi', 'Rizqiwahyudi2711', 6, '$2y$10$/QidGAfcALXj2f1DdSwfTeJsysT8jSEDPEmoQEiT.KvwIJmEBRynu', '2025-05-20'),
(364, 'Amiranabillaa ', '17112003nabila', 6, '$2y$10$xFgPowkw5QKE3etKWlmxxOKInK3RieTqbzJ0c9z3oUPlaFFuPVFq2', '2024-11-06'),
(365, '152110783053', 'Pastib154iya', 6, '$2y$10$OCHn9sayxu0LBHbD6DNuLe1PpmoyAkMPHUFuqPXT2fAwZT2LhvWyu', '2025-12-15'),
(366, 'afiffakhru23', 'afifslank23', 6, '$2y$10$tc2bIaECJYAJiWA/2wCDCebvUFJeAMJjV4bVoBOBFwP7MxFX4zs.y', '2025-05-20'),
(367, 'Liemoney Raqil ', 'sijikalfani01', 6, '$2y$10$Myat4x7qf1sxgTH4oZt7wOiB1AB87aW0lOfh1FIe9eVCy89enu5L2', '2024-12-13'),
(368, 'WensBaruMomo', 'yakusby37', 6, '$2y$10$NUXU54CWo7qPbhpOVvU0S.9DLqE4A1zr9SHNEJa6fn.vZFwHkPNrC', '2024-11-13'),
(369, 'hyazzhra', 'Punyasaya2107', 6, '$2y$10$HJllETHdzS4WJODcrop4wOMbmxu91/Z3iCJG517uLnqG2T6JS4/wC', '2024-11-12'),
(370, 'rafiaulia', 'rafi0701_', 6, '$2y$10$jeRX4w9R4bljb4.9llResett1DfsjTJh8SeLdSWOA1cZBwC98o/IO', '2024-11-12'),
(371, 'Irfan Hanif', 'Irfanhanif23:)', 6, '$2y$10$UqyTykmJdhLq1LLF0b0Hm./6kYEfohjz32TRGDHAbGcaRVzSA.ULS', '2024-11-12'),
(372, 'nadyakartk', 'nadania23', 6, '$2y$10$V17BIytSOIM0QeoQtyp4fOdsnPHa02kxkSW5jFvO0Voc2vxDwkuYO', '2024-11-12'),
(373, 'rendraas', '123nd124', 6, '$2y$10$vREcst6UN.cZeBMWyurNqOk7WJXNmE3pPe5zmxruRLdbw4QBaoa3S', '2024-11-14'),
(374, 'Ardiansyah', 'rizkidwi12', 6, '$2y$10$1VOqMe.yNc1OlHBX0yxbluwFzlJez50XbCFI8DGDgDExv08FGEsiu', '2024-11-14'),
(375, '013221141', 'bu@h6627', 6, '$2y$10$8fs0YruzBCrFyAXxeqtbiu.N9Qo9BFHpFt02YntQ8akFgT/IiwEh.', '2024-12-13'),
(376, 'faiza Syifa Salsabilla ', 'cac@2601', 6, '$2y$10$XvgVzMublb5YzWfIP5nK2OPLXdYhB6s1vVWiolbccqSozugQxC3t2', NULL),
(377, 'Aulia Adinda Triana', 'anamadi123', 6, '$2y$10$YjFp9eVz/5NDhgfMnHeC..mD1KS9NlRDTIMHklB2oRqmgV8C8RONq', '2024-11-18'),
(378, 'cantikasabrinaa', 'sabrinaputri20', 6, '$2y$10$kpSiXbj3epFthhe4jCvVA.c0e5rv9zR1SKISY7bGzlvYTTqOLh7A2', '2024-12-11'),
(379, 'poe', 'Foxwonderpower1', 6, '$2y$10$8fI6QUutAziSwIfX7iEYZe/FFEyTL.O0E10MhGEaMFRSkNfYMeG2i', '2025-01-09'),
(380, '20Apr2003', '20Apr2003', 6, '$2y$10$ZDL61Ubjixta5qQw7RyE5.kQy/u/ZnrAH2ocnKa38S0W7vZiRmKnm', '2024-11-18'),
(381, 'Devina013221062', 'd3v1n@nanda', 6, '$2y$10$C12PXlgMb1NBC0BBhqVg7O.i0Sp7g8fiEkcIc7i5KKLq5vHEX9Ao6', '2024-11-18'),
(382, 'Noor', 'R@inynoor1723', 6, '$2y$10$YjA/F3D2AqZA/.HjsYFPf.YSpsJ7QIj26JhwY8UD2eGxVs.FMQ5de', NULL),
(383, 'Rainy ', 'R@inynoor1723', 6, '$2y$10$B6oK4nlc5Ye7388BnEnSz.RB28pwwvwv1bh1Yfh4UVYW0tClsj8Zy', '2024-11-20'),
(384, '002221041', 'Aqilah10', 6, '$2y$10$e4gOo8/vY1GyLuUz3/76bu1LnVkUTf5uMskOlI4w9bnHQ8N8RDWYS', '2024-11-19'),
(385, '013221097', '20Apr2003', 6, '$2y$10$klKX4kgnFQnm.IrFiTd2reQi1dHdHJiFr3NMkGJjUOw/E0XgmfrJC', '2024-11-20'),
(386, '013221068', '15meilisa_@', 6, '$2y$10$iE12Fdz9v0YvI/hNk5Lq1.6oE5ZujfcKaNWnsz.m3xCHFMMyAz2AW', '2024-11-22'),
(387, 'Christ Cahyaningtyas Putri', 'Christ05.', 6, '$2y$10$u5CoIBQ5wcdYha2RWqM/RuontylcId8/T9S7itjZCBE2LE6FS2H9C', '2024-11-20'),
(388, 'Ilham H', 'ilhamhidayat996', 6, '$2y$10$2sBwphhvsNt8PDdSGH7OQ.H5Gxc5LWFuR32aprk95vY4/ZMDSD1my', '2024-11-28'),
(389, 'arjunbaihaqy', '577577557Arjun', 6, '$2y$10$abI7TJqL3MqhFkn1T907veHNfS/xwf0ee6c8egXYKrVKodqUJVR4a', '2024-11-28'),
(390, 'Aditya', '12@Sukma', 6, '$2y$10$7U3owKI9bTYcic9ht3KPZ.pCNkjBnvtsmqpYC5lJ8UNOsPWL/ryYC', NULL),
(391, 'Aditya', '12@Sukma', 6, '$2y$10$h5oh4cT1zxxtylazFu3mh.EIUUwBSy3Vwj3Bv0e.GU8fphdoGQmMq', NULL),
(392, 'GADING', '12@KIRANA', 6, '$2y$10$Q.RH1r4adLmZQq0jX0pMouKEmFsgrwHDUqVEzeh3bmSFqiL8Eww7O', '2024-12-02'),
(393, 'khusnul kholilah', '1234@lila', 6, '$2y$10$XIJBjz7qWptUckgsgQIqWO2B/fzXpP3DKV3kYiiOnAix0e1kEg5GW', '2024-12-23'),
(394, 'Gading kirana sukma aditya', '4567', 6, '$2y$10$SatcaWSuPpw0GeSv79MthuIpsijfUCK6yrEC4lnxmN8d.D8vow.qy', '2024-12-02'),
(395, 'najmifayruz', '725Ami725', 6, '$2y$10$h4LqxlmzmarDvekQgZsKwuvUr/aLSrB9/6AhqOIHt/2oAR6rvYDMi', '2025-10-03'),
(396, 'egaaisha', '3G4@ISH4', 6, '$2y$10$rgCF6UePfv2RL9e3PwkBXOh1RaP4DIooRBPMgpNyIUaLYijDKEjBa', '2025-12-11'),
(397, 'hibbanmaulana', 'Maulana2005', 6, '$2y$10$yj8ZxpVR4prEu5rWPbjvwO/yjeCI9aasFLgB74hSx1yrRs8/UgfWu', '2025-12-15'),
(398, 'restiandini', 'auliasafarina200105', 6, '$2y$10$I4F46R1PdSlAj6lVJE933OwUz1.qfqH6GNXGGDzE46w9tmHPlh82a', '2025-06-16'),
(399, 'Deviapriliaptr', 'Deviaprilia2004', 6, '$2y$10$QWU8TOk.zprtjl60CKd//e7B7C1xu4/5EBQ.iltdd/mflCY2MyuuW', '2024-12-11'),
(400, 'Alyaasurya_', 'alyaak_1412', 6, '$2y$10$tftwFq9Vtl3x09Cokss36eOTbK/39plkED/ovbGAdpbXmCrQ9ysSa', '2025-02-18'),
(401, '013221111', 'anggieaulia123', 6, '$2y$10$zkuqN4UbSq1I3MIG4PTkC.Y0I.mykg5pdNZCsa4lXA3nvec17xn1a', '2025-05-14'),
(402, '013221034', 'Pajak2022', 6, '$2y$10$XgTSbI.oKjz3bnphoy9xU.IMb9Rqlkh4ANr6O58yF/K4eUg.JbQv6', '2025-02-11'),
(403, '013221114', 'zoro!20803', 6, '$2y$10$KDMfJSp6SwYIt7iQmEql/OUvXer.J0pGjGkt5jyarOr9.7HrAV.sC', '2025-01-15'),
(404, 'rizalfirmansyah', 'rizalfirman1118', 6, '$2y$10$og6T.ZERAHdUl49w7GGwbeIXp7L5Wt95cBZlPH.3XcGJHj34m3nFe', '2024-12-05'),
(405, '013221041', 'asolola123', 6, '$2y$10$usvzwQSzLatqrWpgLxc1hOm/TQGJ/Yx1McQ2yDOS9iA5Xs8FTTYv6', '2025-02-10'),
(406, 'Sekarjasmine', 'Jasmine04', 6, '$2y$10$kdF0K5AIrl3seSFE7dHKVeZnLMcqnBa60zSDQB1FnX9EkkahmpiRi', '2024-12-05'),
(407, 'ameliazanuary', 'Amel2004', 6, '$2y$10$k39TWNXiMLffTHcPf.H.q.0EUcUG8s7AMvizU4D3N5yTrf3rhZNLm', '2024-12-23'),
(408, '013221050', 'Rhmftkh17_', 6, '$2y$10$ILvl88T1xXD5fLeu7f.PrePZtoUnll2TPsURNRcpmyJhIM47SCr0a', '2024-12-23'),
(409, '01321050', 'Rhmftkh17_', 6, '$2y$10$1nbBSVmBgOPn9esuOh/AcOYyACbYwiESAPHxzxEYul/JpRgNILeaS', '2024-12-17'),
(410, 'dickypandu15', 'Mouren22.', 6, '$2y$10$v3omCZ5/Pec5/.ca/vo0EOAeYc0ZON8Ko/Ids33f.LdnIHDtBoBze', '2024-12-09'),
(411, 'tikaanry', 'Surabaya1', 6, '$2y$10$riyZMNO810YdcsqVAlgqhOnxxzcK9P6psGCIntDtkn7dFL1hv.Gte', '2025-11-25'),
(412, 'syahladiazs', 'diazcantikbanget123', 6, '$2y$10$1rkXJCr2y31VzLAgAjI7Lecq1TpeoW6/FhzAw8IIrqCMlcw0EQFtW', '2025-01-09'),
(413, 'Sbrinay', 'yunarsabrina20', 6, '$2y$10$bw9fOJdFjamgMnrBqHtIfOSfHG5C9zHYIVb7RqZb6e.svJ43QI3hK', '2024-12-10'),
(414, 'shaylanandira', 'Anandira101', 6, '$2y$10$Jt02UeTHQKrzvkmYco8y5ulsphi4j3OCFKY1Fj/40bZT3/KWqKRkO', '2024-12-10'),
(415, 'tiara rizky', 'Kemenkeu2004', 6, '$2y$10$tzaAY7IFQElu7nZB8/0PieFNclFE81uPQsP.xHTiYl0muC89r8oVW', '2024-12-10'),
(416, 'adilahrahma', 'Cumlaude25.', 6, '$2y$10$xEI.n4H1qYieo.MQ4Oj4Tu5AZGD63UzRqj.wtfY2ZpdLCK3Mssd.m', '2024-12-10'),
(417, 'adilahrahmaa', 'Cumlaude25.', 6, '$2y$10$ahW7RugvhOUOG4H.0cz5kuouaoUg7ZFA7nA56pRT6QasSSWNv8CYi', NULL),
(418, '0133221055', 'Rayhan10', 6, '$2y$10$2cKpk2./vxZPIllOBheU1eZlR10F/9zyjVhX6l1.0mZXylzDA.KTC', '2024-12-10'),
(419, 'widyadwiia', 'agustin03', 6, '$2y$10$Y3NvDoiFGQlBZgbJ5YwfxORNQFo3lrDBreFEkosGCgSqR8vxuhbye', '2024-12-17'),
(420, '013221032', 'l1nd@2312', 6, '$2y$10$QWMRxunSCDHi3FsWO6TYLuGqmaZFeqfosVVzj/hlWM6yu4c/i47ki', '2024-12-13'),
(421, 'nadialisty', '1225nadia', 6, '$2y$10$kqeU2Kpg8bKTxYNoD12MR.WS0iiYV2O1gHMJHqos3F6Sl0lFbivAu', '2024-12-13'),
(422, 'Ayuddyah_mirna', 'ayud6624', 6, '$2y$10$4rxnpMrRuFoC4CQwOcch1.fYCVCC1Kh7arogLz6TZZdiGd2G9sCsS', '2024-12-16'),
(423, 'adilaahrahma', 'Cumlaude25.', 6, '$2y$10$oQoG7z4fjMOh2mjNwQPiweqV3x6aKmEH/aRI.pZW9KPO0fLxbI5om', '2024-12-16'),
(424, 'AZ Zahra Nadya Putri', 'zara1502.', 6, '$2y$10$wj/6jLfqOTuK4h0ALUzsW.Mly2GyMo84ImfEHGzA84Lxasg4s4.JO', '2024-12-13'),
(425, 'alfinadarmayanti', 'alfinadarma12', 6, '$2y$10$BOuBq6PdMmhDYK/LUbrKqedJ7yQiuAEi3jN5Nsk.6UkPdECFU6cyO', '2025-07-02'),
(426, '013221065', '29012004ahsannafis', 6, '$2y$10$cK/Mam2d9wXhBTz9sKY7H.Aw2zSb02b3VYITYZAkEtNy8PMx8g0t6', '2024-12-16'),
(427, 'Azzahra_nadya', 'zara1234', 6, '$2y$10$9DAP2JQLhq1HQlpETYh.9ORH5cOImkJZv5KSWtZtYEVWlXdjnWd5i', '2024-12-13'),
(428, 'patriciaadelitaas', 'enhypenengene30', 6, '$2y$10$ZYKu4RMiZGTgwLFlt64.Uei0ZozoHk2BegPz1g4sgicHa9IKPTwTq', '2025-06-25'),
(429, 'adilaahrahma', 'Cumlaude25.', 6, '$2y$10$sR8ehacRNE2k0N5YJ2XXz.gX9agDIvVKnOj9amaObBikoRNVhoFVG', NULL),
(430, '013221016', 'agustina28', 6, '$2y$10$F9.QljmbbZpBT14UW48QH.Daiwm3z01GPsKEgSGUBG5Yd3//jot.u', '2024-12-16'),
(431, 'medyta ', 'medyta123.', 6, '$2y$10$C1R4LATVWkED8buWJGfHIuTEB.F8nBEKXHr3ibMhogDYWOCQHasTC', '2024-12-17'),
(432, 'Nrl.aulia', 'nurul2004', 6, '$2y$10$1uszx5eDvewwhlfbioqKdOf/b4zLHIWMUSy/iPcy8krS2o391czD6', '2024-12-17'),
(433, 'jonathan rajagukguk', 'gamat123', 6, '$2y$10$B9xD7a/OCxFacimanWN/YO7fQm9fs4ewrJ/CXGzfoyzNR.9oEc.Y.', '2025-06-30'),
(434, '013221010', 'masayucans25', 6, '$2y$10$6Xg1jp75YRQFERsEVCSwle8WzE3SO4ohilZh4K7R9GiRXHYio3p7y', '2024-12-18'),
(435, '013221066', 'mdf112188', 6, '$2y$10$wadFjgJwmSgTkbK3O6F9SeyqE6g0Bym8YWPcHh5D.9da7hB8v6csu', '2025-01-09'),
(436, '013221115', 'pineberry321', 6, '$2y$10$3DMOGUaHclaMrIMkppHl.uUGAJVjIeAqLCPCuDOxqy2firEsSmNsK', '2024-12-23'),
(437, 'Grestathalia', '271911', 6, '$2y$10$eIIUVuZJfuwJo9ir4dXUiuisYV3aWkzzxu1jXdL3sopGpmj2x2IXq', '2026-01-21'),
(438, 'Dhona Eristya Nabila ', 'Bismillah1609', 6, '$2y$10$fvcqWAZ/VsPCtvObo.5pBO53jwtGnzBC1Gsw30km7Yz1ztxlb7y0i', '2026-01-21'),
(439, 'Adella', '4dell@risanti', 6, '$2y$10$dOJX13wfDjowaSLNoXuNDupVxB0Detr4ayFT2/UrNeONQ6eSuSJFi', '2024-12-30'),
(440, 'Machandra', 'machandra05062003', 6, '$2y$10$ZII1SbZR8SXNUAYXMmGFzeiRleu8t2.RWEIVLmecK4vAJc6a7TEUa', '2024-12-30'),
(441, 'sabrinanazwa', 'iwaeleksekali77', 6, '$2y$10$ZKFOE3e6HB2RRt81vDCWqOUkgrd33ymzHRD/hbldu0U7IolJs.u4.', '2025-01-09'),
(442, '423221041', 'Nandacom3l', 6, '$2y$10$W8Z4MSEQm1Y52ctlu4WBseZQrPpCVPhfsajmVTrLsfrTtHRe0TODi', '2026-01-15'),
(443, 'galuhfajarfm', 'ImoetZ27', 6, '$2y$10$fEcaOUHDSmFX/XQZAlUEju5WV/gDLhUOgJeNq/mMi7p5zik9q4ZXq', '2025-01-13'),
(444, 'dzakitianto', 'tianto273', 6, '$2y$10$hGa/RRu4YTMP4QriWnWCNOOIsgP2U0Pme/byChq2djfY/PEXYR6Mu', '2025-01-06'),
(445, 'Asyraf28', 'Oktober1000*', 6, '$2y$10$o66l0xqOZ3Dbz2Ren0uHgO/WKNzACGw6S5X6vHvV0wYCF1X7.wvaa', '2025-01-22'),
(446, 'falinzakiyamarokha', 'Falinzakiya06', 6, '$2y$10$3t7ILQVdr.0LJ8qJ/jWSF.XZjPsnJurHWSMzaA3GEZ5GzML7Mu2I.', '2025-01-07'),
(447, 'eviolinatiara', 'tiaratiara', 6, '$2y$10$W9VyzPFuFLJQICVSoFcJ8.xehxNPjg4R8uiA43nAANqdn8YESKlpK', '2025-01-09'),
(448, 'nadjwaputri', 'Nadjw@12', 6, '$2y$10$9moL2BqrUnFGEnIjoOXZiumRLus9/d6OeFAcL9NKKRxKUrfMdNOfC', '2025-01-09'),
(449, 'salsaadelia', '12345Salsa', 6, '$2y$10$GkO0LMfxYAzA3CasAtQwDOa2xIVpjKFxogjpkOYWRGMl8PBEDuBUC', '2025-01-17'),
(450, 'Rivanda', '@R1vandazaria', 6, '$2y$10$5yvAIZGEcyaF2sa7bEUCXuc566wDCwBomA4U.BjEwuu9n8R5LxxDa', '2025-01-13'),
(451, 'JessicaMichella ', 'Ica20022', 6, '$2y$10$FTUbvm0SsFxLE0peqMhOE.K4JiqtmlAh1yxsVBCoyOoxurhoMnuIq', '2025-01-13'),
(452, 'gffm27', '270204', 6, '$2y$10$P1RCnbUmRPS5gBIe1Et8QedRFw0OyaI/revsU4/775Suo8CV37Ejm', '2025-01-13'),
(453, 'rosicky', 'johnxina1011.', 6, '$2y$10$1g9ctvwufvyQnVHw.ec9N.FWax0UAWLOKeTXzU63P6PiE/I8tmGEi', '2025-01-13'),
(454, 'Iqbal123', 'Akbar123', 6, '$2y$10$h9xHDSgJwk9OUDgbIBxpZ.0KMxrIW2BxSkwZIPWJR0ubbE7W6WKAa', '2025-01-13'),
(455, 'Helga Farandi', 'Helga1793', 6, '$2y$10$di.mYqW3REmb6lGDrOFuFe/QCqNK68bJ7fPcVtv3AZw5zX67n5Dwa', '2025-07-16'),
(456, 'Hadad raka ', 'vebi1979', 6, '$2y$10$22cyXE9QiWnleuEOdnDbN.Zd8t.neZklex35B0fRK4Mo4KDjpSqzO', '2025-01-15'),
(457, 'AverilR', '220448Veril', 6, '$2y$10$m0k3UYGjTzcgZlDFOAWvhOs2gtl7WMaVkU.XyYyRhJJQo4IHWdWZa', '2025-02-07'),
(458, 'Putri', 'deviaprilia2004', 6, '$2y$10$Hk2zgzfimh09sjVWzvOpH.QytcdzuP2S0ZxcZTkk7BGw8wmimAYqW', NULL),
(459, 'Devi aprilia putri', 'deviaprilia2004', 6, '$2y$10$SePMzrgzncMFbzO4qoTjMeye6oq4xylm9J1FZMtrH0ixGUCiRTxIe', '2025-12-11'),
(460, 'tikaanry', 'suksesbesaraamiin', 6, '$2y$10$70ySN5Vt7xwFCIlOANfcge8crtriNqnC6J2xizqRpunAZGerImWPS', NULL),
(461, 'BellaPrakasa', 'Bp*170904', 6, '$2y$10$0qmwBJxAVb5Ae.Egn07R5OUsksSV1BIci3UVKus1gfCY46IF0K/Qi', '2025-02-03'),
(462, 'Whilda', 'gakwek-sursak-recKa6', 6, '$2y$10$Fk0o1yeYmh2TeJm7NSNhi.BANqKY.kztMPErSrxkHfKLVe6awZjAa', '2025-02-05'),
(463, 'rizki.dwi.ardiansyah-2021@vokasi.unair.ac.id', 'Rizkidwi12', 6, '$2y$10$uKozQ/HN3YT6ie8XyqAWQeeWE6PwFsGrVdOCgvLlp4DSy72moG/dO', '2025-04-22'),
(464, 'Idris963', 'metro100502', 6, '$2y$10$.OzTfsamKvg5OIDk/4pNf.Re2bmDhA9CV3w7A4VLo5JeterkDnttq', '2025-08-04'),
(465, '013221034', 'Septi992', 6, '$2y$10$qIwZ2vh6v28YkqXPQdr.VOXVzvyhQnT7kfYhsuxZl7Q4SnVMrLaBu', NULL),
(466, 'Silviwildaniyah', 'Wildaniyah15', 6, '$2y$10$gPuwD7rJay8hRJ/54L3rHer1i6YsKho7vHvvmnFbUC/JJMnfroSWa', '2025-02-19'),
(467, 'Wenseslaus ', '3737@unair', 6, '$2y$10$cGGAMzJXahXQf0jt1HaxjOWJZR1.faU0lRRPPIuEQ7232PQCsF.ra', '2026-01-26'),
(468, 'ARBA\'ATIN MAULIDDAH (ATIN)', 'atinmm4@', 6, '$2y$10$aBNLG4uIudRF4tZtSjaYNuMvQ37qb7i5JMtFZPWq38XbwYEiB1jde', '2025-11-26'),
(469, '013231010', 'S4lsabil21', 6, '$2y$10$QQJXAiCZXpd8Pp4RQ9ygs..e/XKjDnGR.DxqHSR31GinoI8lFcvp2', '2025-11-19'),
(470, '013231033', 'Theresia25Parer4', 6, '$2y$10$12UhXolRVxZAAu/6Tyy.vOMhsOOdA9TWFPvyQfHwDD0S9ziV.uyYy', '2025-08-01'),
(471, '152110583067', 'fajriya07', 6, '$2y$10$XdMZuvnoF1DUJdFzCZJdNeH.Jy1vdm23iH1Gccc1jjuGsRAGtAyRC', '2025-03-12'),
(472, 'Anindyarizky', 'anindya123', 6, '$2y$10$.mmoGC1w1HWfnHmgch5Q3ehKMReU0X2M5zmZdXuQnjGzBkRoRuIv.', '2025-03-26'),
(473, '013221008', 'navisha12', 6, '$2y$10$eDUc2Jkl0QtglT5uR/KA4OGwffGBzU.1fERwqfxrE5x.hxIaJPa6G', '2025-04-16'),
(474, 'anastasya08', 'anastasya0808', 6, '$2y$10$xk50REyn7e8Kpj88oqXowuJbMdS27sv6srURpo45qpQu/K/EowYD6', '2025-09-22'),
(475, '013231131', 'Wildanganteng123', 6, '$2y$10$H0MvrGeGwPrIr/l6Epr9TO7X7Gy9ZbBB0rwyHZOQifNDywVvLjggi', '2025-11-26'),
(476, '013231029', '@Tiaratiara04', 6, '$2y$10$eqcAQXENm5Do1ot1yUOLoeq7PKRNGcG/JkeUDZqoAJsrNPjPWcplK', '2025-10-15'),
(477, '013231016', '@Cynkth18', 6, '$2y$10$pyFYBTB2Ch4BoErsmViAne8XPJzFKMU8JwQzFuoiSwRc7TUEZCN2q', '2025-04-17'),
(478, '013231025', 'calistasyifa04', 6, '$2y$10$2c.tfXWSl/fiFSRN0ojDv.j5qc5XT/SlmOmFIvQMt4tEl8cLxZZNW', '2025-10-14'),
(479, '013221006', 'ALf1n$a345', 6, '$2y$10$LBKlbDmDERp0F7E.IzAWC.2y1W/Dw9CbBf0ATP9XWLQhpQVa4VOai', '2025-04-16'),
(480, '013231037', 'Aurelliasalsa19', 6, '$2y$10$K.1eWBXx1bl91kotCOmcE.1/m8YBQXJSImBJoNx7NbmZTeFB/fyOi', '2025-11-17'),
(481, '013231056', 'K@gebego01', 6, '$2y$10$xQQJckow7px1g49HHoW8HuhMaOM9qPhIn6ZrYux9ted9UGPvuhRwq', '2025-11-14'),
(482, 'diandebbi', 'Ayamkecil*19', 6, '$2y$10$TJjkodZMR5nmfysdKQ5NpOAnVj//nLKMHHHbwgBiDWG9jSQOdCMZK', '2025-10-23'),
(483, 'Adinda Shafiera', 'shafiera_27', 6, '$2y$10$W7kOL6zTKTYAGeGiLKDPte4Xkppetr3mGMTe4TK6UEgn94sEgBbAy', '2025-04-25'),
(484, 'salsabilannisaa', 'Tujuhbela$17', 6, '$2y$10$0es/RZxSaVD83mUTvAaAiu.EpjY6moT8mAMpwmepotWzutKwjoBT.', '2025-10-27'),
(485, '013231047', 'Selvi2594*', 6, '$2y$10$c3DocWLNDBpO7WzPalUOoeeRPoyDHJuzEL.QgtWYKsw6M9WeJs/xG', '2025-04-22'),
(486, 'Sheera', 'Serafim1!', 6, '$2y$10$qYcloSUoEw6n7CxzpEcQ7.Dy70Mg18w8PXjgA7KC9rdn1RmCesIBe', '2025-05-06'),
(487, 'john.martin.mikael-2021@vokasi.unair.ac.id', 'John1706', 6, '$2y$10$d9lIqogOzb2QVNvAqHglWele.jeNnqE24Ppl0saV/7FifiHnHYSuK', '2025-04-22'),
(488, 'Ghina Salsabila', 'ghinasbq31', 6, '$2y$10$sESATncZOFaFx9IbLWzZP.BVVj27rT/uvmQP579Lp5DxtfxmjGPNm', '2025-10-06'),
(489, 'heldaokta20', 'Something23', 6, '$2y$10$2f0BvXRxvRPlK1Sfamfs5eQNyG/2sVWj5vLoD.WIvTt0LFLIGJ8pu', '2025-12-12'),
(490, 'neva pradina', 'pradinaneva27', 6, '$2y$10$UApn9xVtitfG9EvR2PjSve17ofbgoBNuJobJzvEYAhbM1Bxv2iNGO', '2025-10-06'),
(491, '013231131', 'Wildanganteng123', 6, '$2y$10$wzwmyetzpZGibmzAV59CzOfputmSqnaCyaA8BOLjZ7FiFlkSrHT2i', NULL),
(492, '013231058', 'Renit@05', 6, '$2y$10$UU5bqMWbo5DlCNrppyC0O.R.mROY85RKzVemqyL442vyQPolvbWTa', '2025-10-22'),
(493, '013231091', 'rfnaulia08', 6, '$2y$10$9A8iuSb/u7QYNPchmaVCLelFiYvfAhJd0Dyu8tM6Nqa3RvwBPpcRm', '2025-06-28'),
(494, 'shintyapr12', '@shintya2004', 6, '$2y$10$rTHMVheMXONzjbb.mVrbFOrsbxFZpmJJqh/0F.fRCLcdjPZRLjPaK', '2025-12-02'),
(496, '013231012', 'Div4lifya', 6, '$2y$10$VOLwQRcX6M0Hnd4snjefWuuUpgEoSpVA1N6oA5d8V4zhF9Zbwha/G', '2025-05-26'),
(497, 'gardaarr', 'Gardaramadhan10', 6, '$2y$10$AD/AGYd1Im8bNdkOc.GW7.ai9Vs9bttxm8/nK6ohCDIdIxGJEAh0i', '2025-04-24'),
(498, '013231012', 'Div4lifya', 6, '$2y$10$3MoVzDPvvJYfilBZvOyH3uFpOW0WvKYkJY331atcHu6PSszi3GvZK', NULL),
(499, '013231017', 'erweter123', 6, '$2y$10$kQDwh8E3AjC3i6NdevYEHO/.oFAVVKlaW9KPHNOgoBH7JREQYiJkK', '2025-11-10'),
(500, '013231057', '26Feb2005', 6, '$2y$10$MKOf9I7ext9Yo76ZgfkMoOhdVpn74bOXQCKaMA1N5D3Z2cq07VzTC', '2025-11-06'),
(501, 'andreesoesetio', 'andree180204', 6, '$2y$10$3ufzxDCSBXcy/3yZAYi1dOIhjkPZmLChHqyyuU9uKUCUv/CdRCyau', '2025-04-28'),
(502, '013231128', 'zanrafi23', 6, '$2y$10$Dvr84/3JWM2v/f/XYd7TW.wrTmN4Bj8tSLZNymyMdJ/2vKwSxlvAi', '2025-10-27'),
(503, '013231108', 'avia2005', 6, '$2y$10$EkZjPq0HsccJ9wRstQMd0utxXu0iuKNhNNSnMcxktoBV4DWbnW5U6', '2025-11-03'),
(504, 'Ardi Candra', 'Ardi1105', 6, '$2y$10$5otJRqwc/xKtvf3Z8fGVuuQ48wR6fDMPdSAWcJULQ/LrPHxmXdmm.', '2025-07-17'),
(505, 'INTAN RAHMAWATI ', 'An!s3131', 6, '$2y$10$TQK6vGpAytaxvr7S114O8uOJ9q1lv7oVOh2AF64ZwsdpSChJe7jY.', '2025-10-27'),
(506, '013231107', 'Artikasp27', 6, '$2y$10$J08ElEJeR2gKiz.cvPHinuKb7k5KTCU//sJcVMhcWDuR5bnh0TcOG', '2025-11-18'),
(507, 'Yulan Fadilla Savitri ', 'yulanpkl', 6, '$2y$10$FA4Ev7A7dqn5YUm/CE5cEezhdJgOubabaUwvuiroeDroggvGs4Rde', '2025-04-28'),
(508, 'anindamuliawati', '6mpuj5dgJR4.C_q', 6, '$2y$10$URPdrppdlA.ZH2fxWQ5s0.lt92JAEV.f3zUVw25JSLKVgaT1MM7wi', '2025-05-28'),
(509, 'kahfi arya', 'Siwalankerto76', 6, '$2y$10$yZ/d.Cz04p.j2LHz9xNG8OUHSjsXjDxQDOdMMG4lbRudb4W9tSjoO', '2025-06-02'),
(510, 'nadilla', 'nadill@20', 6, '$2y$10$k0SAm1d8NLskC8h5PqNsL.buxzI7NTsxaDclLgEcANbAwsMypMZS6', '2025-11-20'),
(511, 'ANDINI', 'Andini_fafa248', 6, '$2y$10$EgXYK.cpuqgjTubmX9js4.11x.iKpvE./7iCrC8711.zFuAr17IkS', '2025-05-16'),
(512, 'aruna', '4run4bdrt', 6, '$2y$10$OEDDEKdI5TDv96txvSrQce7E9vtPE2Nmij5TMsU7TGc0KMG1MeuMG', '2025-04-29'),
(513, '013231052', 'ohtsugO7', 6, '$2y$10$0Cqkf0PCszT9dp5u7EMOV.XgKoHGTiw9mT.k4e6zp2LY0JCTKZkH6', '2025-05-28'),
(514, 'Ariel', 'Ariel2003', 6, '$2y$10$Fz4YYgYinnAJoOQSTnk.Veu.Mfj7I0w2IsFvxnR4BgdTUz3rJC.56', '2025-10-20'),
(515, 'Ardi Candra', 'Ardi1105', 6, '$2y$10$SLeQYb4b8khX1DBqQJjMIesDXPHhzTOiKL7LHDsbccKd6RV7x8YCq', NULL),
(516, '423231086', 'Azis020205!@', 6, '$2y$10$ueDEtYj4Kg8Q5bupsebPQeOBm4LIHuoiYkzuMsIIODnR8YlPPa9h2', '2025-11-11'),
(517, 'Callista Beryl', 'Cacakaya071428', 6, '$2y$10$FA2utdWWA4nvq8su0vjK0eh1MXVt7Ml4fRuA6pGv2pjXgfB0gqUZG', '2025-05-02'),
(518, '013231040', 'feraFera4s', 6, '$2y$10$bBXAxE25Dxq039zyQ.iaKONj38jNPynhIszVb4eWSE2A.deGyVTe6', '2025-10-27'),
(519, '013231023', 'Dharalalala_26', 6, '$2y$10$GiaEiUh2dTqQi.i7kAYWfObELN.sb.aBj463Yt3hFEdcHfRnjtTSm', '2025-05-02'),
(520, '013231014', 'm4h4r@n1', 6, '$2y$10$x9QV2mqFpqudkkI4kalnhOG4WwHpTMHhZpQtRSDnWL5xWEgnpW5Ki', '2025-10-15'),
(521, '013231090', 'Vinka2004_', 6, '$2y$10$QQVxhMsNbEzr8SSK6sxdrucct91WkDSXidXyXxpOCagkmMasf/oXi', '2025-10-15'),
(522, '013231026', 'egadwi123', 6, '$2y$10$oCwd3GSDhf3.h2JIb3x/yOd1NP.CoLlH5ba0aS/JtTr15r3/oZTtu', '2025-10-13'),
(523, '013231040', 'feraNivea56', 6, '$2y$10$5gyu6acGH38uIm5f5KfX3eO48kxKb8f.UYMeynmke1IwGgDH63tDe', NULL),
(524, '013231040', 'feraNivea56', 6, '$2y$10$QjWgJahSNiHvqwXYQgytKepXJftVyte06Ubktg9zFg3trg9G.9fJC', NULL),
(525, '013231045', 'Riz@2003', 6, '$2y$10$TOD35.go6xVXPg1diDSdku0osrCU4exHb73jHeeMqMPhUJpId54e6', '2025-05-05'),
(526, 'rackaganteng25', 'rackaganteng25', 6, '$2y$10$742Mi1TxPQMjsbqYiXEu4.Y57iSxG/zq1hNWT61PWC9U4qTL0Sdd.', '2025-07-28'),
(527, '013231109', 'ars44444', 6, '$2y$10$GFSPiv/pcpIuKDWgm9EX0u81D/zPIMzjh.JHfeIFUaKwB29ykiuUu', '2025-10-13'),
(528, 'Olin', 'Olin485!', 6, '$2y$10$Wtg7yBnRzvfO0EkNVNBmou42QINwpK5yPxuD9oqrWLvHK0CYsPsNC', '2025-05-05'),
(529, '013231092', '@dyna0203', 6, '$2y$10$ptecxHIULpTf3PcWGnHGaenHh72itGzTic9LDaIT7K8bK8Kr318wW', '2025-07-30'),
(530, '013231093 ', 'hawpos-qarHen-votde4', 6, '$2y$10$9jQX6AIOmeA8KDpO/nbaA.D9Du4fcsQG78W4ZlKESnFsCBPg2PocG', '2025-11-24'),
(531, '013231063', 'm1k@yL4a ', 6, '$2y$10$/tojlLQ6e6hhjj42agVz4uIFgPJNE/yzm4H9V8QbR6wUHenmpZLx2', '2025-05-05'),
(532, '013231020', '013231020', 6, '$2y$10$bv2UNE0t5r8Oi9ZX.lG9c.9570WsR60PpGk6N/fPZg920P.E6gFSK', '2025-06-02'),
(533, 'sogolistax23', 'caksogol', 6, '$2y$10$b9vMPWWFJaxCTQxQadGutOhRYMDgBpLuCnKDk3qfITOjQiLnXdQ3.', '2025-06-16'),
(534, 'Akualfin31', 'Akualfin1590)', 6, '$2y$10$W6p9J..2tyNSk/8IH3imUOQjWcJK3YmgsT2g.2cGG8Yw5/ff2TEG2', '2025-05-16'),
(535, '423231100', 'Qurrotulaini20', 6, '$2y$10$N24JJhsZ6dAp7Vb07EhGNeoI5vbFHM7NWunqhVItJ1GWrcLrWpe8W', '2025-08-12'),
(536, '423231100', 'Qurrotulaini20', 6, '$2y$10$v.vcpP8Ldfd5wmNjmQBJuOvpwEl5JiZvXZsO0KNCuSR0k0.XO34re', NULL),
(537, 'shofiaaarnd@gmail.com', 'Shofia2203', 6, '$2y$10$HIuU6boDBHj8N1hXjvKDB.DyH5p7ur80QHOAgjb3plFFiYBqdW1Fq', '2025-11-18'),
(538, 'gabysilvy', 'gaby4oktober', 6, '$2y$10$TZqFiRvsER.ZwUHJrPFkD.mS6DJ.ekPw98NLYINsxImI3tIapd7k2', '2025-07-08'),
(539, 'Melina Feby', 'Melinafeby080204', 6, '$2y$10$ATftyNRXun/NM.GMfBKJf.WREdcmz5TGFZf1/fSDqez6OoX6GSKlu', '2025-05-08'),
(540, '423231100', 'Qurrotulaini20', 6, '$2y$10$qpDIHqKT.5JXGdnUcvc8EurNL3Y3xuRJCo1WPJ47oawc7uqCXkbLq', NULL),
(541, '13231059', 'rista@210403', 6, '$2y$10$Q3HLVoKWpkgKHIFbwEWV7e2pFIa/X9tYtdmDli1V7xH3fGFDeMe9i', '2025-05-07'),
(542, 'argiwicaksana04', 'Hebatunair12304', 6, '$2y$10$RwS9ItbPfBJsca3nbLNVJ.WPIZg8Sw.L0r.xo.28hHDDCY7ndZv.m', '2025-05-09'),
(543, '423231100', 'Qur]rotulaini20', 6, '$2y$10$7jB//MibVqZdrLzzj5xtOucffRn0sA1jI.O/tG/FiRazaPjFra55W', NULL),
(544, 'valshadewiaura', 'valsha12.', 6, '$2y$10$IAP3Q/sH/U3HYRIP4LtNS.qNR.jqX4fFzXYAu2vmCBEm7hsLuJX3a', '2025-10-23'),
(545, 'dimasaradhana', 'dimas123', 6, '$2y$10$Xatn.jmyRsoxkPKg1TpJJuGK9etmFKm5jdDVPmDLbPXqzj.okKGQW', '2025-10-16'),
(546, 'aradidarrasyid', '28102005Aku', 6, '$2y$10$I2LlXFNKyVFWCZKNXY30j.BKM7u7ZyKYxo8PQg2PGErFxiWYG0jha', '2025-07-15'),
(547, 'PRADITIO', '020604', 6, '$2y$10$vuS/BJjtOneO89sy4LymlO0HVWoM5OqOzaqNNF.ell8bjbE48/b0S', '2025-10-30'),
(548, '423231100', 'Qurrotulaini20', 6, '$2y$10$SH7KMwm28hJ.6WxVsfpVReocNWXNv2gFcjwQ6qdC5WB40QnOEI7Ka', NULL),
(549, 'Wisnu Putra', 'W15NUputr4', 6, '$2y$10$7i.3XbcaeWWBAS5svu3uUe2mTHdoeVX5/hEKUomXz2OcRvosnM/76', '2025-05-14'),
(550, 'rizkidesintaa_', 'R1zki_dm', 6, '$2y$10$J6JnycxHNYaRb8Po7aq8J.W2xHH53IedmkD1B0xEpc4eS7Tk9e2oW', '2025-06-18'),
(551, '013231110', '12345Salsa', 6, '$2y$10$5Rep.NvDWtMZpUEVxblai.zj8mO4XkHQ7FpcqeBfOtS2cILqbaPC2', '2025-05-14'),
(552, '013231115', 'Nadjw@12', 6, '$2y$10$w/v2zYexTvcEd9E1WQ8ZOOibtBLja91QCvsrz9NcdY2u7ypSI3i5G', '2025-05-14'),
(553, '013231097', 'MociCimo456_', 6, '$2y$10$qLKABrnoc9gICOqCAkM79uzNA2y6GsqDSlUF7iUfm0Jm1vnyH.7ua', '2025-10-29'),
(554, '013231111', 'robbani05', 6, '$2y$10$6rzOGnMjUTBAc6yEvKAlXeOLAIF.QJvSgaBtA8kQs.AmcupL9IoyS', '2025-06-24'),
(555, 'Rahmawati', 'Dianrahmawati20.', 6, '$2y$10$6dj0LyFovg/42xfWby3NMeLoyktkzZSkHO2P31opRg6rzdQksenPW', '2025-05-15'),
(556, 'Rahmawati', 'Dianrahmawati20.', 6, '$2y$10$1FO8POUfloiUCmldDMrbJuKrjWx7PF8hChqow/C5Ph2AVwoI0Fq6C', NULL),
(557, 'Rahmawati', 'Dianrahmawati20.', 6, '$2y$10$G.S2Lq5RxE5u4MwUzxcYpuyoxjVDIJfAct7fJ5K5I2/th4w/u7jpa', NULL),
(558, 'Nabilabilqis21', '013231106', 6, '$2y$10$XnY9Com3/XOQAPTBwv1ZKeP5knwBPWkAaHvrCGKSFWlo1An5iUR2K', '2025-05-15'),
(559, 'Visianggun', 'Anaza_25', 6, '$2y$10$3eRqWTA9wSYWigF3oVTbzOTwCQtwJa7oud5tnw6StBFnaFOrqsv0m', '2025-06-20'),
(560, 'Visianggun', 'Anaza_25', 6, '$2y$10$BmY19qzXk3IHbeMhGar9ouDMGeO0UsMVd9IukjTQr/8NSJBqp4psu', NULL),
(561, 'Visianggun', 'Anaza_25', 6, '$2y$10$vz4AG6j0wXtV6eg2Iz11cuOVTVI2Da25o1pQAi5d8c3X5KCjJRaKu', NULL),
(562, 'Dira051028', 'Dir@fr28', 6, '$2y$10$MHDibWWn7JGOnKGOJlkvquPqgqo5K3s4FpFyu6uKNOFCapuKRYD4O', '2025-10-31'),
(563, 'evenyangelita', 'evV@nge1', 6, '$2y$10$mBs7lbo6rkKotO3IWusIEebVOvUYL32ltIJfj/qjBjitxXmv4c2ke', '2025-10-23'),
(564, '013231100', 'tsurayya123', 6, '$2y$10$L1ip8wTBJBfEtQvtOpGNo.yThHMSIL.Ug8oMj7Wk3bQNVdAssxsHq', '2025-12-10'),
(565, 'nadilapuspa', 'Nadila845', 6, '$2y$10$NITfraIuujYsWJyOpz7RieHpVMHY65c2x8wsGBTvckewkOi8jqHUO', '2025-05-16'),
(566, '013231096', 'finanowan24_', 6, '$2y$10$EgXf2DUtz7W/caxGGZ1MweZEVITVs0vrUz996NDXY9WnRUHvXI8OW', '2025-07-06'),
(567, '013231095', 'lulus2026', 6, '$2y$10$fOig11pLbuF9Uv4ldxk3FOKyJPNij41rKK4.QFCKKdzBn3Yl5yzAu', '2025-07-04'),
(568, 'Elsa Dewi Cantika', 'echa300505', 6, '$2y$10$tH9NFlIrchYwGvJhmkoJl.2IgmWTOup2bRg/v6EUXDa5D5gkYgA8G', '2026-01-22'),
(569, 'maynanda11', '13Juni2013_', 6, '$2y$10$TpYXipZfvW.YILAW3.OIU.osfc/l/sS7er1CnkMPZonXtkxcxv1FC', '2025-07-11'),
(570, 'Imelda Septyana Sari ', '346346346', 6, '$2y$10$JVpNV1NYVf/iJ9Aw767dl.pG7F4O6QwyLtN4vTEmF2Pg0LoBK77GK', '2025-07-01'),
(571, 'Thania Audrey', 'kamu30jelek', 6, '$2y$10$mUnXRceAmDnox4qH8UPXAeOSWsKbBT85ZuJJFFw/UI9cy0PgTY4Za', '2025-09-30'),
(572, '013231018', 'Bintang21', 6, '$2y$10$6rw/RMnOidy6xoXfzc6Q0.CP6fub0UZHnExS0BdSMg1R4uDMIgFSi', '2025-06-11'),
(573, 'hilwadhafira21@gmail.com', 'H1lw@dhafira', 6, '$2y$10$FcleC9BYoZL3tpyQDRS.6.aK6iwnOyu6mGPxX0el/EVgIFWGsgH3C', '2025-10-30'),
(574, 'Revanda Neisya Kinanti ', 'revanda@d3', 6, '$2y$10$ivoTCQTokpMplhkByqPBg.KH6T9lkkTDndQYwJoMSreKkNCyCOU9.', '2025-06-19'),
(575, '013231022', 'ramadhan15', 6, '$2y$10$bt7WLU7UR6eltAmKvTR/J.QdolORYyNaa09osQCcO1ETcqbg0ed7m', '2025-05-28'),
(576, 'M. Aqila Rizky ', 'Kosong70405', 6, '$2y$10$sTwvb9UVWEtg.NB2NuTGNefdaEO/D2rb1aR.QpeGQmG5pcsnZp2dG', '2025-05-26'),
(577, 'kahfi arya', 'siwalankerto76', 6, '$2y$10$vHhxscpCNK5PE8/AP92SNeRxQUptdIrrYEyzXQLSwrf/K8.ZkW9ZO', NULL),
(578, 'ResaDwiAnggreini', '@dwiresa073', 6, '$2y$10$RY0.fHoTkxRk7Lmwivz5Eusq8Ka1fjCY9VcTmJHQ1HDRuFV2oMiOC', '2025-11-27'),
(579, '423221035', 'Mutiarasyailah', 6, '$2y$10$PqxzFd6RDOcM9rHuYzjgj.l16CQA/dHsENq/JHE6AjtvHegGIlXba', '2025-12-16'),
(580, 'nabla', 'Nablsalmaa20', 6, '$2y$10$yhibBB3emJIz3w01VD4JnueZ3u2xrmkF9.tspQYo5J4fHWkZygnSi', NULL),
(581, '013231083', 'Nareswari26', 6, '$2y$10$fa7QMMVS9pHYOvWk0urOcuo0dV14rB80J70QESe2p6CEQLZYBKWj2', '2025-11-25'),
(582, 'Sitoresmi Andayani', 'Pinunjul', 6, '$2y$10$IRFM1TsayDNWnciWhXNFK.GtRjsn.XheargxvCdR1TlOywl08/zq.', '2025-05-20'),
(583, 'ernest.aviantara.putra-2022@vokasi.unair.ac.id', 'cintaernest2004', 6, '$2y$10$7Sdrqr8ScIWFrDyzecsXq.fz59nNzNFKVzESGWqpspPSYErGH/YUa', '2025-05-27'),
(584, 'Welni ulniogita', 'Welniulniogita25', 6, '$2y$10$SX7Q7EuM3wdJlUKOt7QFBuV6c07fLgBy3Z6HbYjKUubT0EI84VM52', '2025-05-22'),
(585, 'candrakanti', 'Ayu12345', 6, '$2y$10$ZNoPQimwGB1MWeZ8CKRgp.xoibro7vSnenZcnQRAnMlpsUUwZ1nFG', NULL),
(586, 'Ayu Candrakanti', 'Ayu12345', 6, '$2y$10$VcyJhLqBG7i.kYlbpojBZ.xz1hfZzJb31.RQlXVnnithN3IYtQP2O', '2025-12-12'),
(587, 'adistiara aqilla', 'Adistiara12._', 6, '$2y$10$AL5w/9tY3nyxaNhAjC1fOeJh5u3TzUD.x.iFFI0mp/k7DZgHb6Nmm', '2025-11-24'),
(588, 'ninarvln070', 'ninaunair456', 6, '$2y$10$od1VPnEHAiqXno2ndgWWqOGuThUI8vrm7Unt/UE.a/2zaefmHvsWm', '2025-10-15'),
(589, 'ajisaraswati', 'Ajikuswantoro1', 6, '$2y$10$nHcej1d91LhEdqMBdR9u3Obt8pLaNUDXiohyUsK00TZFuXBtEr4Dy', '2025-06-10'),
(590, 'ajisaraswati', 'Ajikuswantoro1', 6, '$2y$10$mJtX0bHeiq7A7tvPh3b5v.VK5c3in5nFYfSlnjcWzYnAbrc8Py/U6', NULL),
(591, 'andreyhand', 'Andreyhand1*', 6, '$2y$10$sK5rKNVc9nTZNtYljnrsKexpohwetv/36Q0w13T/X6CDOwJrQ.sje', '2025-06-18'),
(592, 'Hasana', 'Pratama04', 6, '$2y$10$/vCZQRXCAE.emH58AXMfCuqypv/YzwpdTLHh6qfVFoMiPnfNpMEei', '2025-10-29'),
(593, 'adivti', 'adivti123', 6, '$2y$10$1Ckgh625Lp6jwyflWiR3X.wUqzw4XByKOUhjeacAGC8b/UXR7yQI.', '2025-12-04'),
(594, '423231049', 'Akusukses@1', 6, '$2y$10$N5Cb69R7nj6eiLxUBELvzuD65IU4eIIjpdUb5JRZp8FPEJYIcfXj.', '2026-01-05'),
(595, 'habibmartiyas89', 'Songomania66@', 6, '$2y$10$AoIjz7YBkRECyvnoslr7r.zUdI4q7jNLpEXjHa0DuYiJPSGw0N/Oi', '2025-05-26'),
(596, 'kartikaawidyanti', 'kartik@14', 6, '$2y$10$tHy8UzH1Dd8GlEdfvZWzkumL2mKT2gUXJQWCiyQsy74EMzydbeT/K', '2025-05-26'),
(597, '013231077', 'Adamafgan1', 6, '$2y$10$iaGi3x8tC7ERHojHAceJtum9M1gQO5JkWYHogi0DvCDI4RTRTrQTS', '2025-06-18'),
(598, 'nablsal', 'Nablsalmaa20', 6, '$2y$10$Sv.VBJsPkdG5.85of2VkIuPQTL16o5cNL2fbcXlaLI/p69AoDrJd2', '2025-05-26'),
(599, '013231098', 'nadila845', 6, '$2y$10$fwFpBiJnEWi0dw6XFxr4/uMd3U2QI6WK5eyGh8q2LJjU1u3Lq8fgW', '2025-12-19'),
(600, 'andri', '123456', 8, '$2y$10$JIXug3SLjcZmNaUMzIUlxe7x7hDwsCUPqQHVV0nmzb6kSOptKLY0C', '2025-12-15'),
(601, '013231087', 'hibran2005', 6, '$2y$10$92CTMhUhLIXP.LwLCW4iuuMcIhTk7qtJpT243uAL38/iricLeLpt2', '2025-05-28'),
(602, '013231050', 'mil@08032004', 6, '$2y$10$uyNK6jSpVxXR2jCH.xyUbOyK/BSGGTeEfzRZMTvAHli1FjpoEC9x.', '2025-12-15'),
(604, 'Naura Fatma Azzahra ', 'n4ura@irlangga', 6, '$2y$10$mmpv84y8kb6GfNtM062d7OXS57SziOXXwx0U2e0TFdvc/uO1XO.22', '2025-07-08'),
(605, 'hibran087', '200510hibran', 6, '$2y$10$I8aoMTJiUr4MdZCq/6yM4.RgefRZNcmVJx9nELdJmfrdHG5ShEmQW', '2025-06-04'),
(606, 'aurarodhiyyah', 'Aura2309', 6, '$2y$10$pZf0KDNXm4.b18q8nARdNuYpku6XFO2Bjd06fFlqgPrs0Dr2GM.UG', '2025-05-29'),
(607, 'Alya12345', '098765', 6, '$2y$10$MMR8z1r6LLbTANYsz6.ImOrKV3bz2grL7zCHGLJEHWQ/G2fKhWchi', '2025-06-04'),
(608, 'nadyatika', '@nadya1146', 6, '$2y$10$1Zle83RWkizO5heVrKdv8uZM0EbLQLqqyCafdXYVTy1e3Q68IP22G', '2025-06-23'),
(609, 'salsabila', 'S4lsabil21', 6, '$2y$10$066tAl6269iR/bgn6lrzEOkBLWZxgrPGOojg2hGOslX7SdxA1fx52', '2026-01-08'),
(610, 'kahfi arya', 'siwalankerto76', 6, '$2y$10$bp43rOnfrX2k5p84ECoLre7kMVHbv00bHe6R37vhgJHa5MKm/xOG.', NULL),
(611, 'aprizaw_', 'minion28', 6, '$2y$10$FBRjNzi1keHQ/c0BdrN5vOrqGDYmg/zVzEJs9U5MQMur9L7ECGQ5u', '2026-01-05'),
(612, 'Safira Az Zahra', 'manusia01', 6, '$2y$10$C8E.xa/kEocBq0PfFBNqlu2D3eUbI2Uvfck5J6k0YUdRMJU3tV9S.', '2025-08-19'),
(613, 'sitifebrianas', 'Chanyeol1127', 6, '$2y$10$DJFmBEzvZHSPr30uhnj5YeIsaGEe3IiFO8VFbY7zLC87gNhNZuxZW', '2025-08-06'),
(614, 'Nimaserina', 'nimaserina110504', 6, '$2y$10$F1RkO7UpWp8Bl3FGPXn3L.Ndy2vqgPfiC05.yvtm9MJ1W2H46sbpm', '2025-06-23'),
(615, 'Mauliddyaz', 'alhamdadyaz1545', 6, '$2y$10$Wv3K3GbrxK18F22mu46OUevDcL3wyCWe.O//WYNW7uO/A.kCmaAU2', '2025-08-06'),
(616, 'VIO ALDI SAPUTRO', 'vioaldi1603', 6, '$2y$10$Gg4i0uHiXHEQHUAoC6lv7.R8aPBwuiFqPJzvfHfVIxn3Odmrc.WXK', '2025-07-07'),
(617, 'Retno2535', 'Retno2535', 6, '$2y$10$kzjMUij9cLW0byUt9D6pf.EjAJwR42p6VMz1oJwCCrWFQ6P0VlwCW', '2025-06-05'),
(618, 'alfisa', 'alfisaidatun0703', 6, '$2y$10$pHUF.uNhkVZPTDRQaEzZ8u26cp5S24VA880X4CBjf6Q/PoaTX6OHO', '2025-06-10'),
(619, 'Dhona Eristya Nabila ', 'Dhon@1609', 6, '$2y$10$VOUNDF2Fm.nkJcNCWpnq3./PSfe1Gwipc3poJzlj555AaVQ8pFxMu', NULL),
(620, 'RiskyReginaPutri', 'RiskyReginaPutri', 6, '$2y$10$M4duj67xsckNXzAPn6NoHuHezNr25dqiN/yJoiX/z51P36PASFgUK', '2025-06-20'),
(621, 'Juliannisa Arfi', 'Juli@n2003', 6, '$2y$10$2fa5nJg6pMKhiZVjD0dv3eObMTd1NEC5COQsOOXc2GnjAOLDH.ncK', '2025-06-05'),
(622, '423231105', 'sembaran9', 6, '$2y$10$qH260Poeb8Qu7DKEzP7PN.ZD32YLc/Wa2LuwKe/49LE0dVt4pZCfu', '2025-11-18'),
(623, '423221062', 'Erika1743', 6, '$2y$10$s2u/fNOGTLjxSg6J5irklO33WqDu7tdA74ktbJb/K0AGlUJ7huhMi', '2026-01-15'),
(624, '423221003', 'niadwi2003', 6, '$2y$10$1gpVoruWRkkjWPLk69uPyunHKLryomCGoCm9YSznew31FyqaAFXCS', '2026-01-15'),
(625, '423221061', 'abinda210105', 6, '$2y$10$HybJ.TxADHdGKehnkkv5iehK56cA6Y3r5QPqh71x4/WVv8Q0H952e', '2025-06-10'),
(626, 'farashaidar', 'hairafifah26', 6, '$2y$10$4pTe6Tjg90su/RQFBM1fO.x7Ac.IBONo/7ANlEOBqZlQm7smRItPG', NULL),
(628, '423221008', 'mizone-88', 6, '$2y$10$e0A0OXeFd9neqhB5nggbROJThCOJCNLMmwzDMXrfxtL5g3tJvlLju', '2026-01-15'),
(629, 'danyfatur', 'Dany1324', 6, '$2y$10$sewle5TQ1J03I1JrNYLX0.wX5xHZx.hLm64EfUNFBJFZ.Hfhby2PS', '2025-12-18'),
(630, '423221037', 'Billysugiarto143', 6, '$2y$10$wLs5HxPAipHx8ISZIiSHl.hToZacdjoOCS2W/T709g40zPbS79wpe', '2025-12-04'),
(631, 'dimasaradhana ', 'dimas123', 6, '$2y$10$xb0wL7Kr6MVmP6bGlfxB5eH3VSz6TDCXjnU1UT6VRNsJTIJ55mQOC', NULL),
(632, 'mita', '271104', 6, '$2y$10$QmrwxYVITQXD49GHjH8Re.CTk/S/OgdVW/vZjMlYjniv0sWAnisZO', '2025-07-03'),
(633, '013231051', 'n@trenatte21', 6, '$2y$10$RR9ePkINYAqRjBnkUOrY3.BDrg2mzv7ba3W3NrGzpBEMHU7rYOrbu', '2025-06-17'),
(634, '013231006', 'ji3195so', 6, '$2y$10$BxBNKWFvrfGkC4.FDFWoeeA7TgnpiBossoMNnaSVh0JgPCsFhbQ.u', '2025-06-11'),
(635, 'handhini', 'h@ndh1n1', 6, '$2y$10$m/Eku7Oh2QrMQQ.3SaLDM.6KiyNZOgPa7N3comE765SgfcFwTazx2', '2025-06-16'),
(636, '013231024', 'Dinda09*', 6, '$2y$10$ZO9atn4emeleu69d9n7yxewg9ZW4uV91hCt7UNPXUh5HXrSyBrw9S', '2025-12-10'),
(637, '013231024', 'Dinda09*', 6, '$2y$10$FyhfmIZawl1krd/W3vaLUOwDqt.PgXzIiofy85qWMAc5YR5ekvzVm', NULL),
(638, '013231106', '013231106', 6, '$2y$10$uvyFc1F0s/eORD3aVOr1keQtbRq3qPZWKTBo5p8R81Q3BjLTImgfC', '2025-07-16'),
(639, 'Natasya Amanda', '#30Juni2005', 6, '$2y$10$rFUEx0nEI6WCWbRs6rTAWuyS7lkaGM7Z61DP7XcQdHsrP765wzSWS', '2025-06-19'),
(640, 'Muhammad Iqbal Tawakal', 'tawakal24', 6, '$2y$10$.IaiUqFru9voBmLm1AHIJeBbzqIOL7QSS6Xbm9sLwP/EHY6AKINg.', '2025-06-17'),
(641, 'syafina atha risma', 'Syafina@123', 6, '$2y$10$.pKXFHTsTBbIzPVYN5R8dOvh54UZyi54WMvQFS5MyAvzLBZkWM1QC', '2025-08-22'),
(642, 'shelly rifania', 'unost@ko01', 6, '$2y$10$WLyqwaFEw5qaKbFWusBoh.C5DMeOrivQqgq6TM3iP2G0qA/7m4eRO', '2025-06-18'),
(643, '423221032', 'gmdk2508', 6, '$2y$10$ZJuqLE0LSLErEKSbxU1eduap2QxwKHy7UP0LG/P9gR.UuNacEbkK2', '2026-01-22'),
(644, 'angelita', 'Fyicvbnm123', 6, '$2y$10$JcA076SY83uLkVNSYGUuaOF6NkGv34JoxjCHOOzx6K7HIVKPv3DQ6', '2025-06-18'),
(645, 'salisa', 'SHAwol00_', 6, '$2y$10$vIAytE1UaUPNO6CFr/49tOnZXwQJOVxV/cInpqA334m3/VAyheLma', '2025-11-12'),
(646, '013231007', 'Amalia02', 6, '$2y$10$JceFFek1f8eGyX9s/wcSj.371xJwA0M3p0YWdhe1SVbpAEamZwQfi', '2025-06-19'),
(647, '423221013', '22@ayu0708', 6, '$2y$10$xoshZ6mk0ROtiiHECpzTZ.IDY6Yrww17AmA4VsjQ2yos1q567oYyq', '2025-06-23'),
(648, '423221071', 'anastasia0203', 6, '$2y$10$8v67hHcmkdT9PskEuERrTec4b5MKjc8yd1LFIjo2Ga5lt2sWvz9IO', '2025-06-20'),
(649, '423221012', '@salsabie01', 6, '$2y$10$tCdlN6AN.LTllb1LEboLHOED9cqfBal4SS46Amr3jlVfpp5h0w4Eu', '2025-06-20'),
(650, '423221011', 'Bil011004', 6, '$2y$10$hCFJL4tmddSMXyVDLjOKQ.wbcvXQDG1Qi6Fd4ND2k0nwtluizcrsO', '2025-06-20'),
(651, '423221052', 'nadyanadya97', 6, '$2y$10$pnDdt9e/mX5mVXS9qAA1Be/sk5gU7cTo4I1GRR4IM1PdslMAr36bC', '2025-06-23'),
(652, 'Dhera', 'Dhera0605', 6, '$2y$10$6G84i5VZTGxLtWga3vvYD.V5mjYuqWEAzWAEMWgMU.MQvO9l8TtKS', '2025-06-20'),
(653, '013231119', '@septsven71n', 6, '$2y$10$0c2xBkXLsodu74BBxPO1uu9xTnVEEw59VNP/6ZW.9Zo4pi/B6o7r6', '2025-06-30'),
(654, '013231035', 'karin56789', 6, '$2y$10$P2xdUdPXFjA4yUbDmDriVuHCPPyWtzWejQKG1bSmh4Z/dOoh/knkq', '2025-06-23'),
(655, 'alkenberliando', 'Alken4722', 6, '$2y$10$0ZcQH7BoiNEzmBW3S2a7nOmYqOjxOZQH8XVBGkaAxPhsr05UclwEm', '2025-12-01'),
(656, 'hanifaabida', 'h@ni12345', 6, '$2y$10$ZpxM/e8Ev7Jg0IaLaj2OqeLKmLI/NbND3NFM2O4XLZcNaIrpVaawK', '2025-06-23'),
(657, 'fitriayurw27', 'indahnanang1', 6, '$2y$10$0MwIQ6/0S4G.dX.XCHmfueYR6raN94sT4BzwQ7sWY6xOxm2S9V1du', '2025-06-25'),
(658, 'khoirunnisa', 'nisasuke1234567', 6, '$2y$10$OU.xSvJBFU4LSxgJE3l.2.JkgN6PO2JNWtlZgjfhNx38UT2mH0nxu', '2025-06-25'),
(659, '423231090', '423231090', 6, '$2y$10$UwmINV8ZX2DN9AcfmUBSQOE7p3.BXzaLtYd.7cnbf1HxwgsfVWiG6', '2025-06-25'),
(660, 'devitaspr', '6desember', 6, '$2y$10$yQnt0AMC6kRcxqInPCN4ce6TyBxI44MoAiplvEM/jdQ883FulFmIK', '2025-06-25'),
(661, 'Kartika dewi', 'mamandut210', 6, '$2y$10$k1G3ZW.i78kPnRAJmZ0BWunCISouKtUY6Qh56QsWoXq7T17xl4oAm', '2025-06-25'),
(662, 'patriciaadelitaas', 'enhypenengene30', 6, '$2y$10$PjoonXrKdDqMbAV.iRWnx.sI9Ax7q6PRKJkMh4UgD/612I4XCud.2', NULL),
(663, 'patriciaadelitaas', 'enhypenengene30', 6, '$2y$10$.Nd0w3Uo97SErJwUmeRSXe6zgI0S4wgvH7m4FzEmuGPuFFGE3K1I6', NULL),
(664, 'Helga Farandi', 'helgakun17', 6, '$2y$10$LmunaVVaIDxVEcE8VnrvJ.LYzKiy7HJFfvd1CqyFet2tYZHg70mQ.', NULL),
(665, 'Ifanvokasi22', '@nnaufan29', 6, '$2y$10$OJGUB6we6y1TKvBBVbDx2OKVl3LAIobXh4U6QwHLQxbYhsnIDazPm', '2025-12-03'),
(666, 'helmi2022', 'alanwalker27', 6, '$2y$10$OUpDpMm9HPJPlNgJU6A1POKIYYK9BxrQR8JP80xVl/rAry7r8F3Hy', '2025-12-08'),
(667, 'Hasana', 'Machicha2104', 6, '$2y$10$xsP2njPqjQbpvCJX0ysdreY716pVrtRKSLYSUA/nSQugqJoJ6L4JK', NULL),
(668, 'Hasana', 'Machicha2104', 6, '$2y$10$C0PWY2TwhE6r/.cneL3VFeu8eofdcKihwHSIAWS6nLbJS9XbUNBIm', NULL),
(669, '423221072', 'Machicha2104', 6, '$2y$10$fYADjhON9r0kiHSpm8BcKOBvGHhoM5dYmLKyXCV6ARrh9F4o4M47G', '2025-06-26'),
(670, 'SeptiNur', 'septi123', 6, '$2y$10$LjDauH7icfMVXhegleqdAO.m8wf0dG4671vYUbnk2aQVWbuKh8mdG', '2025-06-30'),
(671, 'Luhut Butar Butar ', '123456LME', 6, '$2y$10$a2T5PPHQGaOZUBQ1m4iM6.yIL6Gvnx0llG6H/IdDquPnUluVznY4a', '2025-12-15'),
(672, 'Siska Julina Zendrato ', 'D@mai071124', 6, '$2y$10$yXr2ctv6e2.DkZpK4Zge4OQkASJ2GHqm.BU09LUR52jdYh3sljQuS', '2025-06-30'),
(673, 'Maubanu ', 'Rian2005*', 6, '$2y$10$nkA.IncEtqYI6eTq4rxUw.QFaUhrtx8Q0tviPjbQp7eq0l7.s4x7S', '2025-06-30'),
(674, 'Maubanu ', 'Rian2005*', 6, '$2y$10$RreS7roIHEy2tRBqcrf2hOeTImQtHpChsoakdVX/JOZHDEpfUEeBe', NULL),
(675, 'Maubanu', 'Rian2005*', 6, '$2y$10$R4JtHJF7V2jjKFtcJTgNU.C8Vfk3fq8b.v/WbyUxU/FP/veoFEuwG', NULL),
(676, '423221025', 'sitnad01', 6, '$2y$10$bxVimdwr7w.8B7PM/vw9MeFrfd2eZ4UZLpona4ameIiculzaTK1Hy', '2026-01-05'),
(677, '423231046', 'Mumucuantik7!', 6, '$2y$10$Qx5RIK13cR1mbq7h3nn5iu1h3bnA5r6vWNX/oeLuYjN/LQXNHHdLy', '2025-08-25'),
(678, 'widiapratiwi', 'Widia604', 6, '$2y$10$kgW76rJnjKpVGzO1u73OdOvE4HxVQ0SS7KcjU/Ek5lJ7t9JoxucxC', '2025-07-28'),
(679, 'patriciaadelita', '050908', 6, '$2y$10$QU9BlVk9CD3u3IpoHoKpJOI.YmtPa3AHG2vAtc2dZXhRr8KdGcZ52', '2026-01-21'),
(680, 'ridazhrn', '08juli04', 6, '$2y$10$wmMtKchgB0ybScz935myQeFHJFL6Yy6v/fdB9o2vCnilA0y5OVQIG', '2025-09-16'),
(681, 'annisans', 'annisa2003', 6, '$2y$10$E.atoh5La3VVpKozQ.E5ie8w351Q3ziyAHx2adE5F06ezdDxwrKaO', '2025-07-21'),
(682, 'firdaslsbilaa', '1301047455fI', 6, '$2y$10$qPu00h2YA/Vdc/BhdKtmo.UY3cLbHrgaguyNa5JbDQ2.Xi4u9bPAi', '2025-10-10'),
(683, '423231031', 'Oktober2004', 6, '$2y$10$3ZK8DlQXZv8rbGx7FSgCr.Ghhs1su3VtSu/dA563ywaz0cl/pYI.S', '2025-07-01'),
(684, '423221031', 'zalfa1008', 6, '$2y$10$cD9692AXXKI1.zI4AVDotOxVAoPRwnPmCgUliuuodFAiwZIIa5yda', '2026-01-08'),
(685, 'AjengRatna', 'Komala7_', 6, '$2y$10$H5JCrFQcdqS1LFekBpGXGOhQFUA1QHdzkyDazvqgYeRwJaqCs3P6G', '2025-07-02'),
(686, 'Jonathan William Yunior Tloim', 'jonathan100505', 6, '$2y$10$LviSLuNxw47yGm8gr7q3qODvOsXfi9wFWL09RzHJ4zb006uPrGZIK', '2026-01-05'),
(687, '423221037', '423221037', 6, '$2y$10$Xc1auaV7Ym3eIrCG5MzWOO3aXoLnw5zgHPjOp5lZkqNzmOtgej.ES', NULL),
(688, 'Alliyah Nurul Hidayah', 'Alliyahnh25', 6, '$2y$10$E4LFIEtpaz0/L2p7c7VjlOfTM5CZXlKwiT8Rw0N0QGdXLdRI/AprC', '2025-07-02'),
(689, 'icol', '0803', 6, '$2y$10$wMVfofQJkeqQompTAhct5ugbvMky5EieJRjlrq/NlzhKj68UWD63e', '2025-08-06'),
(690, 'Maulidya ', 'Meylina1104', 6, '$2y$10$5HuEBj9qMIXbr9MO6I/vHOtSVsu1g84WMXNwJ68pbRFjJAQ8WOCEK', '2025-07-22'),
(691, '013231095', 'lulus2026', 6, '$2y$10$SG.q8lxIo1Hb7Gh1y9e1t.C9/UJy0SoZLa9atwmmC6Cv2eKlLHJM.', NULL),
(692, '013231067', '#ggmurm1011', 6, '$2y$10$IHOcNVrPB179eKZcaoqKG.qSTsfkPFPc4HmFn7/V37STe7AZic.zi', '2025-07-07'),
(693, 'Nandafitriana', 'bismillah1', 6, '$2y$10$2O8nHzPn2luQE.1ZFjQB6.W5Of5hWyPUhzWJXFF7tMtsPLUo//5pO', '2025-07-11'),
(694, 'sellaameliia', 'Ameliasella06', 6, '$2y$10$1BR902/eyZKroxIvDdlGRea93DDRORYYo5sp7dOqLFyDwflLVaObe', NULL),
(695, '423231100', 'Qurrotulaini20', 6, '$2y$10$RYui07JGykS3aQ382tM8Xu0HuaoOptRCKNG/U7FHx3dyINznhQLli', NULL),
(696, '423231110', '41rl@ngg4', 6, '$2y$10$MUIpUkJCgW5NvridPAtKLuscHc.1yQ5hjHdmyxEQ5.MS5rQi931ma', '2025-07-21'),
(697, 'christie', 'Parkjisung23_', 6, '$2y$10$baDCOWK83N1u8CaNPVgQyeSm1YL7ScWf6rY9G8AkbwzLFzmnnPQbC', '2025-07-16'),
(698, 'Ardi Candra', 'Ardi1105', 6, '$2y$10$z7cxx4xx64CUBmlNh.MDsuHjqsbMJ8w6P5m7BEf6JUfyLUdWgpyhW', NULL),
(699, 'Berliando22', 'Alken4722', 6, '$2y$10$bh4UbLUUer4Em0NO5srNz.rbPGMa.XF469q90aNluSYVaKkkL2uqm', '2025-11-17'),
(700, 'annisanurs', 'annisa2003', 6, '$2y$10$kxSWJuXwc9xxGkGAhl3MvuthhwkenH7s.Ign7MBpANOdCiKfhV43C', '2025-07-21'),
(701, '423221078', 'pinunjul30', 6, '$2y$10$wbcBhAuHNiQWp1QWvYfp0uGEjgMju1mOsUNboOXtOtx9Ab6mJj2bO', '2025-07-22'),
(702, 'Meylina', 'Meylina11', 6, '$2y$10$sabZE63dJw3qo0Xnl2a9GuFJ/E3WdlqjC7QqPjMN8P4bx20bsFt7q', '2025-07-29'),
(703, 'shintyaputri', '@shintya04', 6, '$2y$10$Fs8F8ZQshoMx9b3vs7IwfeiIinG5AtK3P2Twh2VEA5HifK71RADtW', '2025-07-28'),
(704, '013231038', 'Alinac25', 6, '$2y$10$OxfprSe9O8pfAWe0PVz36eW2BEkFwzHRHkLVtJqkzM3ZmN4cQbehO', '2025-11-19'),
(705, 'tikanry', 'Surabaya1', 6, '$2y$10$YdUNqESdfz6xiz7HBdmVW.RY5gK0kJiNRjGOUp12FTAnM63DbmPG.', '2025-07-29'),
(706, 'Iklim', 'sembaran9', 6, '$2y$10$Yj4vKHdn4WchbVewu7zqiuhxfXnKdvF8xvsQKQQMaEgsVzYIrIkOe', '2025-11-18'),
(707, 'alfanirozikin', '46alfani).', 6, '$2y$10$0/EOvAzpJ9Q2KEt.1DxD8.O.KU2.VnaPT/DazjLAhIWRSe3zAK9t6', '2025-11-06'),
(708, '013231033', 'chintia25', 6, '$2y$10$lHhSskdWPXCexNKDB7o9BeLLwM2SOiuyzkB5AiplJMwrpIr5K3p9u', NULL),
(709, 'Jonathan William Yunior Tloim', 'jonathan100505', 6, '$2y$10$IvFOMiTxnXbC/WB07qSJ7eOptY3tX5Zk7QElQ7lIwoxH0pMwayTeW', NULL),
(710, 'Theresia Chintia Avilia Buka', 'Theresia25', 6, '$2y$10$KBs/17PYEZYV7y36PxYrW.wom9Aww3EAT9d33NYF2PsjgNSwc1x5K', '2025-08-01'),
(711, '423221044', 'metro100502', 6, '$2y$10$4NoDG/2gmsputKkG7eOzt.qGFItfuSijB98t9mN6w1JTVga67PPWC', '2025-10-23'),
(712, 'sitinurr16', 'sitinurr16', 6, '$2y$10$bMesMCfcO5S7S3XISEE8wuyMfg4rc/By4sgRGJf/n8gdVTa03Y5.i', NULL),
(713, 'Moh. Rendra B. U', 'rendrabudi123', 6, '$2y$10$rzVIKZwrIYhdUm0.q/6nz.fJYea02TcfVaMvcbRr5qbyHrvQAVeLS', '2025-08-06'),
(714, 'astrimda', 'Astrimd44', 6, '$2y$10$ofyM2iQ4kdGqjUSS3hzKzeDoPdwhoIbgYRpST.rcsgblb3CPn6heO', '2025-08-06'),
(715, 'annisa', 'annisa2003', 6, '$2y$10$2L5ENwiRk3vAAeQmI0UXGuBrN1ONcyGZvvxzrTZnEH5.zDnvjqiu6', '2025-08-06'),
(716, 'icol', '080303', 6, '$2y$10$p8WyL0p5bAc4ZHja6IH0NOWMfptShds95q24y0CAWrfl4BZ57NDS.', NULL),
(717, 'paurellss', 'Inirara4', 6, '$2y$10$dL8zaD/4zsG9IFLhXVXpDea9UPpHXyA02AkY8egNIJRt9U9ByDx2C', '2025-10-27');
INSERT INTO `login` (`ID_LOGIN`, `LOGIN_USER`, `LOGIN_PASS`, `ID_RULE`, `HASH_LOG`, `TIME_LOG`) VALUES
(718, 'danyfatur', 'Dany1324', 6, '$2y$10$4LkqrDuRDuQgrdqpJJGTc.rYUWkU0luTExdSMgYq4uDV2oqUO3pvS', NULL),
(719, 'appep', 'jemblongsangar', 6, '$2y$10$ATytXccFnMpB/QOGfEwlJO5Rutc0CsBwoB1V5tNccYpNxk9mkxDkS', '2025-08-06'),
(720, 'Yeshika Ainun', 'Yeye2311', 6, '$2y$10$Y1WDGnIo5yY9n5zEaFYQfOVbJeh3.fEMeMHk4Zd1uasWwu56G6S9e', '2025-08-11'),
(721, '423231115', '@06amelia', 6, '$2y$10$4MjNFNTw/vF9i7QgIs/TBOFHV9f.XFSWpVoMqaG53q9vdyTsYPzOa', '2025-08-12'),
(722, 'Bintangaji', 'b1nt@n9aji', 6, '$2y$10$8ZsuJBZlSVPOM8zFFxjtm.DXcj5XCQ3MoSrKTOwY4xJkZF5oLp0Nq', NULL),
(723, 'Gilang Dwi Permana', 'Club9596@', 6, '$2y$10$ldd9iZ4YbnDtvA8n7t8nxehaTAvnAbFjtZnJCV5jQU6U5h9OiAkE2', '2025-08-13'),
(724, 'harumpuspita', 'f@bul0us', 6, '$2y$10$WuKq15HpBkKBB/e41t92xOskLwXvbzRj1u4Rw2pgErvObcBDJr9Ru', '2025-12-11'),
(725, '152110783029', 'spentigs39', 6, '$2y$10$1X.dmpkN9gjDRsrGJJ.TDuU470Rxy/9/SnxFPhDP2HR6/hmPLViO6', NULL),
(726, 'dodygtg', 'dodygtg123', 6, '$2y$10$dYX3xxmstOBugxawSLHivOLuaG6l3HHDd1SKkhrVskx8WsV7fbcnO', '2025-08-18'),
(727, 'Safira Az Zahra', 'manusia01', 6, '$2y$10$6eQ3t7L3jFKzBu08wutGYOfx1N/jCkgnkVIcgnbCMlEfs6N76/vpy', NULL),
(728, 'Erliapramita2701', 'erlia270103', 6, '$2y$10$584jM8lbx/5ZHymOojjaM.K0j1cGQ6ayk6nIM1LVoM27N413rKoI2', '2025-08-20'),
(729, 'miranda2510', 'mirnat@25', 6, '$2y$10$yQ7imnxrobCsHButhpTOyu0S.js95RrPqhT4P0CxNJ3DIvZawqfXe', '2025-08-26'),
(730, 'Ardika', 'Abcd123@', 6, '$2y$10$yWwKJrJN2tOSupvrwLNr3.NLljTvBYuIucsBV257L0M4QXmYOHvHC', '2025-08-21'),
(731, 'WAHYUDI', 'rizqiwahyudi2711', 6, '$2y$10$KgAzN6UpYWEEPQCSyrfx8Onej5Ws7dB/2tJ/rsUL2B/p8XAVr6i4G', '2025-08-21'),
(732, 'MARTIN', 'John1706', 6, '$2y$10$EmksjVxAmMh11ohVYSb/1uJeqUm0DAAfxYD4r1tbyZMZb2keAqGZW', '2025-08-29'),
(733, '423231049', 'Akusukses@1', 6, '$2y$10$F9e80csyl47RJhvOdQ1Wy.Hd2St8EiMq1/E6JPYQZm569IKeKXA7u', NULL),
(734, '423231049', 'Akusukses@1', 6, '$2y$10$PAslaCCH3YNQOSdA0BxG9ul0KMVHMpahttujR21IfAwsHPPOLfoWa', NULL),
(735, 'Syafina', 'syafina@123', 6, '$2y$10$CqTbu1wCj16dbHsl5vNb4OgxX8e5SR/yEp4WHwWZeN4K32TsE0Qne', '2026-01-12'),
(736, 'farrelzerlina', 'darmokali424', 6, '$2y$10$s31gMVGoNZnydSmxYI4li.v1nZvxVUmPX2uOupCIqF8OAv90Y7vCa', NULL),
(737, 'adisyakelara', 'seventeen17', 6, '$2y$10$h/vX2L5jvqtaP1iMiw4e3uo/CcNsygg8KN0SElwKF52jnEPeqCExe', '2025-08-25'),
(738, '423231046', 'Mumucuantik7!', 6, '$2y$10$Xfm43oYEHwxWREOPtfnGEOdT1T3rkBh0jIFzQPehniP12iUrS5Tgq', NULL),
(739, 'marshyaputri', 'Mabaunair24_', 6, '$2y$10$htzC7NdqegO7ZH4s9PjZuuLf6UaC1Q8aoJjGXeJr/vSZjECURvDeC', NULL),
(740, '423231012', 'arya.2005', 6, '$2y$10$n3lgbPlK65oSw42DhF/.xOq.zI6GdrdHbZd909bWY7UQiFc07QOna', '2025-09-10'),
(741, 'noviafifahbs', 'N0v14fif@h8S', 6, '$2y$10$RF0k8HX0B75jQCdAZ4Kaee6ock9TyGUMTGxI6D6mAR3hw9sRnW4M2', '2025-09-10'),
(742, '013231037', 'Aurelliasalsa19', 6, '$2y$10$hOq80Og5IRsZ6vv.fZxHXOkDnwybOU.Omd8xKfPoIqaqvjuk8yDii', NULL),
(743, 'ridazhrn', '08juli04', 6, '$2y$10$bG4KthP3ZuC4MtktzR16/u9UNWvpj510uNUDEDU4drsP9K6KoGMK6', NULL),
(744, 'Nurull', 'Nurull123', 6, '$2y$10$z2YaiDu221uqPNzwp.R3Cevi3cus.TfprM8RTXtDWMPQLtOEiPcYm', '2026-01-22'),
(745, 'Sunshine 423241032 ', '423241032', 6, '$2y$10$SYjRMvi2RnztPU0UZDUhsOM67hF221h8CBQTvjjhJZxKxY7anueK.', '2025-09-24'),
(746, 'anastasya08', 'anastasya0808', 6, '$2y$10$FzB.qAVjTHiBt9iM3KksuOIMX7uB1pu4OiR9IdtMepeXihgyb1B82', NULL),
(747, 'najmifayruz', '725ami725', 6, '$2y$10$ToFDkfuwJwdTtLFsq9U/T.fBEFM6tWvo3GvWck9xxMMp5ThdaHJpi', NULL),
(748, 'Hibban Maulana', 'Maulana2005', 6, '$2y$10$hNH.mTWKMlgw79t8ZuyueuWD1tQ5/nIcY8aeItZPIEBuDUuBrxBja', '2025-12-15'),
(749, '423231007', '5iti@l1f4', 6, '$2y$10$ZkgvoUBcQPGztuij/fxEgee5qiMG7ZqmYYRMoPPuDFQLHU.F98ktG', '2025-09-30'),
(750, 'Thania Audrey', 'Kamu30jelek', 6, '$2y$10$Jw8w.AG/PH78ncY4DElPo.twfuF3gmtxi8rQZyp/Ghm3X0hX5ukbq', NULL),
(751, 'Zetta', '129575', 6, '$2y$10$o//85YdnRG3nxXZYV16NM.4mCdEVNfhweQnaW.kzurQqzJ.9.FvEy', '2025-10-02'),
(752, '423221035', 'mutiar@10', 6, '$2y$10$lXceSMPLsIa5Ta0RCNTD/udRmaoFb3nSgzpXa6XRQnq8J0S0Tcjuy', NULL),
(753, '423221031', 'zalfa.1008', 6, '$2y$10$Igrd49HP6BzVJOKvq8vLROJ/eZJilv5Fco08NMRxj3VrUQgRwtvl.', NULL),
(754, 'Shelly Rifania R', 'Unost@ko01', 6, '$2y$10$cn3Bf0qjPu0bJm8goamAJu/0aFBBsv6xoz6PmAcS/VtBj/5pL0Y56', '2025-10-02'),
(755, 'Ghina Salsabila Qurrakhman', '31j12003', 6, '$2y$10$ENtb.1ODIEatGQHDv4r0beVC74CwIwh7b/Yyn4ER3dq0yUA6i6d06', '2025-10-06'),
(756, 'PRADITIO', 'ikkorizky0206', 6, '$2y$10$tCHclwU4d//Q.0POD8rpuuZKibgHzUBLTnAjYkiyCHxMtQbOC2Wz6', NULL),
(757, 'Ghina Salsabila Qurrakhman', '31j12003', 6, '$2y$10$xE00WWsfUI8r6OnNWQzulupk6L6SD5d9TiC39un9iABgB0LPHTOEe', NULL),
(758, 'arya087', 'hibran2005', 6, '$2y$10$rxJixqmc7BThe/c3Pt6VCeXwnJNQ2v9PgeWvuQCA8abr5ReyB9QXG', '2025-11-11'),
(759, 'Helda Okta', 'Helda20', 6, '$2y$10$zAuhE5O8aDKCgE0SliibjONd3rwQ9QoWoJCG4ezQDyPRKoUVDj9gq', '2025-12-12'),
(760, 'MINK333', 'MINK333', 6, '$2y$10$KNFozSP9jiYhLfCBo5K9J.90IEpA.NReL3/VWLMxlTG9ksSa22vp6', '2025-10-07'),
(761, 'shintyapr12', '@shintya04', 6, '$2y$10$kXxnXjzTPRIKIjeohUo11O/jOqveq0ALkPEaMW4xv0urZY/bWEytC', NULL),
(762, 'helda okta', 'helda20', 6, '$2y$10$c5jmgf/xn12.CSHBr8ywROArWsSZ/RUvZ3zXsAB7Jt7CPDVlzHUtu', NULL),
(763, 'firda', '1301047455fi', 6, '$2y$10$M8aAeAZCXKYZ3jGXL/zjfOoPmpeTbszj9wZj3GhFCbNNr0GN/J7sm', '2025-10-13'),
(764, '013231109', 'ars44444', 6, '$2y$10$VQivlC/txDnr8qbuMoc3eeTd86ipnFkY5dIPFgR1SUW5kQwS65fl6', NULL),
(765, 'Silvia Hardinasari ', '23silvia', 6, '$2y$10$QKim7mCCkfSBNlbb9g.xru/es/8Sdz9PQ1CdcivynBHVap2JlTjc2', '2025-10-21'),
(766, '423241048', 'oktavi01102005.', 6, '$2y$10$r4RHBzuv6/L4ZxNIZ2MW7euvEvtsYrF5AtT4H76AaDCpqF5oAXfPu', '2025-10-13'),
(767, '423241049', 'auliaiklil@0813', 6, '$2y$10$GuT8MqOKc/qmTkJJB7944.evA5kCu.mj0QZE.whYH83igR8Hyf/RK', '2025-10-13'),
(768, '013231040', 'feraFera55', 6, '$2y$10$X.BOjP.NYaXm43bUeHVABuQq8oThQmHDo0ov7xHIeATLyZ4c6MKTC', NULL),
(769, 'egadwinovita', 'egadwi123', 6, '$2y$10$sPduScrWrcCyu.CY4vIJ0ecXoZW4NJ9/YUDqNAxsUd4OWyMhulgqq', '2025-10-15'),
(770, '013231029', '@Tiaratiara04', 6, '$2y$10$kwBkpTHknMt1TMPed/lJHOxKFF21IHa4V4KeTQCq31GaOi543v.SG', NULL),
(771, 'azzahshabihah', 'azzahcantik22', 6, '$2y$10$5xAwOkyZCmtBA.u8JjggzunJGJ4NGxuAWKVIIzgfi9QwHHZeYSDoC', '2025-10-13'),
(772, '013231025', '@Cybersyifa04', 6, '$2y$10$tVxlD0OZi.dRbFctzgUW/.GF50Ju42JKAwcc4yfRmMtohUkGxNvS2', NULL),
(773, 'candrakanti', 'ayucantik', 6, '$2y$10$DJlaimf.v3DCD6PKTRQdi.WG2KRaayrN6SoXmc15QhCsm8bofalhG', NULL),
(774, 'adistiara aqilla', 'Adistiara12._', 6, '$2y$10$RwI5DzeROei9a8RSysUIIeizRMXgjhzmMRdgEKb4snzIoZKVKa00C', NULL),
(775, 'Ayu Candrakanti', 'Ayu12345', 6, '$2y$10$KXzpQ50n4RhBV6iWzFaCpuaz3kLJsl4leeRxFy1V2aAJeECmRI.Iu', NULL),
(776, 'Ninarvln70', 'Ninaunair456', 6, '$2y$10$IGyPfXQqMbmsNbKC.KbTouFzqzqpEP7ad.jziSL5TJ9Uxx1cRcZ0y', '2026-01-02'),
(777, '423241101', 'vokasi@090725', 6, '$2y$10$BHhDUj0f9xwh5UG3Cvt0cOYSr0UpDLJk9EI5sDXVJbG3gixF00D.i', '2025-10-20'),
(778, '013231090', 'Vinka2004_', 6, '$2y$10$Tr2XN7f5BKFTeuHUI6W9ReYcfzBew3wqVF.pZ9WuLTsvoodsSUNpa', NULL),
(779, '013231014', 'Ekkaputri04', 6, '$2y$10$v/emzTybPVoXgHMV8xUideRcUtwU8q8SnawMDCpfJFs19NFo8iBZO', NULL),
(780, 'dinda.roswidta', 'Dindadinda2019@', 6, '$2y$10$9FMu7EkenBYaZjlIW4cpHeC.JZYRs4AdrBz8SnCAqFy.kKg2n2ZU2', '2025-10-16'),
(781, 'nailamaizaa', 'Na123ila456#', 6, '$2y$10$1BDZeUvb8QNawQDC794dLOSX9xWE8M83TZ/jUG8oOeD6sN00DlROW', '2025-10-16'),
(782, '423221041', 'Jar@281105', 6, '$2y$10$cd4NmM1YfmwXAzr9KAb4A.wbFuK1vRoXfWyaPafQsMF.F0NI0r9t2', NULL),
(783, 'dimas aradhana ', 'jeleksekali', 6, '$2y$10$7z5O5aTGkkaTTwuZJqqrh.JE50C6pN896xXBGP.77YabDtKBL.Rga', '2025-10-29'),
(784, '013231060', 'Ariel2003', 6, '$2y$10$sZ6Nycip/vuE.56AofsuJOudmjSh4JhW4ltIdgEnIoIL2D9yDLdT6', '2025-10-20'),
(785, '423241097', 'zakiyahnailulmuna07', 6, '$2y$10$PY8BB26sXWAfSJAT76nr8.FPb2nI7CKRHOKKuQ9WXvE3jg4vnFJSW', '2025-10-20'),
(786, 'MINKEEE', 'MINK333', 6, '$2y$10$z0xx3Ts5.Hl43ssHSBGED.yuJA/5HRbMjHkFcIQn7jwdEzmBplcKy', '2025-10-20'),
(787, '013231058', 'Renit@05', 6, '$2y$10$GmVqeqQw4KJ25VxF9gSq3Oi/lFj16ZiZpLHhHylNxHA3r/dOvEJj6', NULL),
(788, '423221044', 'metro100502', 6, '$2y$10$4otzpzrZbADW1XlaHPwCie2ThF6l51FjM4yWMDMLL2kG4kbf4sQnG', NULL),
(789, '423221079', 'manahapuda21', 6, '$2y$10$awvbIuPyTmrc9.h28DbcBu6GtAJt6gopWYWf6r80Jqh0iy/o6AMsG', '2025-10-27'),
(793, '423221079', 'bordamn21', 6, '$2y$10$Ta9s8nwdNVRv/Rz8EUH6q.iHigBw91L2tBTi9O7HIcw5AP5dLEQfa', NULL),
(794, 'diandebbiannabillah', 'Ayamkecil19$', 6, '$2y$10$7TjTtIkYAw83O5FQqbXWvewCVNZ8IXixizam.1ny9yb/volh4hUGG', '2025-10-23'),
(795, '423231017', 'Umari016', 6, '$2y$10$e.e0.iZvNuoTMU9PySowWevXRWUmuCd5h0Yni0nzQBROb9mg1bfZm', '2025-12-02'),
(796, 'valshaa', 'Valsha12.', 6, '$2y$10$VbFEusR1F.rpoqqQbVvGAejTiWPSpVokfaWmpXqfUvhfakAIERkyS', '2025-10-29'),
(797, 'evenyangelita', 'evV@nge1', 6, '$2y$10$A0JTYdQiCohYdPcdVeZ/5uKIyJBuedz4SMXJ7BfAp4SBbZzEQIReG', NULL),
(798, 'Pietyjoel', 'pietyjnt875', 6, '$2y$10$nksRHihkr1Rxpd6I2.u0UOgn5YVAd.lCFzX3ymDlMuhc532cHlmj2', '2025-10-24'),
(799, 'ristaap', 'rista@210403', 6, '$2y$10$PvQbg9cKtdqjXKLXbVYvM.iZlpMeDpmF1PQoPFHPWB5om9jt1b4Ma', '2025-10-24'),
(800, 'ResaDwiAnggreini', 'dwiresa073', 6, '$2y$10$432R76ehHGbIWs9iwMKHO.tIT4TzZCXJcaQAPjOXFUUFULGCjVyf6', NULL),
(801, 'ilhmrsydi', 'Sleman1976', 6, '$2y$10$XNGLDYRU8b8xaYoPMbu2m.v3DdOfl/mFhzsyrnvepQZbDCfG6VQ7O', '2025-12-11'),
(802, 'INTAN RAHMAWATI ', '@p@l0j3l3k11', 6, '$2y$10$hiNOrDu8cnKUw/m//vvzEOYZQy2ZQqrZ7SNV6gQ2IS9FSzxkpYh.6', NULL),
(803, '013231107', 'Artikasp27', 6, '$2y$10$XZnTigTWl6IIz5SYzZFXe.hfUf4krYfhrQc5Pk0EWp/QmTX9rej..', NULL),
(804, 'Junnah Nur Lathifah', 'Junanlaa12~', 6, '$2y$10$WEuG2NlVUbiHpK.M.K/1mOCsFU0.4s0/Sauho/mLp0Th5aWtAZYVK', '2025-12-24'),
(805, '013231050', 'mil@08032004', 6, '$2y$10$YI8YYjg4tDCqBw39Fs9njuxetUKRi3ON2.KEhBaLif3XvwUdWniWK', NULL),
(806, 'frafi841@gmail.com', 'zanrafi23', 6, '$2y$10$tfQ3ZAdf3olU8wZaednE7unho2AY.jer5.KG50hZ3QCW15v.pm43i', '2025-11-11'),
(807, 'Lahiria', 'Billa241204', 6, '$2y$10$/AEV5laHIwOJMB5Es4m7X.Q79CKk3h8thDMTn8pGzN1/FQgKOg9qi', '2025-12-17'),
(808, 'noovalitaa', 'MociCimo22', 6, '$2y$10$y.Zn57XBmnF4VmERro3fmevjz3qOQkjD4pts0d.FVjuJcfI7gB6Am', '2025-10-29'),
(809, 'adivti', 'adivti123', 6, '$2y$10$jRo1X9rx913qnbnSY7I7POKkZFfx2XYz5/WateH/V64028g8Fmudm', NULL),
(810, 'Hasana', 'Pratama04', 6, '$2y$10$o5qNwUSsT6KYErWi65rSLemEF0gGDe4cW4kF0EgSNK4Z1fgAOBdhO', NULL),
(811, '013231073', 'H1lw@dhafira', 6, '$2y$10$5.jPZLGa7C7kAUaxfjthlucDw55ylWnMI1sMztZlBsHMdz5mrRwjq', '2025-10-30'),
(812, '152110783041', 'Mrt38061', 6, '$2y$10$7Z/6.lKFtPXoA.wPAxqxGOpGy91HcMWJSiRFCOOBcXw8MZMbxmJY2', '2025-10-30'),
(813, 'Diraaafr28', 'dir@fr28', 6, '$2y$10$6NEQSfam1khEBj3RDrkUH.wYwAwM.9CwbkEeBiVf0WCSuGKdT4LwW', '2025-10-31'),
(814, '423221040', 'sy@mmm15', 6, '$2y$10$GklGSang1zaM6jfuGNcl7ONICJey8vo6v2H06DXdtl7Vl.GOjTZ.6', '2025-11-06'),
(815, 'racka25', '014785Rara', 6, '$2y$10$s3ySPe.ta9EdUSm7BBAxgeTmQ63uzzJKNj8HQI7TTmboloij6G2Ii', '2025-11-04'),
(816, '013231108', 'avi2005', 6, '$2y$10$9gLdVvkvHw2cZQx9X4dDGeVETiKuSjhp7zKe1yklowFGgzXZsXQIO', NULL),
(817, 'alkenberliando', 'Alken4722', 6, '$2y$10$kXTmErlaKOsYqHSnB/v76Oqp46vNGLCS4WukLPdsL8rBFvRAmvKJy', NULL),
(818, '013231057', '013231057', 6, '$2y$10$6a5qJiztz.paiyOqf6jG2uL1s7dcWd8J1V7dlvzfaad/.Yz61iKhu', NULL),
(819, '013231083', 'Nareswari26', 6, '$2y$10$Gc.Ks3qYwXKYRIrjjUHei.xUbgL/rys9NqQT7Ywf5iMQdPSRxApdC', NULL),
(820, 'aruna budiarti', '4run4bdrt', 6, '$2y$10$/UDvJXgYmxw08w/xghPNKeUEBpExLHX6H1KXRous0IqJRXbC58lCy', '2025-11-05'),
(821, '013231017', 'erweter123', 6, '$2y$10$lKn01OHl1LMLLO/QgnhTC.Snp0DQ62C.NdzQIsqkhdQgp8WE2pb/C', NULL),
(822, 'adems28', 'imajinasiku28', 6, '$2y$10$geLFaH.BNZOVA0DyLEwuJ.W4McdQZirnti4.Zq.2XwpRmwDDBPqKO', '2025-11-11'),
(823, '423221015', 'rt01rw05', 6, '$2y$10$eHo4NzPqTRzs0/KnhBUJRuJFej5B5d8x72fldwmHSF2Mzx9OKgk3q', '2025-11-11'),
(824, '423221066', 'nwadyo05', 6, '$2y$10$eY7wh6aFb2/A6bLYPU6IU.hyF0IQNciANHjGbpzrCI7qbNRE5FdsG', '2025-11-28'),
(825, 'Lutvionafr', '811223', 6, '$2y$10$XniJIlV33tkUGc5z1.20sO1ZibMk4Hp5bnqjyzzCLz0LGbWX5DKje', '2025-11-11'),
(826, 'salisa', 'SHAwol00_', 6, '$2y$10$h/kAMHRcHsNNFua8qFI3wOWzjYiBLpzA5pY2BHowfzeQGSHU80CI2', NULL),
(827, 'nisamuntafingah27', 'magangvoks27', 6, '$2y$10$k6pjqXGJPg.FGt5vA0uctuEWB/OwAuUaUEm1EVsfEaRSrrWRAz8sm', '2025-12-15'),
(828, 'helmi2022', 'Alanwalker27', 6, '$2y$10$6cG.C5ZbwDwEpqjefRvlE.g1w3cGwXXpRUuNBzG.GPrT4qXRL59F6', NULL),
(829, 'Billysugiarto', 'Billysugiarto143', 6, '$2y$10$GWbWnLYrcNGXo/DTBMdY8uwUysBZZy5fIBhq1hY9zBgtglD3mnMJe', '2025-11-12'),
(830, 'ICOLLAAH', '080303', 6, '$2y$10$OqOg.E0Wic7SzLXIGQMt/.LGVulbsuKO5eTa7dq1P.ErbPPe9ZMZi', '2025-11-13'),
(831, 'Sri Utami', 'Cici12345678', 6, '$2y$10$FzLhdlCaHvBh62Cxsgj2cOwLAzMRnC3zEMV87h62sZd56TFs45cvu', '2025-11-14'),
(833, '423231093', 'Zahroayu31', 6, '$2y$10$IQnYz/jEG5CGQwKkhrKg2.Ke3jiUdXp1rbUf7Nft0PkJdlXudGUGW', '2025-12-17'),
(834, '013231131', 'Wildanganteng123', 6, '$2y$10$ndQt81R8dg7PZQO2FHHrquSqvYsgoaQARv/.9fUwWg.2hP3t1PPWe', NULL),
(835, 'yusron', '123456', 8, '$2y$10$uXp3.hg2GsALu6qSeZhyR.fXvMDwDtA9ATU1CefKeJn1JqRVv2N5K', '2025-11-24'),
(836, 'Berliando22', 'Alken4722', 6, '$2y$10$ir5qfQ4o2u1kv9bh6eyqNeLMGESrLeXXF2mATh.akZiPY0KF.RwAC', NULL),
(837, 'Helmihidayat', 'alanwalker27', 6, '$2y$10$IXLTKcDnY0dDc/Lvl5O1BOqhTwY1IxPcyIDs5ZC6bof31dm.SaGia', '2025-12-22'),
(838, '013231107', 'Artikasp2725', 6, '$2y$10$2s8J4z/5PekRrrg4NozWye0R4vAlI509cYkAII4Gk/y4OYZstle5S', NULL),
(839, 'shofia.risnadiar-2023@vokasi.unair.ac.id', 'Shofia2203', 6, '$2y$10$CRvE.GZMXiQDTkG7JSRBhe5lmxD50t.d0uBtKBrLPAingDX5neyS.', '2025-11-18'),
(840, 'Kaylla Gisca ', '123Kaylla', 6, '$2y$10$GUvgUx/QWsA1OwUXAGYR1unMDzMizAn1pAkminnZkhkYLvTmS3bQa', '2025-11-19'),
(841, '423231006', 'amanda24', 6, '$2y$10$0HepM7Txk57BG4J6JUlLPuwaw161GZPBrYpdboTiTNfH/8v8WYCqC', '2025-12-10'),
(842, 'nadilla', 'nadillana', 6, '$2y$10$G6bwgtrLEJ0ivagPx7WW6eXEIzyz4FraMs7Y084w5JvX911raU35e', NULL),
(843, 'widwidia604', 'iniwidia04#', 6, '$2y$10$6HwEly5kpKRvyZp44RlmeuFNGa0feCXwRPo7CXgj0i3zOHG6VT4d6', '2025-11-25'),
(844, '423231096', 'noora05#', 6, '$2y$10$fALDV1ClISsFBwmcMygSm.KsxaQ4PCLkbY0CkcRF6Ap/hHxHf2dsW', '2025-12-10'),
(845, '423231074', 'Surabaya1', 6, '$2y$10$q5M9.5KnCOuYMAPZVwSxsuucvZpFJNbHUKXaj2QVv68qO0o9YW89e', '2025-11-25'),
(847, '423231074', 'akunbaru', 6, '$2y$10$ApcXvA/RGuODeqpEVDbC7ePAwjlEl2/QBFoC35RfXvtM5RnWEoRZG', NULL),
(848, 'tikanuriya', 'akunbaru', 6, '$2y$10$oLhTP1E9z/bWoMVRrgTV5er5ngrivkhksmTuM.w8/MWP9QyWUaQFm', '2025-11-21'),
(849, 'Alvi Wulandari ', 'Alvi1234*', 6, '$2y$10$Q.ebtXWn/Sgvp7UhD21nzekaWKsYUDJLtvmZqN91wbDNxTbSsxA42', '2026-01-08'),
(850, 'Alvii Wulandarii', 'Alvi1234*', 6, '$2y$10$El.7hsrAt.yTq8APhEUIPeB8wHBzg.zaHK2PJH73LGlOFA8yxfriW', '2025-11-21'),
(851, 'ALVI WULANDARI ', 'alvi2004*', 6, '$2y$10$pZja7S9RdPKMDi2lSV7ceOntl.lahSlH4mVI0JKNygArnOnqh.7L2', NULL),
(852, 'alvi wulandari', 'alvi2004', 6, '$2y$10$Z4qqQhsiBJNbTetjtH.ahuJ/4wLDnkCbmfcdhOp.oPrkMtMghoUBO', NULL),
(853, 'Nikenph22 ', 'Gymmen-socja7-tivdet', 6, '$2y$10$7AhuuFthFskgjqqAg/7ilOEoOtggBovLfr4yvhNPVHgeoJ0TKijti', '2025-12-12'),
(854, 'Shallom', 'marabahan77', 6, '$2y$10$K2uPaqgo4WZ6i7bDCA/fouDSoDUo/mxPjl0eG4z5TN744QVlKgovW', '2025-11-25'),
(855, 'Nablsa ', 'Nablsalmaa20', 6, '$2y$10$FbyjdnzcgXwPMLuPf4tTtelW09tgw8VesIk0mCf4lvTfrZcEyAgli', '2025-11-24'),
(856, 'Septia Ningrum', 'bojonegoro2020', 6, '$2y$10$zuuB5R0pE9LaVn9VqOSd1u9OhIuyEHq/9XEjshjLuG28VqMcewDqq', '2025-12-16'),
(857, 'adivti', 'Adivti123', 6, '$2y$10$Yq5XEAWA0FjuO2AF0XWFbeiM8obXZwSdYRMlqoDpqol57tT0DrHhC', NULL),
(858, 'Shallom', 'marabahan77', 6, '$2y$10$l5yokn5z4x/XKY1z2K.7nu7XeZEiTOKbPP8ZGrsU7luotemowB8gC', NULL),
(859, 'Selpiya salsabila', 'S4lsabil', 6, '$2y$10$m8ezVqALQdYxOgEqlHgL4O5NeKzJsg5Ayj9cz9fH1PrynKfucCQ3W', '2025-11-25'),
(860, 'Septia Ningrum', 'bojonegoro2020', 6, '$2y$10$nHpoFn5ncAoGpyOQ9vmoNuGb2pLURDCILUldJs5kNk855dwgzgRxa', NULL),
(861, 'Syafina', 'surabaya123', 6, '$2y$10$OMqByzAEH6BNPb2W0L6o/.M6oYz.7hYbRmI62XWPRFRXUN109ev4.', NULL),
(862, 'Arba\'atin Mauliddah (Atin)', 'atinmm4@', 6, '$2y$10$9.g33SWKK5pYd8dnd8zOmuS2qhINemPv5QzE0kpokBl.O9ToalyIC', NULL),
(863, '423221035', 'Mutiara5', 6, '$2y$10$ED8QsjyGlH8B2SdEG4qzzuZkHcNA2bQzozaymxu4.iQz75o8h0Bn6', NULL),
(864, 'Paulo Fernando', 'GR1EZM@NN', 6, '$2y$10$DhqzrI1/fCMmz2YTsYXYMOioZTvIh/RRO69QlEkzLpIBVeBSlepEW', '2025-12-03'),
(865, '423221034', 'Salsabilla03', 6, '$2y$10$zAVOvc18RS8zARSdJMtxVexUiWeTFbIkXzl/8QN94tRcw2dsRIFcq', '2025-12-22'),
(866, 'berliando11', 'twdy9979', 6, '$2y$10$qCjzagnxK0e/QDHmdaNq1uyZ2sLpfHrB.mkf4D0x9ZSvyZHiBlLaC', '2025-12-03'),
(867, 'narnogantenk', 'narnoselonjor', 6, '$2y$10$zBPdUIeTPaYlQW6kjw9vJOfZrG9QFzt1B4Qxs/pQxC7BZmhwkMBZ6', '2025-12-17'),
(868, 'ifanvokasi22', '423221006', 6, '$2y$10$/6eW92LTezjxkUR9pWzSZe1jEJrjU9NEf7bkV66cB3enY4leSxZRG', NULL),
(869, 'berliando11', 'Twdy_9799', 6, '$2y$10$5.WgPB8P5h2TDuqU1PwIgel8trEA2wSAw57FwbYb63MU0T1oi8Jbq', NULL),
(870, '423221046', 'menujusukses123', 6, '$2y$10$RTk668A7xgoZpZScgusBVud5Yt5j5ix2ebzPBIXBNCd1FlIol46iW', '2025-12-15'),
(872, 'Billy Sugiarto', 'Billysugiarto143', 6, '$2y$10$I49cWHuFm1.5/l3LfhiAoeIfOamT4gfHg2QN69HfbcJVfT4I.ZawG', '2025-12-15'),
(873, '423221033', 'alanwalker27', 6, '$2y$10$145wD48zd.vedcQCtmmMP./PYzvgV5RliG5ID5BfzYEcpxD5Oq3aC', '2025-12-08'),
(874, 'harumpuspita', 'f@bul0us', 6, '$2y$10$gOauWVovfbNq6duw4UXfZOZSHtp1FMBnsu/fbNZibKHmtQdJaGQ5.', NULL),
(875, 'Septia Ningrum', 'bojonegoro2020', 6, '$2y$10$UI99y1R3fKj6uNHbcJHiRescufd6cklofZ8SjCCtCSphwU8iv9fGu', NULL),
(876, 'Putri Febrianti ', 'putri25febrianti', 6, '$2y$10$DZnoyhb9vPIlEN4vBThZ.O/9Yhett8jaJLseyQjSDDUZy09XXUDH6', '2025-12-09'),
(877, 'Sarzy Septiana', '19092005', 6, '$2y$10$g8We//hTZ0Bst2EEAQuOm.iJv3zcq8..yg8aIgRH8fu1iPkYGZfuS', '2025-12-09'),
(878, 'arya noramitha akbar ', 'D3st@nia', 6, '$2y$10$ofLJklV/wUEkhN0XJMYM3.wJnwG4R82CstSe1ppW6JFeb1mlPJ9aS', '2025-12-10'),
(879, 'Dinda Amelya', 'Dinda09*', 6, '$2y$10$06A2UDX9ZT905gUkLW6bqeegGbw4KsB/EcR9DbIOhtiqlbk7/0aNe', '2025-12-10'),
(880, 'Mei Nila Anggraini', 'Bojonegoro12', 6, '$2y$10$kQLbB8GIhMqBxjw5EE/WuOg7f3s/ygLkgl8O1tgwbz3qJ.YcGhwTS', '2025-12-10'),
(881, '013231100', 'Tsurayya@123', 6, '$2y$10$h.xhU5y1tCK44ek6Kb75UeAMv76X6PqJfncD4AE1jXY6sfth8mPMi', NULL),
(882, 'Helda Okta', 'helda30', 6, '$2y$10$M0nkuJpxW2GYAuTh6yj40uWS564j5PPYn0ItzPB.9BfkvqOI7j9b6', NULL),
(883, '423231006', 'amanda24', 6, '$2y$10$3JNdTR.reGswuQ2yRsd5cuhSWaTO1qQstPmWBawz9cDX6Sfg6Q5vS', NULL),
(884, '423231096', 'noora05#', 6, '$2y$10$cCYQBU/Ev7j3n/t1Agm.xeTaS5FgYCzR8YlevcB5ScLoqUkS2Z7Ca', NULL),
(885, '423221021', 'Fransiska18', 6, '$2y$10$yMPtCGcBo6ATMc5oziq0zeYtt7ObNL6yJzGk7Xs7S8lrHXASgC0MK', '2026-01-20'),
(886, 'Johanrudy90', 'Johanrudy11', 6, '$2y$10$vRAEqX2noo4kByhd0qhAUOv.3brFG.2LgTgL4XZBftFxvGgEH/ZtK', '2025-12-11'),
(887, 'hibbanmaulana', 'Maulana2005', 6, '$2y$10$v71Czqb0/yS4LXiJ6vCgEujecyF1IQAhWinrVxG8Eki09t8U.MFSm', NULL),
(888, 'Devi aprilia putri', 'deviaprilia2004', 6, '$2y$10$uomnM2ewH8946P1Fuk3kqeaz7RQLrCVzonLYoqAoMhhcmBIWrvjEa', NULL),
(889, 'egaaishaa', '3G4@ISHa12.', 6, '$2y$10$QTaVO.bg7xylTHuAtrUSv.dGndb0Lsgt7Sms3cZnQ4veddz2cePbW', '2025-12-11'),
(890, '423221021', 'Fransiska18', 6, '$2y$10$xI32iPj8avrFDLYNGFHVfe6XKjpwc5zE6L47oJdYkIrjh1YxL2Wim', NULL),
(891, '11berliando', 'semogaberhasil', 6, '$2y$10$1CXsT3bIdkamZ/en7UsTSOFN8V/28u067lE6UGC49gsH.reANbmCu', '2025-12-12'),
(892, 'Adinda', 'Cadin11243', 6, '$2y$10$wjumf3RynuZFBfXW2NRhbuyJ6h8gR/wGLIb3HoUNO9vDpt2YrzPKK', NULL),
(893, '423221030', '@r1vandazaria', 6, '$2y$10$Wd2doY4BJfJSeUb7HqgL/ujqjHUfE5MTHciNymQ./xZdmfR.UBVNe', '2025-12-15'),
(894, 'luhut.butar.butar-2022@vokasi.unair.ac.id', '123456LME', 6, '$2y$10$q5/CpZqabakWGloZIWV1l.cbghrD/h4U7.9AHLIlwCqosJWUQH4me', '2025-12-16'),
(895, 'Cahya Ningrum Aurellia', 'Ca202629@', 6, '$2y$10$hIS/M.9bW1gEpxfX3IIoIOOhV/gF3sDxsyz6kSPBxbIa7uUfiij8u', '2025-12-16'),
(896, '152110783005', ' Arumh@d10902', 6, '$2y$10$H4BrbGiCN6PeDD9JW6.rgeMR4gHeOpqFNgrVyrp6h5SI7AZnrowWC', '2025-12-15'),
(897, 'nikenputri22', 'nikenputriH22', 6, '$2y$10$tNbQ1OaDIojydLURBo7U2ukKXiOOTPXKcoM8BZ939Ci5/dUfjgrrC', '2026-01-08'),
(898, '152110783053', 'Pastib154iya', 6, '$2y$10$4YtPcHWwvIRnNIoqVmNTl.AucQbgfGGUUgVKH6B0NhK02jv4xSnXK', NULL),
(899, 'luhut.butar.butar-2022@vokasi.unair.ac.id', '123456LME', 6, '$2y$10$w3sSjcXKK0yM26OHOpZXN.wKpFzv9wUqlbl22uqvgAWMrUPq8aRES', NULL),
(900, '423221035', 'Mutiara5', 6, '$2y$10$Ld.c9Szkw2/Aon3Vfp3jCeEPee4PJLblGvPDiy2Zi.YxMzgJeI.um', NULL),
(901, '423221056', 'Cadin11243', 6, '$2y$10$hZBKkK6pKfMjMH.iEHkWR.OWioqrA8O61KuqlhceoKNicgQND8Jnu', '2025-12-16'),
(902, '423231093', 'Zahroayu31', 6, '$2y$10$2TV8U/7QnLe9P3xlZ92CcO4cfrlNYZlxf8qZdnKZmaptfJSsvptAm', NULL),
(903, 'fadhilpriam', 'fadhilpriam123', 6, '$2y$10$UPZjiLsaR/EIpsyoxgo/Kes99yX.ZNZNMfX3Jl0ER.r8mx2hdhOeO', '2025-12-17'),
(904, 'ozi.dan', 'Dany1324', 6, '$2y$10$X8qu3/6OkbYb5fgIZpUAYu/IhFhiJNqaRkVJxnGD7nOUBKoIqSdhK', '2025-12-18'),
(905, '013231064', 'Dnprlsln4', 6, '$2y$10$/d0FIg0DMMzp9Ged0YqYoee1VhE8O17x.hlHucNdaZFcOOzAK2J7W', '2026-01-05'),
(906, '013231098', 'Nadila123', 6, '$2y$10$W/iqdEXijNY7L/qW/vzgq.fJf58Dd6sNxsA/kQbzwu0pMASu/klFi', NULL),
(907, 'Anggi', 'anggi', 6, '$2y$10$bNl.0FiDgVQLxj48sdv8euCd9KPg8.R6BbIPeCiO91WEDAx0bOTiC', '2025-12-22'),
(908, 'Helmi', 'helmi', 6, '$2y$10$4zt4bCqcyTGf4kw5qYOlN.XU2yFAG.rzmE/64GqVN5JA4bPx/UMnm', '2025-12-23'),
(909, 'argik', 'dartvader987', 6, '$2y$10$hnX1VFfeflEfopFoXFWl8eKdCOWCXD3p8j0rh54sF123I9RxmAwoC', '2025-12-22'),
(910, 'fresky', '123456', 4, '$2y$10$ga2Zi8D3oVMWFUJaTyk9OuSjv9zEZmBR5V3rgR/PgGinj8dJDJjBW', '2026-01-26'),
(911, 'Athayaaa', 'senoxspeed234', 6, '$2y$10$SHj3hfYiFQNes/Y8tVcROO95cifvzdGdvqDqrtupKcEBQ95s3iUJa', '2026-01-02'),
(912, 'Ali Zulfansyah ', 'Unerub2024', 6, '$2y$10$0n2Xxd7tYphjXiwyckoUGOZEqfxtxNq/WviT2ClP1aJJtoFm5qp.O', '2026-01-02'),
(913, 'Moh. Haidar Ali Zulfansyah ', 'Unerub2024', 6, '$2y$10$dyDXXRpgs7Wfc68vVEJiI.dUloMdOllEj/UUUX5LIzRjUjtJqrp9K', '2026-01-02'),
(914, '423221017', 'Nailass20', 6, '$2y$10$RukF1BW1oAIlO7dFGFZ.uOMZU8JdeF7LRIWmCHxvaoB5Omu4KhTgi', '2026-01-05'),
(915, '423221025', 'sitnad01', 6, '$2y$10$2TbpyIBnta9ohiNTC5lyyOeYJLZMn6XgblU7eL5ZEGwEb83N6dPam', NULL),
(916, 'mohhamdani', 'Dani4321', 6, '$2y$10$My.HUsNWY8OMsNi54/bx1.a2.nuJ/3/WYPPfA8fXvGdkSA7qfg9m2', '2026-01-05'),
(917, 'awan', 'Gunawan12_', 6, '$2y$10$x4C8wT6FBWQrIsYu0ZFR..hNzvSahc1pOf94PaUC4auNvg7Nu32tW', '2026-01-05'),
(918, 'Marifa', 'mpdvokasi22', 6, '$2y$10$9ZOhffAyZyiRiajKKH1RSuEqy3/7Vr5tBd1yBrbLTcf3RCmqPSooS', '2026-01-07'),
(919, 'azahrassit', '26sita26', 6, '$2y$10$hxZCtX3ft.Uw.bA.mtLmhuswKaFAcu4Avis/hHbUP2LNAcfa9mS4C', '2026-01-20'),
(920, 'Nur Laela Azizah', '235758tI', 6, '$2y$10$U0ooZpbn6c/t9A.0222Kv.LiFgVWUZv1nQybww9eB1sphUOoB6XkG', '2026-01-15'),
(921, 'Alifiyah Rosada', 'Alifiyah27.', 6, '$2y$10$E6KUGyXRWc1kb0jGdln68.oc9vg6ws3F77YZY7zV2IS.PZEfFKzJy', '2026-01-13'),
(922, 'Valerio', 'vale270901', 6, '$2y$10$ryzpsUcAdYxCSsXfkbTl8OyXCmdvoXS46DLB.oK146uJXiY6ckdRC', '2026-01-20'),
(923, 'Maulina Nur Hamidah ', 'linamnh02', 6, '$2y$10$E9eWaUdAlqk0C.KZUTrMoOS5sWsH21nFXWkjEsVHAI4C7bGvHjSiO', '2026-01-05'),
(924, 'Ayundik Permata', '19juli03', 6, '$2y$10$3O4ZrnqUFX7PxLbfoPTAJO8nJRAEaZB.gsPyu81fgclH7PGnXJKKi', '2026-01-06'),
(925, '42322005', 'manusia01', 6, '$2y$10$Q3KSO.RU0HYY.01wyskO3.pytFaZgfdGk9uMvLsS7YAG1Xqqtl1H2', '2026-01-05'),
(926, 'aprizawindrasari', 'minion28', 6, '$2y$10$tlbldTEAFuAiRv0z65DTmO7MfnOWoIiMxq/3rMbUnC3s7Avtq5T4q', '2026-01-20'),
(927, '002231005', 'virus0798', 6, '$2y$10$WgScIDHvBRN2lHht/0UwceKbV2t0osWed2OE08HOHt3m/Kk9OYmxu', '2026-01-05'),
(928, 'novanda', 'Nganjuk1945,', 6, '$2y$10$birhgTjVU2IX4bcFqV7/YOcQKghHaPBmgvOEW0/qMiui/w5sTErKC', '2026-01-07'),
(929, 'Rahma', 'ekaayu12', 6, '$2y$10$gmACEFOvr3xp4JYmbebsxOLB9YwghiwWcJ8X.NNGZSJWC1efsigXG', '2026-01-07'),
(930, 'Cheryl', '2231031', 6, '$2y$10$c/V0GsjKiTXKRXuxYqiHjOuHOsdWPVCCVQzKrCRVkqCzNs7MXTioq', '2026-01-06'),
(931, '422221056', 'Omega123', 6, '$2y$10$PIYOlNAbTkgvi9GeuxO.0O8AlmqiI0BWC.rU2JudEWne8Z/yUMN1O', '2026-01-20'),
(932, '423221005', 'manusia01', 6, '$2y$10$rq0FERt9ATulBWoVYumgLenks44.aCkB6Oi71j4/QJGzdhn6GRIh2', '2026-01-07'),
(933, 'LukasAJ', 'elaje2005', 6, '$2y$10$BRV3B9dARr3HpRB6Wx6tSeWh1D4b62rbJeHpt6S6ZzxGZ1NV638Pu', '2026-01-09'),
(934, 'Feby', '@feby2004', 6, '$2y$10$/P7tVaVyJso6d8S0Wq/zkeEmWnSo2r3tR6rN7aAyNhNdad.4gdxsi', '2026-01-12'),
(935, 'shafaazzr', 'Mogumogu06', 6, '$2y$10$W8QzUuSM5080tysnch1X2OXlz1uu2zUe64TLdhEhmIF48NpCSEPza', '2026-01-08'),
(936, 'saviraputri', 's@virac4ntik', 6, '$2y$10$rQ4OFCTr5U.26Laqajr6M.nlzVBrcTfHTfKKFkYxU/pHvJuEmkeoq', '2026-01-15'),
(937, 'Aditya Wahyu', 'Semboropasar6911', 6, '$2y$10$C9RpfNRqU6gEjX2UslbpVugo.kQWRKml6sQkoOj1iKfeBnMMv539u', '2026-01-08'),
(938, 'Nurmeliashifaalmaun', 'shifaalmaun26', 6, '$2y$10$BnH0E4wRvGbwtENltSeENuTg4hy/aRUmGo/P.A1Qj.gp17uNU.7ES', '2026-01-20'),
(939, 'Salsabila', 'Salsabila26', 6, '$2y$10$2sFwr7esO6ArgcinL3QubON0uhlnke89X8xLEGSMtjJYh.9o970D2', NULL),
(940, 'Raihana Dwiyunanda', 'yunanda06@', 6, '$2y$10$CPrXYgN7mShf9JkMp435/.Cm8ZAMH.Df39si8i09KqFq5WcT.8SK2', '2026-01-15'),
(941, 'alviwulandari2004@gmail.com', 'alvi2004', 6, '$2y$10$V9qNgRnMYGb68q08YFjDfOVWHS./XbmVRDnSv5HlsyoX78N/M4zQC', '2026-01-08'),
(942, 'ryambutan', 'doktergigi123', 6, '$2y$10$0jXueq7.zGmuqg2tv4eQMeqd0XiGj62YzufALgrn4QlreeOAAXFNG', '2026-01-21'),
(943, 'yagzan_adhiraja', 'd34rp3skyplumb3r', 6, '$2y$10$zviRq6kTtPBFpIyTJ04C5OinB1D29m0LOVVTzcJHk8t0tLKgMRpQ.', '2026-01-12'),
(944, 'ginapdw', '2026Sukses', 6, '$2y$10$YxG1pycI2tcVW75H1Nx9juuxYiKW5hcqzWGmuiLksrROcqA7wq36q', '2026-01-21'),
(945, '422221022', '@laetycia33', 6, '$2y$10$6WlG4q..uARdPVRqr8gFFeSjjBVpX90jZ2ILRzDKi3ozKt2gdWeI2', '2026-01-09'),
(946, 'Rifda Athiyyah', 'Rifda.Athiyyah1810', 6, '$2y$10$LnYjurcosGRBhddKt31RAOi/Km9Ors09lu/hf3CBG.DHPbH1K/g.u', '2026-01-20'),
(947, 'Nova Rizmadhani', 'novarizma101103', 6, '$2y$10$Omjn51T5dmOt3UgfFvDxvevllk2OS2niwUC6Q2xhmORHosdLWOOd.', '2026-01-15'),
(948, 'Clara', '1n1Cl4r@a', 6, '$2y$10$TahdNSamBcvizvGMIA6BMutApYqNTXd9oUS/DZC26Nnm0nybbXYNG', '2026-01-09'),
(949, '422221062', '\"Th4nosw1j4ya\"', 6, '$2y$10$O/rvTUk6uhSi.7PCGeeXnOL9tFq00HloCu4WKXIq2feEkm4hcNwj.', '2026-01-09'),
(950, 'Maghfur Ibrahim', '#Robbi5alimna', 6, '$2y$10$Kdv9DCNhe0GFwNU7.5Gcw.e8fXkpd7YPLG3Qv8kQ530yW3Et6EWfS', '2026-01-23'),
(951, 'galuhfajar27', 'xixduF-xakqyq-7fojze', 6, '$2y$10$2G7G9Vjkct4tZjQz/6oK.OTpUl1UnnFfgOim6U1I5rhWGR.ZogEYi', '2026-01-11'),
(952, 'elvina.putri.ramadhani', 'elvina0211', 6, '$2y$10$XogYD5gb8r5FyRk9hcMDl.Puwhv1SuQwvT8a8oIt09a68S5uMZD4.', '2026-01-20'),
(953, 'adhi', '123456', 3, '$2y$10$vpIUbUWyZiWz0g9NiijW4.RtF16TBfTe5Luxa3yghVbqrAelf503G', '2026-01-15'),
(954, 'zila', 'Fazila_31', 6, '$2y$10$Q8LNcpHUkZi4ZAkPFf4y8OP60Oh8zmB8138VsOb1Q/pXlt4nvG0j6', '2026-01-12'),
(955, 'raihanesyaaa', 'cleo13102004', 6, '$2y$10$XTIbgDGxmmHvD0CPXq3X3er/YL6WI.cHUpj7uM3TniNOKfr/qoTVm', '2026-01-12'),
(956, '422221057', 'Jis4nauror@24', 6, '$2y$10$rBQu6CK0pebn9FxopzbeZ.HLxUTdlCxf39oarubRI1Gww5LT2iXBa', '2026-01-12'),
(957, 'Dimas123', '123456', 1, '$2y$10$wpd2emdHJ1UGE0bp40xVduzuQFKWbWT0ZrjrS71chYzbmQDwqkzii', '2026-01-23'),
(958, 'naodaily', 'radita123', 6, '$2y$10$.a4XhktVvYLNMaQPjVtZpe1lCxZyoAIv4SyNqqkYDo6.oe/Yb3.y.', '2026-01-20'),
(959, 'Rizki Andi Pratama', 'Rizzell314', 6, '$2y$10$yZlLJQl6Yrl6NsqjqRBxuO8e/oK8L6GWXYDsA032wqC8dsfwoDL6S', '2026-01-15'),
(960, '422221009', 'ranu170406123', 6, '$2y$10$tx7hgmphN2u5rGPAFpmeiuwiIT4JueTx9JxWhDVhZV53YAv6m3Csq', '2026-01-15'),
(961, 'Christanti', 'Christanti1405', 6, '$2y$10$qhdGEEvdSJmVwwOQ0tMWgOhM0/BWsFC3vopLJn.EzWzDMtrRjYwNm', '2026-01-13'),
(962, '423221003', 'niadwi2003', 6, '$2y$10$dFb4Du2dEHstXhG3N1G8lePgfQIxyRjIcix4/oBwLDu3uXkdnh.3y', NULL),
(963, '423221062', 'Erika1743', 6, '$2y$10$nQ6KTxnzjRBYXTfMglHInO.gV0lkHWLYIcswoGmlrgGovks8qSJnK', NULL),
(964, 'Azzarah', 'Azzarah2002', 6, '$2y$10$Qw.UPdnnR0CNHkGQtM431Ocq/anmle4NoN2RLJ5QPJBvRG7SdXy16', '2026-01-22'),
(965, 'avinia sakinah rahma', 'hcneyed03', 6, '$2y$10$BIQXJMETObzhSNo4hkQbI.uQNa0ltj38y2PFX024tvU0CG/lQ06AW', '2026-01-15'),
(966, 'romeo', 'Rayvansyah24', 6, '$2y$10$p13NP/CyQowXU3F0HOnzA.Gf6Zgf48XS4/OfD5uIuyt/6GzwQo8qe', '2026-01-13'),
(967, 'auliarizky27', '422221012', 6, '$2y$10$LmlM1yxOr8QSmtW7EpeZZ.quewlmwafe1kArmkztihrvRKagZvkXS', '2026-01-14'),
(968, 'baejeany', 'Jr7112003', 6, '$2y$10$BWccZUQjfUkMnI051A.uoOQqfwiiKmWx9AhL4ViRNm8B9ARQg0K.e', '2026-01-14'),
(969, 'Mochamad Irfan Imansyah ', 'Vokasikitadisini', 6, '$2y$10$FNB9m0Th6S1MJ7SR5Xp1hOdExW6WyXZQadGFaL2OCDFr/GYgrvfk.', '2026-01-20'),
(970, '013241081', 'Ihd44nvris@a4', 6, '$2y$10$ZEtaeEtU15s3l13HTUKZ3eTpejLbvrzkNJ24oaACTisVDL7zAwiLa', '2026-01-14'),
(971, 'Muchammad Andre Maulana', 'Andre_2026', 6, '$2y$10$xxyqpcb8VehjbjVqvPIg/uhgqZj9NmO4denH1ArtdMOgvnvYeysLy', '2026-01-14'),
(972, '013221017', 'febian2004%', 6, '$2y$10$GEfoGH1NEwhGzm7QxC5uLuG0bILcIbvoK82uAB48tOaXG83VY8yia', '2026-01-20'),
(973, 'Muchammad Andre Maulana', 'Andre_2026', 6, '$2y$10$c8D9RFp1aVPDFQfcB0vDh.FAJ9wmZt5A5JU1V/xkwnVwLa6cTKikG', NULL),
(974, 'Muchammad Andre Maulana', 'Andre_2026', 6, '$2y$10$GCN84ngdO.T8HdD18kULy.wf0hgMYNsL46rxao3woLAkxOpQCtYmW', NULL),
(975, 'diopratama', 'fnn262ys96', 6, '$2y$10$pyfOB8nCcYtmn3sGYGFQEOhiTe1HuKZx5c9mdhgxBYg1z3NZ8P7Hm', '2026-01-14'),
(976, 'Yussa Tahta Mahendra ', 'yussa123', 6, '$2y$10$WB/xh29AQ3lZNS9IwHzTyupuKLEQeWAGtOki7Q.s8y35Y6Lot61aO', '2026-01-14'),
(977, 'Vitoandrean03', 'hesoyam123987*', 6, '$2y$10$09sAu0B4p.FnV5HMNgdkBOdJMLClZqM71zfytmJ6/LfZ0b20/MOP6', '2026-01-14'),
(978, '422221023', 'g4ver1el17', 6, '$2y$10$Zc8p6zPBa7d0oJZkHOa0feOQxkybYAVOpeppDf5dnOwYrQTgaTUgC', '2026-01-14'),
(979, 'paramadina', '123456', 4, '$2y$10$3DeApawWRX.LrevK0LiU3OB40N5w/xJgD3QGtwpjHEeZhYa4UonPu', '2026-01-23'),
(980, 'paramadina', '123456', 4, '$2y$10$rk9Qn7qips1VzlGW9jp9H.JBI.cvXWu2Y9vZ/0S6SN0RgovzwRA7K', NULL),
(981, '423221008', 'mizone-88', 6, '$2y$10$nNxNvJNeAiFfUhwwN52sheZOdZXwBxd768cHSKjkZV8CiUVTLHtDS', NULL),
(982, 'Arya Risqi ', 'Ponorogo001*', 6, '$2y$10$L1kiZssbq0KaYr8Bg8sOCuSn6cMZMKx.AHaqbGRXKKXxtNjc14uAS', '2026-01-22'),
(983, 'fickyys', 'Ficky@nakun41r', 6, '$2y$10$zM2JfdsEVhQfbmf5iZRh4eKqoMY/vmxtlNAqL3vUIaRMUE/d5JOky', '2026-01-22'),
(984, 'delatistya', 'delatistya@19', 6, '$2y$10$4H3OiY4QCpZXB.0.Kxb.gOlU7.Q2.e4xF07IqjrjtjWWPYHwx9gEe', '2026-01-19'),
(985, 'Alkava', 'Alkava15', 6, '$2y$10$viuzvbaJx42RCJrziVO2I.VRY.ki7b/QOd0Gc.X7b6yhbH9t3Crze', '2026-01-19'),
(986, '007231099', 'Taritaeka.01', 6, '$2y$10$xyNJDB/2631zLR/wZB5YiOAa765EBrWCYMSG/txNyZfYMWZv8Ymnq', '2026-01-23'),
(987, 'bradivadewisyaidatinah', 'rumahwarna123', 6, '$2y$10$nVM7XQ5AMDUlJ/Y0Y6UO8.f585s2cIcvdTQ2J/vHn7vqc65TUpeoO', '2026-01-19'),
(988, 'nabilawsnu', '@nabilawsnu', 6, '$2y$10$RRJsitPrznsQdohbq7QNCulzeG2m8lTDkkZz329yUD6HNf6ArAuqi', '2026-01-21'),
(989, '007231053', 'rifqii123', 6, '$2y$10$JaX7yOLV3Dttc0vGWfyUQ.DkobL95ZbQeXr2s2pNWu3xo7T6vkcpO', '2026-01-23'),
(990, '007231081', 'yukgim2121', 6, '$2y$10$8UtgB6kPIBrTkWx1gBWunOqUe/zvZBHmBxz2eSEuHpGF.89Rr.FZW', '2026-01-20'),
(991, 'Renopasi123', 'Neverletknow2', 6, '$2y$10$ybEg6JFAwknJgr9NbqI5Pu85ybivHe.K9zg0diwkxDnZapFFyTNXa', '2026-01-20'),
(992, 'farizahisanahbalqis', '007231041', 6, '$2y$10$G2mZB/SqbUXkTQ8ofQLZzeXCmXnrB8l.Q3.zcFNq3kEhfga54PSrW', '2026-01-19'),
(993, 'aelya@27', 'aelyaaulia@27', 6, '$2y$10$iotTNPpErw8AweetRQTdIOTrhxu5mXqJHVa9svqP9pAv3lTBD1TDW', NULL),
(994, '423221021', 'Fransiska18', 6, '$2y$10$3zh8T0DShyI0Iy9ynVW0B.nA04JV1tkzp/AORKDgO0CyDbFEmw.5C', NULL),
(995, 'mukhasyafahr', '41rid@14', 6, '$2y$10$VZv1Y53CGY3N5uhOfAYxBesd2yyHPJafESHW1L4WrdxQzOpmY865e', '2026-01-20'),
(996, 'Aurellia', 'aurel550622', 6, '$2y$10$O/Olr0q2P0VIPCxOHoPZzulQYyUZVjAqrZsSqDkXFME5IcNrSkoca', '2026-01-20'),
(997, '422221044', 'shaikha266', 6, '$2y$10$a4pjI98bXHtqkzvJGeqpleHwTpZm3DOKjm5Z3w6dbAWy4F6PQFEuW', '2026-01-20'),
(998, '422221064', 'Muf1d@26_', 6, '$2y$10$6tM5dzeLK0w.GI7f.CPE1OkKx7Pez3uNj/fQR8U7/055SLqbI1kGK', '2026-01-20'),
(999, 'Azahrasita', '26sita26', 6, '$2y$10$qm0Uk2hpS4.jDuZu6nJJNuvcnH8N.fAkionIDIZ10cWPjB32LYdoa', '2026-01-20'),
(1000, 'elvina_putri_ramadhani', 'elvinavokasi@1', 6, '$2y$10$WLdzsohDK4A.UxpC3jQV4.E7pSYn5hcMDxrb.81FIwuL63BYiTbl2', '2026-01-20'),
(1001, 'linus', 'Linus12!', 6, '$2y$10$LL9OnWe2Lg0sPkbrYodpPuKXTLkXSGD.BupFWUdFGva.FC4TJaVfy', '2026-01-21'),
(1002, 'muhammadmaajid', 'maajid2004', 6, '$2y$10$qnrd9CrXYU5LFW2LTDzBLufnrHFHotPJO/QsEVR7STq54UP6dF/LC', '2026-01-22'),
(1003, '002231093', 'naufilah25', 6, '$2y$10$Oz/GyZTIZzml98eZP0tx4.FQf65gSjAyWWLlD6upHWSPNpryO0w8.', '2026-01-21'),
(1004, 'dian_maharani', 'Bahagia15', 6, '$2y$10$lEY7DE5GpDOLCKpZ577fuuPxQEqGtqiZoCVVZxk4CoMETeBETWbHq', '2026-01-21'),
(1005, 'nanda_titta', 'Nandatitta25', 6, '$2y$10$xp58Io0dORuttz3TF9dVj.ckHdla0wXFyGnakUE09SKHSCboQlN5G', '2026-01-21'),
(1006, 'Dhona Eristya Nabila ', 'Sukses16', 6, '$2y$10$wGbwqWkTQoxHQjP/eKFGouOW2JAqAVBgNQjpRQoeQB3FMIxo5eUZi', NULL),
(1007, '007231014', 'Lanika28?', 6, '$2y$10$zeLrXCQeC3wut.AYlIFB0urndYxQkVkMJJtboeMh/YTGVc.qDPf0y', '2026-01-21'),
(1008, 'Naufalph', 'naufalph17', 6, '$2y$10$cwp9N.auDoEhI9zhIT/e6ejBtODMnXXoo4umr9XmeaSn6HLftoI7W', '2026-01-21'),
(1009, 'Naufal Zain', 'Naufalzn01', 6, '$2y$10$WNWIE5XGidu9HnbwnwopmexsUu0rlbhOmtAHWEIGJFidtWoB/08b2', '2026-01-21'),
(1010, 'achmadulin29', 'Nuha_280104', 6, '$2y$10$nxdL/ISjFYC5dCm4H/RiJ.pUD2OUmMvxTCQLBsWGwc9ySV7j.FNT2', '2026-01-22'),
(1011, 'steffy_anggrita', 'jeno_0423', 6, '$2y$10$fnAwSLiyPRPci1dtzpfee.gvHL9ohsIMXN2jEMHjC9y/NYf.pJybS', '2026-01-22'),
(1012, 'shella123', 'unair123', 6, '$2y$10$8LAtW/DJcuSortNIunEzseTcjTFtnlsQubyYwqvmwYhqyG.X9yrPy', '2026-01-22'),
(1013, '003231036', 'razaniaputri194', 6, '$2y$10$6gAJ/GAv.XFjZD4eJacsUundMQspiEcZCZJu3gykcLs9xeo9HnfMW', '2026-01-22'),
(1014, 'irfan023', 'summits3565', 6, '$2y$10$2cLNW.VcmE6S1rP1WY690uUXQU5o5A6zjs9zKSHqquxUZolMgp6X.', '2026-01-22'),
(1015, 'Ervina', 'Erv1n415', 6, '$2y$10$6AZHtU2/qBwfX5cPuHYWhe5A72k4IqGLK..2FJZ1zHndYhoSUA9O2', '2026-01-22'),
(1016, '423221032', 'gmdk2508', 6, '$2y$10$48l3bC/yzZnW4sXucg9vnO0zo3Y0phCwtSzyw.XXfIoTJsOl.XdmS', '2026-01-23'),
(1017, 'risdiananeina24', 'Pajakunair@24', 6, '$2y$10$mKf2IDzwca9yWJFcmghDqOKiiiKM2igk41dC6rGGQl3CpxxOahXNG', '2026-01-22'),
(1018, '422221028', 'ArdianPutra04', 6, '$2y$10$st5bKbdzZnnfh42ZwY.bt.y.T1Z0knOPO7maBFpjamwfRLsYLz5SG', '2026-01-22'),
(1019, 'Cantika', 'Bismillahsukses30', 6, '$2y$10$bgBOli7pj195kMcUknwUJeNp9ILElMzju27wdFomJ7sZsEQg40RIK', '2026-01-23'),
(1020, 'Sefira', 'sefira@17', 6, '$2y$10$0c0KiNsf/kdJQ7wVRW013eyi.qoQ2XTHI2x2Gsx2vdtXBV7OoqpeC', '2026-01-23'),
(1021, 'Owen', 'Weno#1372005', 6, '$2y$10$CfCe5.ouSf0EkB024q5D3ec2GBKk267BDiZu4ixp1MppAbwKBtqt2', '2026-01-23'),
(1022, 'Pramestia', 'Azzarah2002', 6, '$2y$10$8lkDU2OTIF3awjFerT.dVebcd/hCIf9FGRBYYHlAt/Lu32E0NECni', '2026-01-23'),
(1023, 'Triyafita Normawati ', 'BAHAGIA31', 6, '$2y$10$MKtHykOvUt8D.mTddaenHO4ntzudEwfdh9bWwcmVgEZcfuS8tOqHq', '2026-01-23'),
(1024, 'RapiRapiRapi', 'Raame123', 6, '$2y$10$yg.8zwFdk49VBMvSUe6MWe2LZg2HTfcIQdoVMz5L.qnEOfGc47P26', '2026-01-23'),
(1025, 'akmal12', '123akmal456', 6, '$2y$10$CMC18vNfgQ8plIM4g3Ypg.EvTKJnc7W.pDQgT0jFRfF0wv7.iEDwa', '2026-01-23'),
(1026, 'Fitra241004', 'fitra1922', 6, '$2y$10$ItLeZarqd7RRWpH6Q/IBo.pKccpCjKkRblw0mAaP.m9AIbpIa9YHW', '2026-01-23'),
(1027, '007231046', 'messi1234', 6, '$2y$10$HtiLzxK2N8EQAwH4ZkZU0O6NYbtTD9x1WjpNeUWzz3oPyc8oZxGvG', '2026-01-24'),
(1028, 'afikaadm', 'Adm1003!', 6, '$2y$10$0UyhB2EMCfN.UWIMNertQeo4VHCnhNQ0Y3h1pD8vE5zuUyZim44rW', '2026-01-26'),
(1029, 'aliarzky', 'Kikyrizky2828@', 6, '$2y$10$GL1Am/1EkG3UHudVazzLS.gBkDzmDlcLms4eE3VsEYvAU/i/bw6.m', '2026-01-26'),
(1030, 'Wenseslaus', '1sampai8', 6, '$2y$10$PFhWmlrB58P8luWUYOwFLuGYVO5FGFgkm.fR5R6ngPLv9IT21HJk6', NULL),
(1031, 'luziaramadhani', 'luziaa28', 6, '$2y$10$hLoEzvXZwUGEmvhx3rafNuTwuIUR5IcjchIno.my/4SHN6MWQvKPS', '2026-01-26'),
(1032, 'bening gadis arivia', 'Ponorogo20', 6, '$2y$10$06b0kloXQ3ej66FF1ruXS..rZQoVj/flR3Npz3GSjmrDU/klnwrhi', '2026-01-26');

-- --------------------------------------------------------

--
-- Struktur dari tabel `log_pas_rule`
--

CREATE TABLE `log_pas_rule` (
  `ID_RULE` int(11) NOT NULL,
  `RULE_PROD` varchar(20) NOT NULL,
  `PAS_RULE` varchar(20) NOT NULL
) ENGINE=InnoDB DEFAULT CHARSET=utf8mb4 COLLATE=utf8mb4_general_ci ROW_FORMAT=DYNAMIC;

--
-- Dumping data untuk tabel `log_pas_rule`
--

INSERT INTO `log_pas_rule` (`ID_RULE`, `RULE_PROD`, `PAS_RULE`) VALUES
(1, 'ADMIN', '1'),
(2, 'DOSEN', '2'),
(3, 'PAA_PRODI', '3'),
(4, 'PAA_AKADEMIK', '4'),
(5, 'PAA_DEPARTEMEN', '5'),
(6, 'MAHASISWA', '6'),
(7, 'PIC APP', '7'),
(8, 'KEPEGAWAIAN', '8');

-- --------------------------------------------------------

--
-- Struktur dari tabel `mahasiswa`
--

CREATE TABLE `mahasiswa` (
  `ID_KEGIATAN_MHS` int(11) NOT NULL,
  `NAMA_MAHASISWA` varchar(100) NOT NULL,
  `NIM_MHS` varchar(50) NOT NULL,
  `KET_PRESTASI` varchar(200) NOT NULL,
  `BERKAS_MHS` varchar(100) NOT NULL,
  `ID_PEGAWAI` int(11) NOT NULL,
  `ID_PRODI` int(11) NOT NULL
) ENGINE=InnoDB DEFAULT CHARSET=utf8mb4 COLLATE=utf8mb4_general_ci ROW_FORMAT=DYNAMIC;

-- --------------------------------------------------------

--
-- Struktur dari tabel `mailing`
--

CREATE TABLE `mailing` (
  `ID_MAILING` int(11) NOT NULL,
  `MAILING` varchar(250) NOT NULL,
  `ID_PEGAWAI` int(11) NOT NULL,
  `TIME_SEND` date NOT NULL,
  `SENDER` varchar(100) NOT NULL,
  `TUJUAN_MAGANG` varchar(250) NOT NULL,
  `ID_DATA_PKL` int(11) NOT NULL
) ENGINE=InnoDB DEFAULT CHARSET=utf8mb4 COLLATE=utf8mb4_general_ci ROW_FORMAT=DYNAMIC;

--
-- Dumping data untuk tabel `mailing`
--

INSERT INTO `mailing` (`ID_MAILING`, `MAILING`, `ID_PEGAWAI`, `TIME_SEND`, `SENDER`, `TUJUAN_MAGANG`, `ID_DATA_PKL`) VALUES
(92, 'BARU PENGAJUAN BUKAN PERSETUJUAN', 0, '2025-07-23', '15', 'PT. Rifan Financindo Berjangka Pakuwon Tower Surabaya', 1072),
(93, 'TIDAK ADA BUKTI', 0, '2025-07-23', '15', 'Kementrian keuangan , kepada kepala Biro SDM Sekretariat Jenderal⁣ Kemenkeu⁣', 1073),
(94, '', 0, '2025-07-23', '15', 'Bank mandiri', 1074),
(95, '', 0, '2025-08-12', '15', 'BANK JATIM KCP BRONDONG ', 1083),
(96, '', 0, '2025-08-12', '15', 'PT. Rifan Financindo Berjangka', 1087),
(97, '', 0, '2025-08-12', '15', 'PT. Rifan Financindo Berjangka Pakuwon Tower Surabaya', 1088),
(98, '', 0, '2025-08-12', '15', 'PT PETROKIMIA GRESIK ', 1084),
(99, 'bukti harus berupa penerimaan', 747, '2025-09-26', '15', 'Otoritas Jasa Keuangan', 1097),
(100, 'bukti penerimaan buka recruitment', 748, '2025-09-26', '15', 'Otoritas Jasa Keuangan', 1098),
(102, 'mohon maaf bukti yang anda ajukan bank rakyat indonesia ', 0, '2025-10-03', '15', 'Bank Indonesia', 1100),
(105, 'tidak ada bukti penerimaan', 0, '2025-10-09', '15', 'Bank Mandiri Kantor Area Cabang Pemuda', 1109),
(106, 'tidak ada bukti penerimaan', 0, '2025-10-09', '15', 'Bank Mandiri Kantor Area Cabang Pemuda', 1110),
(107, 'tidak ada bukti penerimaan', 0, '2025-10-09', '15', 'Bank Mandiri Kantor Area Cabang Pemuda', 1111),
(108, 'mohon upload ulang perihal waktu pelaksanaan magang', 0, '2025-10-09', '15', 'Bank Mandiri Kantor Cabang Area Surabaya Pemuda', 1112),
(109, 'bukti penerimaan kurang adanaya perihal waktu pelaksanaan', 0, '2025-10-09', '15', 'Bank Mandiri Kantor Cabang Area Surabaya Pemuda', 1113),
(110, 'bukti penerimaan kurang waktu pelaksanaan', 0, '2025-10-09', '15', 'Bank Mandiri Kantor Cabang Area Surabaya Pemuda', 1114),
(111, 'batas nya sudah melampaui batas', 0, '2025-10-14', ' ', 'pt gsfhsfgsfg', 1125),
(112, 'mohon upload bukti diterima, bukan syarat pendaftaran', 0, '2025-10-14', ' ', 'PERENCANAAN PENGEMBANGAN SUMBER DAYA MANUSIA OJK INSTITUTE Otoritas Jasa Keuangan', 1126),
(113, 'Pengajuan Berhasil, Mohon Ditunggu Via WA', 0, '2025-10-15', ' ', 'PT Pasagung Prima Solution', 1127),
(117, 'Pengajuan Berhasil, Mohon Ditunggu Via WA', 0, '2025-10-22', ' ', 'Bank BSI KCP Lamongan Brondong', 1137),
(119, 'Pengajuan Berhasil, Mohon Ditunggu Via WA', 789, '2025-10-23', ' ', 'Kantor Pelayanan Perbendaharaan Negara Surabaya II', 1160),
(120, 'Pengajuan Berhasil, Mohon Ditunggu Via WA', 38, '2025-10-23', ' ', 'fadfasfa', 1161),
(121, 'Pengajuan Berhasil, Mohon Ditunggu Via WA', 794, '2025-10-23', ' ', 'ATTAX INDONESIA', 1162),
(122, 'Pengajuan Berhasil, Mohon Ditunggu Via WA', 797, '2025-10-23', ' ', 'ALS Advisory', 1163),
(123, 'Pengajuan Berhasil, Mohon Ditunggu Via WA', 799, '2025-10-24', ' ', 'Pasagung Tax Consulting', 1164),
(125, 'Pengajuan Berhasil, Mohon Ditunggu Via WA', 742, '2025-10-27', ' ', 'Howard consultant', 1166),
(127, 'Pengajuan Berhasil, Mohon Ditunggu Via WA', 768, '2025-10-27', ' ', 'Howard Consultant', 1168),
(129, 'Pengajuan Berhasil, Mohon Ditunggu Via WA', 802, '2025-10-27', ' ', 'PT Jasa Konsultasi Bersama ', 1170),
(130, 'Pengajuan Berhasil, Mohon Ditunggu Via WA', 783, '2025-10-27', ' ', 'IDEAZ Tax Consultant ', 1171),
(131, 'Pengajuan Berhasil, Mohon Ditunggu Via WA', 801, '2025-10-27', ' ', 'Karunia Consultant', 1172),
(132, 'Pengajuan Berhasil, Mohon Ditunggu Via WA', 806, '2025-10-27', ' ', 'PT Das Global Consultindo', 1173),
(133, 'Pengajuan Berhasil, Mohon Ditunggu Via WA', 808, '2025-10-29', ' ', 'IDEAZ Tax Consultant', 1174),
(134, 'Pengajuan Berhasil, Mohon Ditunggu Via WA', 796, '2025-10-29', ' ', 'IDEAZ Tax Consultant ', 1175),
(135, 'Pengajuan Berhasil, Mohon Ditunggu Via WA', 809, '2025-10-29', ' ', 'Karunia Consultant', 1176),
(136, 'Pengajuan Berhasil, Mohon Ditunggu Via WA', 810, '2025-10-29', ' ', 'Karunia Consultant', 1177),
(137, 'Pengajuan Berhasil, Mohon Ditunggu Via WA', 811, '2025-10-30', ' ', 'KKP EKA PRASETIA AFANDI & REKAN', 1178),
(138, 'Pengajuan Berhasil, Mohon Ditunggu Via WA', 815, '2025-10-31', ' ', 'BANK JATIM KC DR SOETOMO', 1179),
(139, 'Pengajuan Berhasil, Mohon Ditunggu Via WA', 814, '2025-10-31', ' ', 'Bank Mandiri', 1180),
(140, 'Pengajuan Berhasil, Mohon Ditunggu Via WA', 718, '2025-11-04', ' ', 'PT BURSA EFEK INDONESIA ', 1181),
(141, 'Pengajuan Berhasil, Mohon Ditunggu Via WA', 820, '2025-11-05', ' ', 'Karunia Consultant', 1182),
(142, 'Pengajuan Berhasil, Mohon Ditunggu Via WA', 818, '2025-11-06', ' ', 'IDEAZ Consulting', 1183),
(143, 'Pengajuan Berhasil, Mohon Ditunggu Via WA', 821, '2025-11-10', ' ', 'KL Consulting', 1184),
(144, 'Pengajuan Berhasil, Mohon Ditunggu Via WA', 823, '2025-11-11', ' ', 'Bank JATIM', 1185),
(145, 'Pengajuan Berhasil, Mohon Ditunggu Via WA', 826, '2025-11-11', ' ', 'KKP Tonny Poernomo, SE., SH., M.Ak., BKP', 1186),
(146, 'Pengajuan Berhasil, Mohon Ditunggu Via WA', 758, '2025-11-11', ' ', 'Robby Bumolo Tax Consultan', 1187),
(147, 'mohon bukti penerimaan bukan berupa pengajuan yang belum ter acc', 827, '2025-11-11', ' ', 'Bank BRI KC Purworejo', 1188),
(148, 'Pengajuan Berhasil, Mohon Ditunggu Via WA', 828, '2025-11-12', ' ', 'Bank BTN Kantor Cabang Surabaya ', 1189),
(149, 'Pengajuan Berhasil, Mohon Ditunggu Via WA', 829, '2025-11-12', ' ', 'KANTOR PERWAKILAN BANK INDONESIA PROVINSI JAWA TIMUR', 1190),
(150, 'Pengajuan Berhasil, Mohon Ditunggu Via WA', 830, '2025-11-13', ' ', 'PT Bank Syariah Indonesia Tbk.', 1191),
(151, 'Pengajuan Berhasil, Mohon Ditunggu Via WA', 831, '2025-11-14', ' ', 'Pondok Pesantren Nurul Huda Setu Bekasi', 1192),
(152, 'Pengajuan Berhasil, Mohon Ditunggu Via WA', 837, '2025-11-17', ' ', 'PT Bank Mandiri KC Surabaya Pemuda ', 1193),
(153, 'Pengajuan Berhasil, Mohon Ditunggu Via WA', 834, '2025-11-18', ' ', 'Satvika Consulting', 1194),
(154, 'Pengajuan Berhasil, Mohon Ditunggu Via WA', 803, '2025-11-18', ' ', 'KKP Shinta Wulandari Chandra', 1195),
(155, 'Pengajuan Berhasil, Mohon Ditunggu Via WA', 839, '2025-11-18', ' ', 'Absolution Registered Tax Consultant', 1196),
(156, 'Pengajuan Berhasil, Mohon Ditunggu Via WA', 704, '2025-11-19', ' ', 'PT KARUNIA MITRA BERSATU', 1197),
(157, 'Pengajuan Berhasil, Mohon Ditunggu Via WA', 842, '2025-11-20', ' ', 'IDEAZ Tax Consultant', 1198),
(158, 'mohon maaf tidak ada bukti penerimaan dari pihak perusahaan', 795, '2025-11-20', ' ', 'BANK JATIM KANTOR PUSAT ', 1199),
(159, 'Pengajuan Berhasil, Mohon Ditunggu Via WA', 843, '2025-11-20', ' ', 'Bank BTN Kc Pemuda', 1200),
(160, 'surat penerimaan tidak jelas , februari kapan mohon diperjelas\r\n', 845, '2025-11-21', ' ', 'PT Taspen (Persero) Kantor Cabang Surabaya', 1201),
(161, 'Data Masih dalam proses PAA AKADEMIK', 848, '2025-11-21', ' ', 'PT Taspen (Persero) Kantor Cabang Surabaya', 1202),
(162, 'tidak ada kejelasan kapan penerimaan dan bulan februari kapan', 846, '2025-11-21', ' ', 'PT Taspen (Persero) Kantor Cabang Surabaya', 1203),
(163, 'mohon maaf surat bukti penerimaan tidak valid, februari kapan', 850, '2025-11-21', ' ', 'PT Taspen (Persero) Kantor Cabang Surabaya', 1204),
(164, 'Data Masih dalam proses PAA AKADEMIK', 850, '2025-11-21', ' ', 'PT Taspen (Persero) Kantor Cabang Surabaya', 1205),
(165, 'Pengajuan Berhasil, Mohon Ditunggu Via WA', 853, '2025-11-24', ' ', 'IDEAZ Tax Consultant', 1206),
(166, 'Data Masih dalam proses PAA AKADEMIK', 854, '2025-11-24', ' ', 'Heru Gunawan Tax Consultant', 1207),
(167, 'Pengajuan Berhasil, Mohon Ditunggu Via WA', 858, '2025-11-25', ' ', 'Heru Gunawan Tax Consultant', 1208),
(168, 'Pengajuan Berhasil, Mohon Ditunggu Via WA', 819, '2025-11-25', ' ', 'UniFirst Consulting', 1209),
(169, 'pernyataan diterima secara resmi, baru surat pengantar akan kami berikan', 800, '2025-11-25', ' ', 'Bank Jatim Kantor Pusat', 1210),
(170, 'Pengajuan Berhasil, Mohon Ditunggu Via WA', 859, '2025-11-25', ' ', 'PT POP Jasa Indonesia', 1211),
(172, 'Pengajuan Berhasil, Mohon Ditunggu Via WA', 862, '2025-11-26', ' ', 'BRI Kantor Cabang Mulyosari ', 1213),
(173, 'Pengajuan Berhasil, Mohon Ditunggu Via WA', 864, '2025-11-27', ' ', 'Bank Negara Indonesia Kantor Cabang Graha Pangeran', 1214),
(174, 'Pengajuan Berhasil, Mohon Ditunggu Via WA', 824, '2025-11-28', ' ', 'Bank Mandiri', 1215),
(175, 'mohon dilampirkan surat pernyataan secara resmi dari pihak intansi magang', 761, '2025-11-28', ' ', 'Bank Syariah Indonesia KCP Surabaya Dharmahusada', 1216),
(176, 'mohon bukti penerimaan resmi, ', 817, '2025-12-01', ' ', 'PT PERTAMINA MARKETING OPERATION REGION V', 1217),
(177, 'Pengajuan Berhasil, Mohon Ditunggu Via WA', 865, '2025-12-01', ' ', 'PT Bank RAKYAT INDONESIA MOJOKERTO ', 1218),
(178, 'Pengajuan Berhasil, Mohon Ditunggu Via WA', 795, '2025-12-01', ' ', 'BANK JATIM KANTOR PUSAT ', 1219),
(179, 'mohon maaf surat bisa membawa surat no 25/XI/PB/2025, serahkan ke saya  ', 866, '2025-12-01', ' ', 'Bank Jatim KC Madiun', 1220),
(180, 'Pengajuan Berhasil, Mohon Ditunggu Via WA', 867, '2025-12-03', ' ', 'Bank Negara Indonesia ', 1221),
(181, 'Pengajuan Berhasil, Mohon Ditunggu Via WA', 868, '2025-12-03', ' ', 'bank rakyat indonesia', 1222),
(182, 'Pengajuan Berhasil, Mohon Ditunggu Via WA', 870, '2025-12-04', ' ', 'PT Bank mandiri Region VIII Surabaya', 1223),
(183, 'Pengajuan Berhasil, Mohon Ditunggu Via WA', 872, '2025-12-04', ' ', 'Bank Rakyat Indonesia Kantor Cabang Sidoarjo', 1224),
(184, 'Pengajuan Berhasil, Mohon Ditunggu Via WA', 873, '2025-12-08', ' ', 'PT Bank Jatim KC Mojokerto ', 1225),
(185, 'Pengajuan Berhasil, Mohon Ditunggu Via WA', 724, '2025-12-08', ' ', 'Bank BTN KC Bukit Darmo', 1226),
(186, 'Pengajuan Berhasil, Mohon Ditunggu Via WA', 877, '2025-12-09', ' ', 'PT Pertamina (Persero) MOR V Jatim Balinus', 1227),
(187, 'Pengajuan Berhasil, Mohon Ditunggu Via WA', 876, '2025-12-09', ' ', 'PT Pertamina (Persero) MOR V Jatim Balinus', 1228),
(188, 'Pengajuan Berhasil, Mohon Ditunggu Via WA', 881, '2025-12-10', ' ', 'Absolution Registered Tax Consultant', 1229),
(189, 'Pengajuan Berhasil, Mohon Ditunggu Via WA', 782, '2025-12-10', ' ', 'Bank Jatim KCP Prambon', 1230),
(190, 'Pengajuan Berhasil, Mohon Ditunggu Via WA', 759, '2025-12-10', ' ', 'Consultant Primary ', 1231),
(191, 'mohon melampirkan bukti penerimaan dari intasi tempat magang', 807, '2025-12-10', ' ', 'Bank Indonesia Jawa Timur', 1232),
(192, 'Pengajuan Berhasil, Mohon Ditunggu Via WA', 884, '2025-12-10', ' ', 'PT BPR Bank Jombang Perseroda ', 1233),
(193, 'Data Masih dalam proses PAA AKADEMIK', 841, '2025-12-10', ' ', 'PT BPR BANK Jombang Perseroda', 1234),
(194, 'Pengajuan Berhasil, Mohon Ditunggu Via WA', 886, '2025-12-11', ' ', 'Multi Sinergy Consultant', 1235),
(195, 'mohon melampirkan bukti penerimaan magang dari intansi tempat magang', 887, '2025-12-11', ' ', 'BRI KC. Mulyosari', 1236),
(196, 'Pengajuan Berhasil, Mohon Ditunggu Via WA', 885, '2025-12-11', ' ', 'Bank Mandiri', 1237),
(197, 'Pengajuan Berhasil, Mohon Ditunggu Via WA', 891, '2025-12-11', ' ', 'PT. Bank Pembangunan Daerah Jawa Timur, Tbk Cabang Madiun', 1238),
(198, 'Pengajuan Berhasil, Mohon Ditunggu Via WA', 893, '2025-12-15', ' ', 'Bank Negara Indonesia (BNI) GRAHA PANGERAN SURABAYA', 1239),
(199, 'Pengajuan Berhasil, Mohon Ditunggu Via WA', 805, '2025-12-15', ' ', 'HR CONSULTING', 1240),
(200, 'Pengajuan Berhasil, Mohon Ditunggu Via WA', 827, '2025-12-15', ' ', 'Bank BRI KC Purworejo ', 1241),
(201, 'mohon surat penerimaan magang secara resmi', 895, '2025-12-15', ' ', 'Badan Kepegawaian Daerah Provinsi Jawa Timur', 1242),
(203, 'Pengajuan Berhasil, Mohon Ditunggu Via WA', 870, '2025-12-15', ' ', 'Bank Jatim Kantor Pusat Basuki Rahmat', 1244),
(204, 'Pengajuan Berhasil, Mohon Ditunggu Via WA', 894, '2025-12-16', ' ', 'Bank Rakyat Indonesia (BRI) Branch Office Surabaya Pahlawan ', 1245),
(205, 'Pengajuan Berhasil, Mohon Ditunggu Via WA', 752, '2025-12-16', ' ', 'Bank Indonesia Kantor Wilayah Jawa Timur', 1246),
(206, 'Pengajuan Berhasil, Mohon Ditunggu Via WA', 901, '2025-12-16', ' ', 'Bank BRI ', 1247),
(207, 'Pengajuan Berhasil, Mohon Ditunggu Via WA', 833, '2025-12-17', ' ', 'PT Bank Rakyat Indonesia Tbk', 1248),
(208, 'Pengajuan Berhasil, Mohon Ditunggu Via WA', 903, '2025-12-17', ' ', 'Bank Negara Indonesia', 1249),
(209, 'Data Masih dalam proses PAA AKADEMIK', 38, '2025-12-17', ' ', 'nnn', 1250),
(210, 'Pengajuan Berhasil, Mohon Ditunggu Via WA', 904, '2025-12-18', ' ', 'BANK BNI Surabaya', 1251),
(212, 'Pengajuan Berhasil, Mohon Ditunggu Via WA', 906, '2025-12-19', ' ', 'HOWARD CONSULTANT', 1253),
(214, 'Pengajuan Berhasil, Mohon Ditunggu Via WA', 907, '2025-12-22', ' ', 'PT Pegadaian cabang Mojokerto ', 1255),
(215, 'Pengajuan Berhasil, Mohon Ditunggu Via WA', 908, '2025-12-23', ' ', 'PT Bank Jatim KC Mojokerto ', 1256),
(216, 'Pengajuan Berhasil, Mohon Ditunggu Via WA', 804, '2025-12-24', ' ', 'Zentax Consulting', 1257),
(217, 'Pengajuan Berhasil, Mohon Ditunggu Via WA', 911, '2026-01-02', ' ', 'Hotel Mercure Surabaya Grand Mirama', 1260),
(218, 'Pengajuan Berhasil, Mohon Ditunggu Via WA', 913, '2026-01-02', ' ', 'Hotel Mercure Surabaya Grand Mirama', 1261),
(220, 'Pengajuan Berhasil, Mohon Ditunggu Via WA', 917, '2026-01-05', ' ', 'Hotel Mercure Surabaya Grand Mirama', 1263),
(222, 'Pengajuan Berhasil, Mohon Ditunggu Via WA', 709, '2026-01-05', ' ', 'KKP Sungkowo Winarto', 1265),
(223, 'Pengajuan Berhasil, Mohon Ditunggu Via WA', 905, '2026-01-05', ' ', 'KJA Synergy Ultima Nobilus', 1266),
(224, 'Pengajuan Berhasil, Mohon Ditunggu Via WA', 931, '2026-01-06', ' ', 'Saudia Airlines', 1267),
(225, 'Pengajuan Berhasil, Mohon Ditunggu Via WA', 924, '2026-01-06', ' ', 'Saudia Airlines', 1268),
(227, 'Pengajuan Berhasil, Mohon Ditunggu Via WA', 936, '2026-01-08', ' ', 'PT Ayuberga', 1270),
(235, 'Data Masih dalam proses PAA AKADEMIK', 939, '2026-01-08', ' ', 'Pemerintah Kabupaten Mojokerto', 1278),
(236, 'Pengajuan Berhasil, Mohon Ditunggu Via WA', 938, '2026-01-08', ' ', 'PT.MIDTOU ARYACOM FUTURES', 1279),
(237, 'Pengajuan Berhasil, Mohon Ditunggu Via WA', 937, '2026-01-08', ' ', 'PT. MIDTOU ARYACOM FUTURES', 1280),
(239, 'Pengajuan Berhasil, Mohon Ditunggu Via WA', 897, '2026-01-08', ' ', 'Adi Karya Putra ', 1282),
(241, 'Pengajuan Berhasil, Mohon Ditunggu Via WA', 944, '2026-01-08', ' ', 'PT. Angkasa Pura Indonesia', 1284),
(245, 'Pengajuan Berhasil, Mohon Ditunggu Via WA', 919, '2026-01-09', ' ', 'Bidang Pariwisata Dinas Kebudayaan, Kepemudaan dan Olahraga serta Pariwisata Kota Surabaya', 1288),
(251, 'Pengajuan Berhasil, Mohon Ditunggu Via WA', 948, '2026-01-09', ' ', 'Dinas Kebudayaan, Kepemudaan dan Olah Raga Serta Pariwisata Kota Surabaya ', 1294),
(253, 'Pengajuan Berhasil, Mohon Ditunggu Via WA', 951, '2026-01-11', ' ', 'KPRI DWIJATAMA JOMBANG', 1296),
(255, 'Bukti tidak di upload', 735, '2026-01-12', ' ', 'Bank BRI KC Surabaya Kertajaya ', 1298),
(256, 'Pengajuan Berhasil, Mohon Ditunggu Via WA', 926, '2026-01-12', ' ', 'Otoritas Jasa Keuangan (OJK) Provinsi Jawa Timur', 1299),
(257, 'Pengajuan Berhasil, Mohon Ditunggu Via WA', 956, '2026-01-12', ' ', 'Hotel Oakwood & Residence Surabaya', 1300),
(261, 'Pengajuan Berhasil, Mohon Ditunggu Via WA', 959, '2026-01-13', ' ', 'Dairyland Farm Theme Park Prigen', 1304),
(262, 'Pengajuan Berhasil, Mohon Ditunggu Via WA', 958, '2026-01-13', ' ', 'Airlangga Global Travel', 1305),
(263, 'Pengajuan Berhasil, Mohon Ditunggu Via WA', 921, '2026-01-13', ' ', 'Dinas Kebudayaan, Kepemudaan dan Olahraga serta Pariwisata Kota Surabaya', 1306),
(264, 'Pengajuan Berhasil, Mohon Ditunggu Via WA', 947, '2026-01-13', ' ', 'PT Angkasa Pura Indonesia', 1307),
(265, 'Data Masih dalam proses PAA AKADEMIK', 962, '2026-01-13', ' ', 'Otoritas Jasa Keuangan Provinsi Jawa Timur', 1308),
(266, 'Pengajuan Berhasil, Mohon Ditunggu Via WA', 963, '2026-01-13', ' ', 'Otoritas Jasa Keuangan', 1309),
(277, 'Pengajuan Berhasil, Mohon Ditunggu Via WA', 961, '2026-01-13', ' ', 'Dinas Kebudayaan, Kepemudaan dan Olahraga serta Pariwisata Kota Surabaya', 1320),
(278, 'Pengajuan Berhasil, Mohon Ditunggu Via WA', 967, '2026-01-14', ' ', 'Shafira Tour & Travel', 1321),
(279, 'Pengajuan Berhasil, Mohon Ditunggu Via WA', 967, '2026-01-14', ' ', 'Shafira Tour & Travel', 1322),
(280, 'Pengajuan Berhasil, Mohon Ditunggu Via WA', 919, '2026-01-14', ' ', 'PT Petrokimia Gresik', 1323),
(281, 'Pengajuan Berhasil, Mohon Ditunggu Via WA', 968, '2026-01-14', ' ', 'PT. Airlangga Global Travelling', 1324),
(282, 'Pengajuan Berhasil, Mohon Ditunggu Via WA', 975, '2026-01-14', ' ', 'Wisata Edukasi Taruya SMP Taruna Jaya I Surabaya', 1325),
(283, 'Pengajuan Berhasil, Mohon Ditunggu Via WA', 960, '2026-01-15', ' ', 'PT. KERETA API INDONESIA (PERSERO) DAERAH OPERASIONAL 8 SURABAYA', 1326),
(284, 'Data Masih dalam proses PAA AKADEMIK', 980, '2026-01-15', ' ', 'Otoritas Jasa Keuangan Provinsi Jawa Timur', 1327),
(285, 'Pengajuan Berhasil, Mohon Ditunggu Via WA', 962, '2026-01-15', ' ', 'Otoritas Jasa Keuangan Provinsi Jawa Timur', 1328),
(286, 'Pengajuan Berhasil, Mohon Ditunggu Via WA', 963, '2026-01-15', ' ', 'Otoritas Jasa Keuangan Provinsi Jawa Timur', 1329),
(287, 'Pengajuan Berhasil, Mohon Ditunggu Via WA', 965, '2026-01-15', ' ', 'Kantor Pelayanan & Informasi Resmi Mahkota Medical Centre, Surabaya', 1330),
(288, 'Pengajuan Berhasil, Mohon Ditunggu Via WA', 980, '2026-01-15', ' ', 'Otoritas Jasa Keuangan Provinsi Jawa Timur', 1331),
(289, 'Pengajuan Berhasil, Mohon Ditunggu Via WA', 782, '2026-01-15', ' ', 'Bank Jatim', 1332),
(290, 'Pengajuan Berhasil, Mohon Ditunggu Via WA', 936, '2026-01-15', ' ', 'PT Ayuberga', 1333),
(291, 'Pengajuan Berhasil, Mohon Ditunggu Via WA', 940, '2026-01-15', ' ', 'PT Metra Digital Media', 1334),
(292, 'Pengajuan Berhasil, Mohon Ditunggu Via WA', 981, '2026-01-19', ' ', 'Otoritas Jasa Keuangan (OJK) Provinsi Jawa Timur', 1335),
(293, 'Pengajuan Berhasil, Mohon Ditunggu Via WA', 982, '2026-01-19', ' ', 'Otoritas Jasa Keuangan (OJK) Provinsi Jawa Timur', 1336),
(294, 'Pengajuan Berhasil, Mohon Ditunggu Via WA', 983, '2026-01-19', ' ', 'Otoritas Jasa Keuangan (OJK) Provinsi Jawa Timur', 1337),
(295, 'Pengajuan Berhasil, Mohon Ditunggu Via WA', 985, '2026-01-19', ' ', 'PERUMDA Air Minum Surya Sembada Kota Surabaya', 1338),
(296, 'Pengajuan Berhasil, Mohon Ditunggu Via WA', 991, '2026-01-19', ' ', 'PT. Griyo Mapan Santoso', 1339),
(297, 'Pengajuan Berhasil, Mohon Ditunggu Via WA', 989, '2026-01-20', ' ', 'PT. PG Candi Baru', 1340),
(298, 'sudah pernah di ajukan dengan tempat magang yang sama', 969, '2026-01-20', ' ', 'SDN Kloposepuluh 1', 1341),
(299, 'sudah pernah 2kali pengajuan dengan lokasi yang sama.', 969, '2026-01-20', ' ', 'SDN Kloposepuluh 1', 1342),
(300, 'Pengajuan Berhasil, Mohon Ditunggu Via WA', 885, '2026-01-20', ' ', 'PT. Pertamina Gas Negara', 1343),
(301, 'Pengajuan Berhasil, Mohon Ditunggu Via WA', 995, '2026-01-20', ' ', 'PT. Kereta Api Indonesia (persero) DAOP 8 SURABAYA', 1344),
(302, 'Pengajuan Berhasil, Mohon Ditunggu Via WA', 995, '2026-01-20', ' ', 'PT. Pelabuhan Indonesia (PELINDO) REGIONAL III', 1345),
(303, 'Pengajuan Berhasil, Mohon Ditunggu Via WA', 946, '2026-01-20', ' ', 'Radio Republik Indonesia (RRI) Surabaya', 1346),
(304, 'Pengajuan Berhasil, Mohon Ditunggu Via WA', 996, '2026-01-20', ' ', 'Antavaya', 1347),
(305, 'Pengajuan Berhasil, Mohon Ditunggu Via WA', 931, '2026-01-20', ' ', 'Batu Love Garden (BALOGA)', 1348),
(306, 'Pengajuan Berhasil, Mohon Ditunggu Via WA', 998, '2026-01-20', ' ', 'Dinas Pariwisata dan Ekonomi Kreatif Kebudayaan Kepemudaan dan Olah Raga Kabupaten Gresik', 1349),
(307, 'Pengajuan Berhasil, Mohon Ditunggu Via WA', 999, '2026-01-20', ' ', 'Radio Republik Indonesia (RRI) Surabaya ', 1350),
(308, 'Pengajuan Berhasil, Mohon Ditunggu Via WA', 994, '2026-01-20', ' ', 'PT.Surya Multi Cemerlang,Tbk.', 1351),
(309, 'Pengajuan Berhasil, Mohon Ditunggu Via WA', 1000, '2026-01-20', ' ', 'PT. Petrogas', 1352),
(310, 'Pengajuan Berhasil, Mohon Ditunggu Via WA', 1001, '2026-01-20', ' ', 'PT Nusa Palapa Gemilang', 1353),
(311, 'Pengajuan Berhasil, Mohon Ditunggu Via WA', 988, '2026-01-20', ' ', 'Polda jatim Surabaya', 1354),
(312, 'Pengajuan Berhasil, Mohon Ditunggu Via WA', 988, '2026-01-20', ' ', 'Polda jatim Surabaya', 1355),
(313, 'Pengajuan Berhasil, Mohon Ditunggu Via WA', 1001, '2026-01-20', ' ', 'PT Nusa Palapa Gemilang', 1356),
(314, 'Pengajuan Berhasil, Mohon Ditunggu Via WA', 990, '2026-01-20', ' ', 'Kingdom Consulting Group', 1357),
(315, 'Pengajuan Berhasil, Mohon Ditunggu Via WA', 1002, '2026-01-21', ' ', 'Badan Pendapatan Daerah', 1358),
(316, 'Pengajuan Berhasil, Mohon Ditunggu Via WA', 944, '2026-01-21', ' ', 'Museum Sonobudoyo Yogyakarta', 1359),
(317, 'Pengajuan Berhasil, Mohon Ditunggu Via WA', 1004, '2026-01-21', ' ', 'Otoritas Jasa Keuangan (OJK)', 1360),
(318, 'Pengajuan Berhasil, Mohon Ditunggu Via WA', 1003, '2026-01-21', ' ', 'Otoritas Jasa Keuangan (OJK)', 1361),
(319, 'Pengajuan Berhasil, Mohon Ditunggu Via WA', 1006, '2026-01-21', ' ', 'Telkom Landmark Tower Surabaya ', 1362),
(320, 'Pengajuan Berhasil, Mohon Ditunggu Via WA', 1000, '2026-01-21', ' ', 'PT. PERTAMINA GAS NEGARA ', 1363),
(321, 'Pengajuan Berhasil, Mohon Ditunggu Via WA', 1008, '2026-01-21', ' ', 'Pertamina Gas Negara (PGN)', 1364),
(322, 'Pengajuan Berhasil, Mohon Ditunggu Via WA', 1007, '2026-01-21', ' ', 'PT Angkasa Pura Indonesia', 1365),
(323, 'Pengajuan Berhasil, Mohon Ditunggu Via WA', 1013, '2026-01-22', ' ', 'PT PLN (Persero) Pusdiklat UPDL Surabaya', 1366),
(324, 'Pengajuan Berhasil, Mohon Ditunggu Via WA', 1015, '2026-01-22', ' ', 'PT. Pertamina Gas Negara', 1367),
(325, 'Pengajuan Berhasil, Mohon Ditunggu Via WA', 1014, '2026-01-22', ' ', 'PT AN NAMIROH', 1368),
(326, 'Pengajuan Berhasil, Mohon Ditunggu Via WA', 1017, '2026-01-22', ' ', 'PT. Angkasa Pura Indonesia', 1369),
(327, 'Pengajuan Berhasil, Mohon Ditunggu Via WA', 744, '2026-01-22', ' ', 'Bank Mandiri Area Surabaya Pemuda ', 1370),
(328, 'Pengajuan Berhasil, Mohon Ditunggu Via WA', 1018, '2026-01-22', ' ', 'Bank Mandiri Area Surabaya Pemuda', 1371),
(329, 'Pengajuan Berhasil, Mohon Ditunggu Via WA', 1019, '2026-01-22', ' ', 'Bank Mandiri Area Surabaya Pemuda', 1372),
(330, 'pada minggu ini sudah pernah membuat permohonan magang', 985, '2026-01-23', ' ', 'PT Perusahaan Gas Negara, Tbk. - Sales and Operation Region III', 1373),
(331, 'Nim salah', 38, '2026-01-23', ' ', 'afdafd', 1374),
(332, 'Pengajuan Berhasil, Mohon Ditunggu Via WA', 1020, '2026-01-23', ' ', 'PT. ASIAMAS TEKNOLOGI GROSIRIA', 1375),
(333, 'Pengajuan Berhasil, Mohon Ditunggu Via WA', 950, '2026-01-23', ' ', 'LAZIS Al Haromain', 1376),
(334, 'Pengajuan Berhasil, Mohon Ditunggu Via WA', 950, '2026-01-23', ' ', 'LAZIS Al Haromain', 1377),
(335, 'Sudah pernah mengajukan lebih 3x di Saudia Airlines, Tunjungan Plaza Mangement, Dinas Pemuda dan Orlahraga Sidoarjo', 1021, '2026-01-23', ' ', 'HOTEL SHERATON', 1378),
(336, 'Pada minggu ini sudah pernah mengajukan ke PT. Indosat Persero', 1022, '2026-01-23', ' ', 'PT. PERTAMINA GAS NEGARA ', 1379),
(337, 'a.n shaffrian Daffa Maulana telah mengajukan tanggal 21 Januari', 1024, '2026-01-23', ' ', 'PT. PERTAMINA GAS NEGARA', 1380),
(338, 'Pengajuan Berhasil, Mohon Ditunggu Via WA', 1023, '2026-01-23', ' ', 'Pt. Perusahaan Gas Negara', 1381),
(339, 'Data Masih dalam proses PAA AKADEMIK', 1026, '2026-01-24', ' ', 'PT. ExxonMobil Lubricants Indonesia', 1382),
(340, 'Pengajuan Berhasil, Mohon Ditunggu Via WA', 1026, '2026-01-24', ' ', 'PT. ExxonMobil Indonesia', 1383),
(341, 'Yth. nya bisa di revisi', 1027, '2026-01-26', ' ', 'Pertamina Gas Negara, Tbk. PT.', 1384),
(342, 'Pengajuan Berhasil, Mohon Ditunggu Via WA', 1028, '2026-01-26', ' ', 'Perusahaan Gas Negara, Tbk. ', 1385),
(343, 'Data Masih dalam proses PAA AKADEMIK', 1030, '2026-01-26', ' ', 'PT. Indo Bismar, Surabaya', 1386),
(344, 'Pengajuan Berhasil, Mohon Ditunggu Via WA', 1031, '2026-01-26', ' ', 'Balai Pemberdayaan Industri Persepatuan Indonesia (BPIPI) ', 1387),
(345, 'Data Masih dalam proses PAA AKADEMIK', 1030, '2026-01-26', ' ', 'Balai Pemberdayaan Industri Persepatuan Indonesia (BPIPI)', 1388);

-- --------------------------------------------------------

--
-- Struktur dari tabel `member_yudisium`
--

CREATE TABLE `member_yudisium` (
  `ID_MEMBER` int(11) NOT NULL,
  `ID_PERIODE` int(11) NOT NULL,
  `SUM_MEMBER` int(11) NOT NULL,
  `ID_PRODI` int(11) NOT NULL
) ENGINE=InnoDB DEFAULT CHARSET=utf8mb4 COLLATE=utf8mb4_general_ci;

--
-- Dumping data untuk tabel `member_yudisium`
--

INSERT INTO `member_yudisium` (`ID_MEMBER`, `ID_PERIODE`, `SUM_MEMBER`, `ID_PRODI`) VALUES
(1, 1, 0, 2),
(2, 2, 3, 2),
(3, 3, 10, 2),
(4, 8, 2, 2),
(8, 13, 2, 2),
(9, 14, 0, 2),
(10, 15, 3, 5),
(11, 16, 0, 0);

-- --------------------------------------------------------

--
-- Struktur dari tabel `nama_dosen`
--

CREATE TABLE `nama_dosen` (
  `ID_NAMA_DOSEN` int(11) NOT NULL,
  `NAMA_DOSEN` varchar(150) NOT NULL,
  `ID_PRODI` int(11) NOT NULL
) ENGINE=InnoDB DEFAULT CHARSET=utf8mb4 COLLATE=utf8mb4_general_ci ROW_FORMAT=DYNAMIC;

--
-- Dumping data untuk tabel `nama_dosen`
--

INSERT INTO `nama_dosen` (`ID_NAMA_DOSEN`, `NAMA_DOSEN`, `ID_PRODI`) VALUES
(1, 'Abang Rene Riza Herfany, S.E., M.BA.', 7),
(2, 'Dr. Agus Widodo, drh. M.Vet.', 16),
(3, 'Ajeng Rachma Pertiwi, S.E., M.S.A.', 3),
(4, 'Aji Akbar Firdaus, ST., MT.', 25),
(5, 'Ali Sairozi, S.KM., S.Kep., Ns., M.Kes.', 20),
(6, 'Alifian Sukma, S.Kom., M.Kom.', 22),
(7, 'Aliyah Siti Sundari, S.Si., M.Si.', 23),
(8, 'Amalia Ajrina, S.Si., M.Si.', 23),
(9, 'Amellia Mardhika, S.Kep., Ns., M.Kes.', 20),
(10, 'Amillia Kartika Sari, S.Tr.Kes., M.T.', 24),
(11, 'Andy Umardiono, S.Sos, M.Si.', 9),
(12, 'Anestasia Pangestu Mei Tyas, S.Kep., Ns., M.Kep.', 20),
(13, 'Angkita Wasito Kirana, S.Hum., M.Hum.', 5),
(14, 'Anisa Fitri Sya’bania, S.E., M.A.', 10),
(15, 'Anisa Nur Halimah, drg., M.Kes.', 17),
(16, 'Annysa Endriastuti, S.Hum., M.Hum.', 5),
(17, 'Aries Widya Gunawan, S.E., M.M.', 2),
(18, 'Ario Imandiri, dr., Sp.Ak.', 21),
(19, 'Arni Kusuma Dewi, dr., M.Si.', 18),
(20, 'Bani Alkausar, S.Pn., M.S.A.', 3),
(21, 'Belgis, S.Si., M.Si.', 23),
(22, 'Berliana Devianti Putri, S.KM., M.Kes.', 24),
(23, 'Celya Intan Kharisma Putri, S.S., M.Appl.Ling.', 5),
(24, 'Cucuk Rahmadi Purwanto, S.Kp., M.Kes.', 20),
(25, 'Damar Kristanto, S.E., M.S.M.', 7),
(26, 'Dany Pramuno Putra, S.Ftr., M.Kes.', 18),
(27, 'Deny Arifianto, S.SI., M.T.', 25),
(28, 'Dessy Harisanty, S.Sos., M.A.', 6),
(29, 'Devi Arianti, S.Fis., M.Kes.', 18),
(30, 'Dian Yulie Reindrawati, S.Sos., M.M., Ph.D', 8),
(31, 'Diana Suteja, S.E., M.M., Ak., CA', 10),
(32, 'Dimas Aji Prayitno, S.Tr. Fis., MPT.', 18),
(33, 'Diyantoro, M.Si.', 23),
(34, 'Dr. Dony Chrismanto, drh., M.Si.', 16),
(35, 'Dr. Abd. Nasir, S.Kep., Ns., M.Kep.', 20),
(36, 'Dr. Amaliyah, S.AB., M.M.', 4),
(37, 'Dr. Andi Estetiono, S.E., M.M.', 2),
(38, 'Dr. Anita Kurniati, S.Si., M.Si.', 23),
(39, 'Dr. Bambang Suharto, S.ST., M.M.Par.', 8),
(40, 'Dr. dr. Purwati, Sp.PD-KPTI., FINASIM', 23),
(41, 'Dr. Fanni Okviasanti, S.Kep., Ns., M.Kep.', 20),
(42, 'Dr. Iswatun, S.Kep., M.Kes.', 20),
(43, 'Dr. Miyayu Soneta Sofyan, drh., M.Vet.', 16),
(44, 'Dr. Mochammad Soleh, SE., M.EI.', 2),
(45, 'Dr. Neffrety Nilamsari, S.Sos, M.Kes.', 19),
(46, 'Dr. Nuruddin, S.S., MA.', 9),
(47, 'Dr. Rahmat Yuliawan, SE., M.M.', 4),
(48, 'Dr. Rindayati, S.Kep., Ns., M.Kep.', 20),
(49, 'Dr. Sianiwati Goenharto, drg., M.S.', 17),
(50, 'Dr. Sri Endah Nurhidayati, S.Sos., M.Si.', 9),
(51, 'Dr. Yuniawan Heru Santoso, S.E., S.Sos., M.Si.', 9),
(52, 'drh. Agung Budianto Achmad, M.Si.', 16),
(53, 'Dwi Setiani Sumardiko, S.Kep., Ns., M.Si.', 21),
(54, 'Dwi Wahyu Indriati, S.Si., Ph.D.', 23),
(55, 'Dyah Puspitasari Srirahayu, S.Kom., M.Hum.', 6),
(56, 'Edith Frederika Puruhito, S.KM., M.Sc.', 21),
(57, 'Edwin Fiatiano, S.Sos., M.Si.', 7),
(58, 'Eka Lestari Hafqi Putri, SE., M.SM.', 2),
(59, 'Elsha Sophia, S.EI., M.SEI.', 2),
(60, 'Elsyea Adia Tunggadewi, S.T., M.T.', 25),
(61, 'Elva Farihah, S.E., M.SM.', 2),
(62, 'Emuliana Sulpat, S.Kep.,Ns., M.Kes.', 20),
(63, 'Endah Sri Wijayanti, A.Per.Pen., M.Kes.', 20),
(64, 'Endang Fitriyah Mannan, S.Sos., M.Hum.', 6),
(65, 'Endang Kusdarjanti, drg., M.Kes.', 17),
(66, 'Eny Inayati, drg., M.Kes.', 17),
(67, 'Erindah Dimisyqiyani, S.AB., M.A.B.', 4),
(68, 'Erlinda Widyastuti, dr., Sp.PK.', 23),
(69, 'Eva Inaiyah Agustin, S.ST., M.T.', 25),
(70, 'Fadilatus Sukma Ika Noviarmi, S.KM., M.KL.', 19),
(71, 'Fani Mutia Cahyani, S.Farm., M.Si., Apt.', 21),
(72, 'Fitri Retrialisca, S.Kom., M.Kom.', 22),
(73, 'Gagas Gayuh Aji, S.M., M.Sc.', 4),
(74, 'Hafna Ilmy Muhalla, S.Kep., Ns., M.Kep., Sp.Kep.M.B.', 20),
(75, 'Hanif Fadhlillah, S.A., M.SEI.', 2),
(76, 'Hanifiyah Yuliatul Hijriah, S.EI., M.SEI.', 2),
(77, 'Herinda Pertiwi, drh. M.Si.', 16),
(78, 'Dr. Himmatul Kholidah, S.EI., M.SEI.', 2),
(79, 'Ilkafah, S.Kep., Ns., M.Kep.', 20),
(80, 'Indah Lutfiya, S.K.M., M.Kes.', 11),
(81, 'Ir. Riky Tri Yunardi, ST., MT.', 25),
(82, 'Izmi Dwira Eriani, S.A., M.A.', 10),
(83, 'Jiwangga Hadi Nata, S.E., M.SM.', 8),
(84, 'Joko Susanto, S.Kep. Ns., M.Kes.', 20),
(85, 'Khotibul Umam, S.Kep., Ns., M.Kes.', 20),
(86, 'Lailatul Fadliyah, S.ST., M.Kes.', 20),
(87, 'Lailatul Muqmiroh, dr., Sp.Rad.', 24),
(88, 'Lutfi Ashar Mauludin, S.Pd., MA., M.Pd.', 5),
(89, 'Lydia Apriliani, S.E., M.B.A.', 4),
(90, 'M. Nilzam Aly, S.Hum., M.Sc.', 9),
(91, 'Maurisia Putri Permatasari, SE., M.Sc.', 7),
(92, 'Maya Septriana, S.Si., Apt., M.Si.', 21),
(93, 'Melya Rossa S.Ftr., M.Kes.', 18),
(94, 'Mia Laksmi Lita Rosa, drg., M.Kes', 17),
(95, 'Mochammad Nurul, S.A., M.A.', 10),
(96, 'Mochammad Reizza Al Ariyah, S.Sosio., M.Sosio.', 9),
(97, 'Moh. Darus Salam, S.E., M.B.A.', 7),
(98, 'Muchamad Sholakhuddin Al Fajri, S.S., M.A.', 5),
(99, 'Muhaimin, S.Tr.Kes., M.T.', 24),
(100, 'Myrna Adianti, S.Si., M.Kes., Ph.D.', 21),
(101, 'Nasa Zata Dina, S.Kom., M.Kom. M.Sc.', 22),
(102, 'Ni Nyoman Purwani, S.Si., M.Si.', 23),
(103, 'Nitami Galih Pangesti, S.A., M.A.', 3),
(104, 'Nove Eka Variant Anna, S.Sos., MIM.S.', 6),
(105, 'Nur Emma Suriani, S.Sos., M.Si.', 8),
(106, 'Nur Septia Handayani, S.K.M., M.P.H.', 23),
(107, 'Okti Setyowati, drg., M.Kes.', 17),
(108, 'Phima Ruthia Dwikesumasari, S.E., M.SM.', 7),
(109, 'Prasetyo Widyo Iswara, S.E., M.A.', 10),
(110, 'Prinintha Nanda Soemarsono, SA., MA.', 10),
(111, 'Rachman Sinatriya Marjianto, B.Eng., M.Sc.', 22),
(112, 'Ratih Damayanti, S.KM., M.Kes.', 19),
(113, 'Ratna Wahyuni, S.Si., Ph.D.', 23),
(114, 'Ratnaningtyas Wahyu Kusuma Wardani, S.KM., M.KL.', 11),
(115, 'Ria Triwastuti, S.AB., M.Int.Bus.', 4),
(116, 'Rindah Febriana Suryawati, S.E., Ak., M.Acc., CA.', 3),
(117, 'Rini Hamsidi, S.Farm., M.Farm., Apt.', 21),
(118, 'Riska Nur Rosyidiana, SE., M.Ak.', 10),
(119, 'Rizka Miladiah Ervianty, S.E., M.SM.', 7),
(120, 'Rizka Oktarianti Ainun Jariah, S.Si., M.Sc.', 23),
(121, 'Rizky Amalia Sinulingga, S.Ak., M.A.B.', 4),
(122, 'Septyani Prihatiningsih, S.KM., M.K.K.K.', 19),
(123, 'Shelly Wulandari,drh.,M.Si.', 16),
(124, 'Sidarta Prassetyo, S.S., M.A.TESOL.', 5),
(125, 'Sisca Dina Nur Nahdliyah, S.T., M.T.', 25),
(126, 'Siti Eliana Rochmi, drh. M.Si.', 16),
(127, 'Sofiatun, S.Kep., Ns., M.Kep.', 18),
(128, 'Sri Redjeki Indiani, drg., M.Kes.', 17),
(129, 'Sri Wahjuni, drg., M.Kes', 17),
(130, 'Sujati, drg., M.Kes.', 17),
(131, 'Susilo Harianto, S.Kep., Ns., M.Kep.', 20),
(132, 'Taufiqurrahman Sidqi, S.Si., M.Si.', 23),
(133, 'Tesa Eranti Putri, S.Kom., M.Kom.', 22),
(134, 'Tiara Kusumaningtiyas, S.Hum., M.Hum.', 6),
(135, 'Tofan Agung Eka Prasetya, S.Kep., M.KKK., Ph.D', 19),
(136, 'Triubaida Maya Ardianti, S.Pd., MA., M.Pd.', 5),
(137, 'Umi Farichah Bascha, S.E., M.M.', 8),
(138, 'Upik Dyah Eka Noviyanti, S.Ant., M.A.', 9),
(139, 'Wahyu Firmandani, S.Ak., M.Ak.', 10),
(140, 'Winda Kusumawardani, S.Kep., Ns., M.Kep.', 17),
(141, 'Yanuar Nugroho, S.E., M.Sc., Ak., CA.', 10),
(142, 'Yossy Imam Candika, SE.,M.SM.', 2),
(143, 'Novianto Edi Suharno, SST.Par., M.Si.\r\n', 9),
(144, 'Novyandri Taufik Bahtera, S.E., M.Sc.\r\n', 2);

-- --------------------------------------------------------

--
-- Struktur dari tabel `penelitian`
--

CREATE TABLE `penelitian` (
  `ID_PENELITIAN` int(11) NOT NULL,
  `JUDUL_PENELITIAN` varchar(100) NOT NULL,
  `NO_SK_PENELITIAN` varchar(20) NOT NULL,
  `NAMA_JURNAL` varchar(100) NOT NULL,
  `TGL_PENELITIAN` date NOT NULL,
  `BERKAS_PENELITIAN` varchar(100) NOT NULL,
  `ID_PEGAWAI` int(11) NOT NULL,
  `ID_PRODI` int(11) NOT NULL
) ENGINE=InnoDB DEFAULT CHARSET=utf8mb4 COLLATE=utf8mb4_general_ci ROW_FORMAT=DYNAMIC;

-- --------------------------------------------------------

--
-- Struktur dari tabel `pengmas`
--

CREATE TABLE `pengmas` (
  `ID_PENGMAS` int(11) NOT NULL,
  `ID_PEGAWAI` int(11) NOT NULL,
  `JUDUL_PENGMAS` varchar(200) NOT NULL,
  `NO_SK` varchar(20) NOT NULL,
  `TANGGAL_PELAKSANAAN` date NOT NULL,
  `BUKTI` varchar(50) NOT NULL,
  `LOKASI` varchar(100) NOT NULL,
  `ID_PRODI` int(11) NOT NULL
) ENGINE=InnoDB DEFAULT CHARSET=utf8mb4 COLLATE=utf8mb4_general_ci ROW_FORMAT=DYNAMIC;

-- --------------------------------------------------------

--
-- Struktur dari tabel `periode_yudisium`
--

CREATE TABLE `periode_yudisium` (
  `ID_PERIODE` int(11) NOT NULL,
  `TGL_PERIODE` varchar(20) NOT NULL,
  `ID_SEMESTER` int(11) NOT NULL,
  `GELOMBANG` int(11) NOT NULL,
  `TAHUN` varchar(15) NOT NULL,
  `AKTIFASI` int(11) NOT NULL,
  `CLOSE_PERIODE` varchar(100) NOT NULL
) ENGINE=InnoDB DEFAULT CHARSET=utf8mb4 COLLATE=utf8mb4_general_ci;

--
-- Dumping data untuk tabel `periode_yudisium`
--

INSERT INTO `periode_yudisium` (`ID_PERIODE`, `TGL_PERIODE`, `ID_SEMESTER`, `GELOMBANG`, `TAHUN`, `AKTIFASI`, `CLOSE_PERIODE`) VALUES
(1, '13 juli 2025', 2, 1, '2024-2025', 0, ''),
(2, '08 Agustus 2025', 2, 2, '2024-2025', 0, ''),
(3, '27 Agustus 2025', 1, 1, '2025-2026', 0, '25 Agustus 2025'),
(8, '06 November 2025', 1, 2, '2025-2026', 0, '04 November 2025'),
(13, '23 Desember 2025', 1, 3, '2025-2026', 0, '20 Desember 2025'),
(15, '22 Januari 2026', 1, 4, '2025-2026', 0, '20 Januari 2026'),
(16, '04 FEBRUARI 2026', 1, 5, '2025-2026', 1, '02 FEBRUARI 2026');

-- --------------------------------------------------------

--
-- Struktur dari tabel `persuratan`
--

CREATE TABLE `persuratan` (
  `ID_SURAT` int(11) NOT NULL,
  `ID_JENIS_SURAT` int(11) NOT NULL,
  `ID_PRODI` int(11) NOT NULL,
  `ID_PENGIRIM` int(11) NOT NULL,
  `PERIHAL_SURAT` varchar(100) NOT NULL,
  `NO_SURAT` varchar(50) NOT NULL,
  `TANGGAL_SURAT` date NOT NULL,
  `LOKASI_SURAT` varchar(100) NOT NULL,
  `TYPE_FILE_SURAT` varchar(10) NOT NULL
) ENGINE=InnoDB DEFAULT CHARSET=utf8mb4 COLLATE=utf8mb4_general_ci ROW_FORMAT=DYNAMIC;

--
-- Dumping data untuk tabel `persuratan`
--

INSERT INTO `persuratan` (`ID_SURAT`, `ID_JENIS_SURAT`, `ID_PRODI`, `ID_PENGIRIM`, `PERIHAL_SURAT`, `NO_SURAT`, `TANGGAL_SURAT`, `LOKASI_SURAT`, `TYPE_FILE_SURAT`) VALUES
(8, 6, 2, 2, 'permohonan honor dosen mengajar', '1821/UN3.1.14/KU/2023', '2023-02-27', '_6_persuratan.pdf', 'pdf'),
(9, 4, 2, 2, 'permohonan surat balasan', '2594/UN3.1.14/DL/2023', '2023-04-03', '9_4_persuratan.pdf', 'pdf'),
(10, 6, 2, 15, 'permohonan honor dosen revisi', '2595/UN3.1.14/KU/2013', '2023-04-03', '10_6_persuratan.pdf', 'pdf'),
(11, 1, 1, 15, 'PENANDATANGANAN MEMORANDUM OF AGREEMENT DENGAN VALBURY D3 BI', '3059/UN3.1.14/KS/2023', '2023-05-03', '11_1_persuratan.pdf', 'pdf'),
(12, 6, 2, 15, 'pengajuan insentif setting mata kuliah', '2683/UN3.1.14/TU/2023', '2023-04-05', '12_6_persuratan.pdf', 'pdf'),
(13, 4, 5, 15, 'PENANDATANGANAN MEMORANDUM OF AGREEMENT DENGAN VALBURY D3 BI', '3059/UN3.1.14/KS/2023', '2023-05-03', '13_4_persuratan.pdf', 'pdf'),
(14, 5, 11, 15, 'PERMOHONAN TIM HUMAS', '3077/UN3.1.14/BIS/KP/2023', '2023-05-03', '14_5_persuratan.pdf', 'pdf'),
(15, 5, 11, 15, 'PERMOHONAN TIM BRANDING', '3063/UN3.1.14/BIS/KP/2023', '2023-05-03', '15_5_persuratan.pdf', 'pdf'),
(16, 5, 11, 15, 'PERMOHONAN IJIN PEMAKAIAN RUANG DI GEDUNG B DAN FASILITAS LAINNYA', '3055/UN3.1.14/BIS/PL/2023', '2023-05-03', '16_5_persuratan.pdf', 'pdf'),
(17, 6, 10, 15, 'PERMOHONAN DANA STUDENT INBOUND FULL TIME', '2966/UN3.1.14/BIS/KU/2023', '2023-05-03', '17_6_persuratan.pdf', 'pdf'),
(18, 1, 10, 15, 'PERMOHONAN SK DEKAN', '3019/UN3.1.14/BIS/TU/2023', '2023-05-03', '18_1_persuratan.pdf', 'pdf'),
(19, 1, 9, 15, 'PERMOHONAN SK DEKAN', '3019/UN3.1.14/BIS/TU/2023', '2023-05-03', '19_1_persuratan.pdf', 'pdf'),
(20, 6, 9, 15, 'PENGAJUAN HONOR MENGAJAR', '3023/UN3.1.14/BIS/KU/2023', '2023-05-03', '20_6_persuratan.pdf', 'pdf'),
(21, 6, 10, 15, 'PERMOHONAN HONOR MENGAJAR DOSEN', '2996/UN3.1.14/BIS/KU/2023', '2023-05-03', '21_6_persuratan.pdf', 'pdf'),
(22, 2, 1, 15, 'LAPORAN VOTING MENTAL HEALTH', '3015/UN3.1.14/BIS/TD/2023', '2023-05-02', '22_2_persuratan.pdf', 'pdf'),
(23, 6, 8, 15, 'PENGAJUAN RAB PRAKTIKUM PM DAN TH', '2988/UN3.1.14/BIS/KU/2023', '2023-04-28', '23_6_persuratan.pdf', 'pdf'),
(24, 2, 8, 15, 'PERMOHONAN SURAT TUGAS', '2987/UN3.1.14/BIS/KP/2023', '2023-04-28', '24_2_persuratan.pdf', 'pdf'),
(25, 6, 1, 15, 'PERMOHONAN PENDANAAN UJI KOMPETENSI SKEMA PELAYANAN PRIMA', '2879/UN3.1.14/BIS/KU/2023', '2023-04-17', '25_6_persuratan.pdf', 'pdf'),
(26, 2, 1, 15, 'PERMOHONAN TTD SURAT REKOM STUDI LANJUT ATAS NAMA M. NILZAM ALY', '2839/UN3.1.14/BIS/TU/2023', '2023-04-13', '26_2_persuratan.pdf', 'pdf'),
(27, 2, 1, 15, 'PERMOHONAN SURAT TUGAS SEBAGAI TIM MANAJEMEN DAN TENAGA ADMIN', '2757/UN3.1.14/BIS/TU/2023', '2023-04-11', '27_2_persuratan.pdf', 'pdf'),
(28, 2, 1, 15, 'PERMOHONAN SURAT TUGAS', '2712/UN3.1.14/BIS/TU/2023', '2023-04-06', '28_2_persuratan.pdf', 'pdf'),
(29, 2, 1, 15, 'PERMOHONAN ID CARD UNAIR', '2528/UN3.1.14/BIS/TU/2023', '2023-03-29', '29_2_persuratan.pdf', 'pdf'),
(30, 2, 1, 15, 'REVISI PERMOHONAN SK PANITIA SEMNAS FAKULTAS VOKASI UNAIR 2023', '2474/UN3.1.14/BIS/TU/2023', '2023-03-28', '30_2_persuratan.pdf', 'pdf'),
(31, 2, 1, 15, 'PERMOHONAN PERUBAHAN STATUS DAN PERUBAHAN HOMEBASE PRODI', '2205/UN3.1.14/BIS/KP/2023', '2023-03-13', '31_2_persuratan.pdf', 'pdf'),
(32, 5, 1, 15, 'PERMOHONAN ID CARD UNAIR', '2190/UN3.1.14/BIS/TU/2023', '2023-03-13', '32_5_persuratan.pdf', 'pdf'),
(33, 5, 10, 15, 'PERMOHONAN PEMINJAMAN RUANGAN KULIAH TAMU NON ALUMNI', '3135/UN3.1.14/BIS/KP/2023', '2023-05-08', '33_5_persuratan.pdf', 'pdf'),
(34, 5, 10, 15, 'PERMOHONAN HNR NARASUMBER KULIAH TAMU NON ALUMNI', '3136/UN3.1.14/BIS/KP/2023', '2023-05-08', '34_5_persuratan.pdf', 'pdf'),
(35, 5, 10, 15, 'PERMOHONAN SEBAGAI NARASUMBER KULIAH TAMU NON ALUMNI', '3147/UN3.1.14/BIS/KP/2023', '2023-05-08', '35_5_persuratan.pdf', 'pdf'),
(36, 1, 2, 15, 'PERMOHONAN REKOMENDASI BBK PENYETARAAN', '3246/UN3.1.14/BIS/DL/2023', '2023-05-08', '36_1_persuratan.pdf', 'pdf'),
(37, 1, 3, 15, 'PERMOHONAN PERKULIAHAN SEMESTER ANTARA D-III PERPAJAKAN', '3247/UN3.1.14/BIS/PK/2023', '2023-05-08', '37_1_persuratan.pdf', 'pdf'),
(38, 2, 2, 2, 'SPMS 1', 'SPMS 1', '2023-06-06', '38_2_persuratan.pdf', 'pdf'),
(39, 2, 2, 2, 'BUKTI SPMS 2', 'SPMS 2', '2023-06-06', '39_2_persuratan.pdf', 'pdf'),
(40, 1, 1, 15, 'Permohonan Perkuliahan Semester Antara', '3096', '2023-05-05', '40_1_persuratan.pdf', 'pdf'),
(41, 6, 1, 15, 'HONORARIUM MENGAJAR GENAP 22-23', '3083 / UN3.1.14/ D3-AK/ KU/ 2023', '2023-05-05', '41_6_persuratan.pdf', 'pdf'),
(42, 6, 2, 2, 'permohonan insentif setting elearning', '7527/UN3.FV/BIS/PK.01.00', '2023-09-11', '42_6_persuratan.pdf', 'pdf'),
(43, 6, 2, 2, 'permohonan pengantar intensif', '10442/B/UN3.FV/PK/2024', '2024-10-09', '43_6_persuratan.pdf', 'pdf'),
(44, 1, 2, 2, 'daftar hadir', '111/B/UN3.FV/PK/KM.05.02/2024', '2024-10-15', '44_1_persuratan.pdf', 'pdf'),
(45, 6, 2, 2, 'Permohonan Honor Dosen PJMK dan Dosen Wali', '11667/B/UN3.FV/PK/KU/2024', '2024-11-21', '45_6_persuratan.pdf', 'pdf'),
(46, 6, 2, 2, 'HONOR DOSEN', '11921/B/UN3.FV/PK/KU/2024', '2024-11-29', '46_6_persuratan.pdf', 'pdf'),
(47, 6, 2, 2, 'permohonna bantuan dana', 'xxxxxx', '2024-12-03', '47_6_persuratan.pdf', 'pdf'),
(48, 2, 2, 2, 'SKP Yulianto', '1/1/1/SKP', '2025-01-21', '48_2_persuratan.pdf', 'pdf'),
(49, 4, 2, 2, 'IMPLEMENTATITON ADREEMENT', '104/UN3.FV/HK.07.00/IA/2025', '2025-02-27', '49_4_persuratan.pdf', 'pdf'),
(50, 4, 2, 2, 'mou uny', '125/un3.fv/hk.07.00/IA/2025', '2025-06-23', '50_4_persuratan.pdf', 'pdf'),
(51, 1, 2, 2, 'buka cekal', '3353', '2025-06-26', '51_1_persuratan.pdf', 'pdf');

-- --------------------------------------------------------

--
-- Struktur dari tabel `record_mail`
--

CREATE TABLE `record_mail` (
  `ID_RECORD` int(11) NOT NULL,
  `JUDUL_MAIL` varchar(200) NOT NULL,
  `ID_USER` int(11) NOT NULL,
  `SENDER` varchar(100) NOT NULL
) ENGINE=InnoDB DEFAULT CHARSET=utf8mb4 COLLATE=utf8mb4_general_ci ROW_FORMAT=DYNAMIC;

-- --------------------------------------------------------

--
-- Struktur dari tabel `semester`
--

CREATE TABLE `semester` (
  `ID_SEMESTER` int(11) NOT NULL,
  `SEMESTER` varchar(10) NOT NULL
) ENGINE=InnoDB DEFAULT CHARSET=utf8mb4 COLLATE=utf8mb4_general_ci ROW_FORMAT=DYNAMIC;

--
-- Dumping data untuk tabel `semester`
--

INSERT INTO `semester` (`ID_SEMESTER`, `SEMESTER`) VALUES
(1, 'Gasal'),
(2, 'Genap');

-- --------------------------------------------------------

--
-- Struktur dari tabel `serdos`
--

CREATE TABLE `serdos` (
  `ID_SERDOS` int(11) NOT NULL,
  `ID_PEGAWAI` int(11) NOT NULL,
  `NAMA_SERTIFIKAT` varchar(100) NOT NULL,
  `NO_SERTIFIKAT` varchar(20) NOT NULL,
  `TGL_PELAKSANAAN_SERDOS` date NOT NULL,
  `INTANSI` varchar(50) NOT NULL,
  `LOKASI_BERKAS` varchar(100) NOT NULL,
  `ID_PRODI` int(11) NOT NULL
) ENGINE=InnoDB DEFAULT CHARSET=utf8mb4 COLLATE=utf8mb4_general_ci ROW_FORMAT=DYNAMIC;

-- --------------------------------------------------------

--
-- Struktur dari tabel `skripsi_mhs`
--

CREATE TABLE `skripsi_mhs` (
  `ID_SKRIPSI` int(11) NOT NULL,
  `ID_PEGAWAI` int(11) NOT NULL,
  `ID_PRODI` int(11) NOT NULL,
  `NIM_MHS` varchar(30) NOT NULL,
  `JUDUL` varchar(300) NOT NULL,
  `PEMBIMBING1` varchar(150) NOT NULL,
  `PEMBIMBING2` varchar(150) NOT NULL,
  `MK_ACUAN` varchar(100) NOT NULL,
  `DATE_SKRIPSI` date DEFAULT NULL,
  `RESPONS` int(11) NOT NULL
) ENGINE=InnoDB DEFAULT CHARSET=utf8mb4 COLLATE=utf8mb4_general_ci ROW_FORMAT=DYNAMIC;

--
-- Dumping data untuk tabel `skripsi_mhs`
--

INSERT INTO `skripsi_mhs` (`ID_SKRIPSI`, `ID_PEGAWAI`, `ID_PRODI`, `NIM_MHS`, `JUDUL`, `PEMBIMBING1`, `PEMBIMBING2`, `MK_ACUAN`, `DATE_SKRIPSI`, `RESPONS`) VALUES
(3, 38, 2, '202300021', 'judulnya pasti tapi gak pasti sekali                                    ', 'Dr. Andi Estetiono, S.E., M.M.', 'Dr. Mochammad Soleh, SE., M.EI.', 'pengantar ekonomi', '2023-09-14', 0),
(4, 282, 2, '152010783054', '       Pengaruh Kinerja Keuangan dan Harga Sahan terhadap Nilai Perusahaan Manufaktur yang Terdaftar di BEI periode tahun 2019-2021                                       ', 'Eka Lestari Hafqi Putri, SE., M.SM.', 'Eka Lestari Hafqi Putri, SE., M.SM.', 'Skripsi', '2024-02-23', 0),
(5, 48, 2, '152010783006', '                                                      Faktor-faktor yang mempengaruhi dalam pengungkapan CSR pada sektor perbankan di Indonesia  ', 'Dr. Andi Estetiono, S.E., M.M.', 'Dr. Andi Estetiono, S.E., M.M.', 'Skripsi', '2024-02-23', 0),
(6, 933, 9, '1671060501050006', 'Kualitas Layanan Guesthose sebagai Sarana Akomodasi Wisata di Wisata Sawah Sumber Gempong                                                        ', 'Dr. Nuruddin, S.S., MA.', 'Upik Dyah Eka Noviyanti, S.Ant., M.A.', 'Etika Pelayanan Pariwisata', '2026-01-09', 0);

-- --------------------------------------------------------

--
-- Struktur dari tabel `tahun_akadaemik`
--

CREATE TABLE `tahun_akadaemik` (
  `ID_TAHUN_AKD` int(11) NOT NULL,
  `TAHUN_AKADEMIK` varchar(10) NOT NULL,
  `TAHUN_AKADEMIK_SET` varchar(6) NOT NULL
) ENGINE=InnoDB DEFAULT CHARSET=utf8mb4 COLLATE=utf8mb4_general_ci ROW_FORMAT=DYNAMIC;

--
-- Dumping data untuk tabel `tahun_akadaemik`
--

INSERT INTO `tahun_akadaemik` (`ID_TAHUN_AKD`, `TAHUN_AKADEMIK`, `TAHUN_AKADEMIK_SET`) VALUES
(1, '2018-2019', ''),
(2, '2019-2020', ''),
(3, '2020-2021', ''),
(4, '2021-2022', ''),
(5, '2022-2023', ''),
(6, '2023-2024', ''),
(7, '2024-2025', ''),
(8, '2025-2026', '2025'),
(9, '2026-2027', '2026');

-- --------------------------------------------------------

--
-- Struktur dari tabel `time_activity`
--

CREATE TABLE `time_activity` (
  `ID_TIME_ACTIVITY` int(11) NOT NULL,
  `ID_LOGIN` int(11) NOT NULL,
  `TIME` datetime NOT NULL,
  `IP_ADDRESS` varchar(20) NOT NULL
) ENGINE=InnoDB DEFAULT CHARSET=utf8mb4 COLLATE=utf8mb4_general_ci ROW_FORMAT=DYNAMIC;

--
-- Dumping data untuk tabel `time_activity`
--

INSERT INTO `time_activity` (`ID_TIME_ACTIVITY`, `ID_LOGIN`, `TIME`, `IP_ADDRESS`) VALUES
(3392, 486, '2025-05-02 04:25:30', '10.11.3.224'),
(3393, 486, '2025-05-02 04:25:45', '10.11.3.224'),
(3394, 513, '2025-05-02 05:04:43', '10.11.3.224'),
(3395, 514, '2025-05-02 05:12:45', '10.11.3.150'),
(3396, 504, '2025-05-02 08:59:44', '10.11.0.190'),
(3397, 488, '2025-05-02 09:18:43', '10.11.2.36'),
(3398, 516, '2025-05-02 09:35:35', '10.11.3.12'),
(3399, 359, '2025-05-02 09:35:40', '10.11.3.191'),
(3400, 516, '2025-05-02 09:36:16', '10.11.3.12'),
(3401, 490, '2025-05-02 09:45:20', '10.11.2.89'),
(3402, 503, '2025-05-02 10:57:25', '10.11.3.185'),
(3403, 517, '2025-05-02 10:58:26', '10.11.0.94'),
(3404, 518, '2025-05-02 11:36:14', '10.11.0.80'),
(3405, 518, '2025-05-02 11:38:46', '10.11.0.80'),
(3406, 519, '2025-05-02 11:40:06', '10.11.0.77'),
(3407, 519, '2025-05-02 11:40:07', '10.11.0.77'),
(3408, 520, '2025-05-02 11:40:41', '10.11.0.74'),
(3409, 521, '2025-05-02 11:41:15', '10.11.3.209'),
(3410, 522, '2025-05-02 11:41:26', '10.11.0.73'),
(3411, 522, '2025-05-02 11:42:03', '10.11.0.73'),
(3412, 519, '2025-05-02 11:42:31', '10.11.0.77'),
(3413, 518, '2025-05-02 11:43:49', '10.11.0.80'),
(3414, 518, '2025-05-02 11:50:30', '10.11.0.80'),
(3415, 15, '2025-05-02 11:58:55', '10.11.8.50'),
(3416, 314, '2025-05-02 12:54:28', '10.11.4.171'),
(3417, 525, '2025-05-05 02:02:50', '10.11.3.33'),
(3418, 492, '2025-05-05 02:50:06', '10.11.3.81'),
(3419, 526, '2025-05-05 03:45:00', '10.11.3.249'),
(3420, 359, '2025-05-05 04:33:42', '10.11.1.104'),
(3421, 514, '2025-05-05 04:42:24', '10.11.1.202'),
(3422, 527, '2025-05-05 04:46:04', '10.11.1.61'),
(3423, 527, '2025-05-05 04:46:36', '10.11.1.61'),
(3424, 527, '2025-05-05 04:49:40', '10.11.1.61'),
(3425, 15, '2025-05-05 05:00:14', '10.11.8.50'),
(3426, 529, '2025-05-05 05:29:44', '10.11.0.210'),
(3427, 530, '2025-05-05 05:29:50', '10.11.3.99'),
(3428, 531, '2025-05-05 05:30:14', '10.11.3.114'),
(3429, 518, '2025-05-05 05:30:51', '10.11.3.118'),
(3430, 528, '2025-05-05 05:32:45', '10.11.1.125'),
(3431, 300, '2025-05-05 05:52:06', '10.11.0.64'),
(3432, 486, '2025-05-05 06:07:53', '10.11.3.226'),
(3433, 514, '2025-05-05 06:40:20', '10.11.1.131'),
(3434, 527, '2025-05-05 06:51:06', '10.11.1.61'),
(3435, 484, '2025-05-05 07:10:17', '10.11.3.184'),
(3436, 484, '2025-05-05 07:11:24', '10.11.3.184'),
(3437, 15, '2025-05-05 18:24:46', '10.11.0.163'),
(3438, 7, '2025-05-05 18:37:43', '10.11.0.163'),
(3439, 7, '2025-05-05 18:38:04', '10.11.0.163'),
(3440, 511, '2025-05-06 02:10:03', '10.11.1.246'),
(3441, 532, '2025-05-06 02:40:30', '10.11.1.73'),
(3442, 532, '2025-05-06 02:40:32', '10.11.1.73'),
(3443, 21, '2025-05-06 03:15:07', '10.11.8.22'),
(3444, 15, '2025-05-06 03:32:35', '10.11.8.50'),
(3445, 492, '2025-05-06 04:49:25', '10.11.3.151'),
(3446, 532, '2025-05-06 05:50:58', '10.11.0.150'),
(3447, 532, '2025-05-06 06:52:33', '10.11.0.150'),
(3448, 533, '2025-05-06 08:27:45', '10.11.3.95'),
(3449, 15, '2025-05-06 08:41:25', '10.11.8.50'),
(3450, 21, '2025-05-06 09:20:22', '10.11.8.22'),
(3451, 534, '2025-05-06 09:21:07', '10.11.2.105'),
(3452, 534, '2025-05-06 09:22:58', '10.11.2.105'),
(3453, 516, '2025-05-06 09:41:07', '10.11.2.182'),
(3454, 511, '2025-05-06 09:45:58', '10.11.3.227'),
(3455, 486, '2025-05-06 10:00:44', '10.11.0.243'),
(3456, 513, '2025-05-06 10:01:13', '10.11.0.243'),
(3457, 15, '2025-05-06 10:44:53', '10.11.8.50'),
(3458, 506, '2025-05-06 11:39:15', '10.11.1.143'),
(3459, 490, '2025-05-06 11:39:49', '10.11.1.238'),
(3460, 490, '2025-05-06 11:40:44', '10.11.1.238'),
(3461, 506, '2025-05-06 11:43:57', '10.11.1.143'),
(3462, 534, '2025-05-06 12:49:39', '10.11.2.213'),
(3463, 537, '2025-05-06 14:19:54', '10.11.3.178'),
(3464, 15, '2025-05-06 14:39:57', '10.11.8.50'),
(3465, 496, '2025-05-07 03:07:21', '10.11.2.142'),
(3466, 499, '2025-05-07 03:07:32', '10.11.0.139'),
(3467, 15, '2025-05-07 03:32:46', '10.11.8.50'),
(3468, 532, '2025-05-07 04:17:39', '10.11.1.133'),
(3469, 529, '2025-05-07 04:53:51', '10.11.0.105'),
(3470, 529, '2025-05-07 04:53:55', '10.11.0.105'),
(3471, 538, '2025-05-07 07:08:10', '10.11.3.113'),
(3472, 539, '2025-05-07 07:13:12', '10.11.2.181'),
(3473, 535, '2025-05-07 07:41:15', '10.11.1.96'),
(3474, 21, '2025-05-07 08:03:22', '10.11.8.22'),
(3475, 532, '2025-05-07 08:19:21', '10.11.1.149'),
(3476, 516, '2025-05-07 08:21:00', '10.11.3.109'),
(3477, 532, '2025-05-07 08:24:37', '10.11.1.149'),
(3478, 532, '2025-05-07 09:14:58', '10.11.1.149'),
(3479, 532, '2025-05-07 09:17:18', '10.11.1.149'),
(3480, 15, '2025-05-07 09:56:46', '10.11.8.50'),
(3481, 541, '2025-05-07 11:56:52', '10.11.1.184'),
(3482, 541, '2025-05-07 11:57:06', '10.11.1.184'),
(3483, 541, '2025-05-07 11:59:41', '10.11.1.184'),
(3484, 499, '2025-05-08 02:43:00', '10.11.2.57'),
(3485, 15, '2025-05-08 03:43:14', '10.11.8.50'),
(3486, 15, '2025-05-08 05:02:58', '10.11.8.50'),
(3487, 518, '2025-05-08 05:19:29', '10.11.3.244'),
(3488, 15, '2025-05-08 05:28:59', '10.11.8.50'),
(3489, 15, '2025-05-08 05:50:31', '10.11.8.50'),
(3490, 539, '2025-05-08 06:11:23', '10.11.3.36'),
(3491, 21, '2025-05-08 06:48:52', '10.11.8.22'),
(3492, 490, '2025-05-08 07:27:01', '10.11.3.234'),
(3493, 490, '2025-05-08 07:41:42', '10.11.3.234'),
(3494, 300, '2025-05-08 10:19:26', '10.11.1.3'),
(3495, 300, '2025-05-08 10:36:19', '10.11.1.3'),
(3496, 300, '2025-05-08 10:39:21', '10.11.2.193'),
(3497, 15, '2025-05-08 11:01:47', '10.11.8.50'),
(3498, 516, '2025-05-08 14:11:19', '10.11.2.163'),
(3499, 15, '2025-05-08 16:45:43', '10.11.8.50'),
(3500, 15, '2025-05-09 04:02:33', '10.11.8.50'),
(3501, 337, '2025-05-09 04:20:54', '10.11.3.82'),
(3502, 542, '2025-05-09 05:08:49', '10.11.3.96'),
(3503, 306, '2025-05-09 06:34:52', '10.11.2.3'),
(3504, 535, '2025-05-09 08:00:17', '10.11.3.52'),
(3505, 516, '2025-05-09 08:19:21', '10.11.3.74'),
(3506, 535, '2025-05-09 08:20:35', '10.11.3.52'),
(3507, 535, '2025-05-09 08:21:21', '10.11.3.52'),
(3508, 535, '2025-05-09 08:22:10', '10.11.3.52'),
(3509, 535, '2025-05-09 08:22:43', '10.11.3.52'),
(3510, 535, '2025-05-09 08:23:38', '10.11.3.52'),
(3511, 544, '2025-05-09 08:49:06', '10.11.1.27'),
(3512, 544, '2025-05-09 08:49:27', '10.11.1.27'),
(3513, 544, '2025-05-09 08:49:37', '10.11.1.27'),
(3514, 544, '2025-05-09 08:51:09', '10.11.1.27'),
(3515, 21, '2025-05-09 09:17:22', '10.11.8.22'),
(3516, 544, '2025-05-09 10:33:33', '10.11.1.27'),
(3517, 544, '2025-05-09 10:35:05', '10.11.1.27'),
(3518, 535, '2025-05-09 11:30:35', '10.11.3.52'),
(3519, 535, '2025-05-14 04:59:46', '10.11.3.243'),
(3520, 546, '2025-05-14 05:03:05', '10.11.3.213'),
(3521, 21, '2025-05-14 05:06:33', '10.11.8.22'),
(3522, 535, '2025-05-14 05:10:16', '10.11.3.243'),
(3523, 535, '2025-05-14 05:16:37', '10.11.3.243'),
(3524, 535, '2025-05-14 05:19:19', '10.11.3.243'),
(3525, 337, '2025-05-14 05:21:51', '10.11.1.190'),
(3526, 535, '2025-05-14 05:25:08', '10.11.3.243'),
(3527, 535, '2025-05-14 05:28:17', '10.11.3.243'),
(3528, 535, '2025-05-14 05:31:25', '10.11.3.243'),
(3529, 535, '2025-05-14 05:31:49', '10.11.3.243'),
(3530, 535, '2025-05-14 05:32:23', '10.11.3.243'),
(3531, 401, '2025-05-14 05:41:41', '10.11.1.188'),
(3532, 490, '2025-05-14 05:51:48', '10.11.0.113'),
(3533, 490, '2025-05-14 06:06:36', '10.11.0.113'),
(3534, 15, '2025-05-14 06:26:56', '10.11.8.50'),
(3535, 544, '2025-05-14 06:32:09', '10.11.3.234'),
(3536, 547, '2025-05-14 06:36:58', '10.11.0.85'),
(3537, 549, '2025-05-14 06:37:06', '10.11.3.232'),
(3538, 490, '2025-05-14 07:34:41', '10.11.0.113'),
(3539, 535, '2025-05-14 08:07:32', '10.11.3.15'),
(3540, 550, '2025-05-14 08:15:02', '10.11.2.231'),
(3541, 551, '2025-05-14 08:38:36', '10.11.0.112'),
(3542, 552, '2025-05-14 08:38:38', '10.11.0.109'),
(3543, 553, '2025-05-14 08:39:17', '10.11.1.108'),
(3544, 535, '2025-05-14 08:45:09', '10.11.3.15'),
(3545, 550, '2025-05-14 09:17:48', '10.11.2.231'),
(3546, 552, '2025-05-14 09:39:05', '10.11.0.109'),
(3547, 551, '2025-05-14 09:45:16', '10.11.0.112'),
(3548, 474, '2025-05-14 11:12:50', '10.11.2.25'),
(3549, 474, '2025-05-14 11:13:11', '10.11.2.25'),
(3550, 554, '2025-05-14 11:43:29', '10.11.3.34'),
(3551, 15, '2025-05-14 13:20:43', '10.11.8.50'),
(3552, 7, '2025-05-14 13:23:04', '10.11.8.50'),
(3553, 15, '2025-05-15 04:02:47', '10.11.8.50'),
(3554, 15, '2025-05-15 04:03:33', '10.11.8.50'),
(3555, 15, '2025-05-15 04:04:48', '10.11.8.50'),
(3556, 15, '2025-05-15 04:14:32', '10.11.8.50'),
(3557, 15, '2025-05-15 04:15:42', '10.11.8.50'),
(3558, 15, '2025-05-15 04:16:53', '10.11.8.50'),
(3559, 15, '2025-05-15 04:24:11', '10.11.8.50'),
(3560, 15, '2025-05-15 04:25:35', '10.11.8.50'),
(3561, 15, '2025-05-15 04:26:05', '10.11.8.50'),
(3562, 15, '2025-05-15 04:26:51', '10.11.8.50'),
(3563, 15, '2025-05-15 04:27:11', '10.11.8.50'),
(3564, 15, '2025-05-15 04:27:38', '10.11.8.50'),
(3565, 15, '2025-05-15 04:30:06', '10.11.8.50'),
(3566, 15, '2025-05-15 04:31:16', '10.11.8.50'),
(3567, 15, '2025-05-15 04:37:07', '10.11.8.50'),
(3568, 15, '2025-05-15 04:37:43', '10.11.8.50'),
(3569, 15, '2025-05-15 04:39:03', '10.11.8.50'),
(3570, 15, '2025-05-15 04:40:21', '10.11.8.50'),
(3571, 15, '2025-05-15 04:40:37', '10.11.8.50'),
(3572, 15, '2025-05-15 04:41:16', '10.11.8.50'),
(3573, 15, '2025-05-15 04:42:56', '10.11.8.50'),
(3574, 15, '2025-05-15 04:46:21', '10.11.8.50'),
(3575, 15, '2025-05-15 04:47:15', '10.11.8.50'),
(3576, 15, '2025-05-15 04:48:14', '10.11.8.50'),
(3577, 15, '2025-05-15 05:04:12', '10.11.8.50'),
(3578, 15, '2025-05-15 05:05:26', '10.11.8.50'),
(3579, 15, '2025-05-15 05:05:45', '10.11.8.50'),
(3580, 15, '2025-05-15 05:06:38', '10.11.8.50'),
(3581, 15, '2025-05-15 05:08:20', '10.11.8.50'),
(3582, 555, '2025-05-15 05:13:58', '10.11.2.214'),
(3583, 15, '2025-05-15 05:19:04', '10.11.1.242'),
(3584, 555, '2025-05-15 05:19:39', '10.11.2.214'),
(3585, 555, '2025-05-15 05:20:39', '10.11.2.214'),
(3586, 555, '2025-05-15 05:20:55', '10.11.2.214'),
(3587, 555, '2025-05-15 05:21:39', '10.11.2.214'),
(3588, 15, '2025-05-15 05:22:54', '10.11.1.242'),
(3589, 558, '2025-05-15 05:31:14', '10.11.3.210'),
(3590, 21, '2025-05-15 08:35:05', '10.11.8.22'),
(3591, 553, '2025-05-15 08:53:19', '10.11.1.98'),
(3592, 15, '2025-05-15 09:00:50', '10.11.8.50'),
(3593, 15, '2025-05-15 09:37:26', '10.11.8.50'),
(3594, 15, '2025-05-15 09:38:09', '10.11.8.50'),
(3595, 15, '2025-05-15 09:38:48', '10.11.8.50'),
(3596, 15, '2025-05-15 09:39:29', '10.11.8.50'),
(3597, 15, '2025-05-15 09:42:34', '10.11.8.50'),
(3598, 15, '2025-05-15 09:43:10', '10.11.8.50'),
(3599, 15, '2025-05-15 09:44:52', '10.11.8.50'),
(3600, 15, '2025-05-15 09:45:16', '10.11.8.50'),
(3601, 15, '2025-05-15 09:47:08', '10.11.8.50'),
(3602, 15, '2025-05-15 09:48:56', '10.11.8.50'),
(3603, 562, '2025-05-15 09:51:21', '10.11.3.141'),
(3604, 559, '2025-05-15 09:54:51', '10.11.2.226'),
(3605, 15, '2025-05-15 10:00:06', '10.11.8.50'),
(3606, 15, '2025-05-15 10:04:48', '10.11.0.201'),
(3607, 563, '2025-05-15 10:29:36', '10.11.2.62'),
(3608, 15, '2025-05-15 15:19:45', '10.11.8.50'),
(3609, 15, '2025-05-15 15:34:42', '10.11.8.50'),
(3610, 15, '2025-05-15 16:00:57', '10.11.8.50'),
(3611, 15, '2025-05-15 16:02:39', '10.11.8.50'),
(3612, 15, '2025-05-15 16:03:07', '10.11.8.50'),
(3613, 511, '2025-05-16 01:50:53', '10.11.2.176'),
(3614, 21, '2025-05-16 02:55:18', '10.11.8.22'),
(3615, 564, '2025-05-16 04:08:55', '10.11.1.66'),
(3616, 564, '2025-05-16 04:09:13', '10.11.1.66'),
(3617, 565, '2025-05-16 04:09:19', '10.11.1.93'),
(3618, 488, '2025-05-16 04:41:04', '10.11.1.196'),
(3619, 566, '2025-05-16 04:45:07', '10.11.3.222'),
(3620, 567, '2025-05-16 04:47:44', '10.11.3.210'),
(3621, 545, '2025-05-16 04:55:14', '10.11.3.16'),
(3622, 534, '2025-05-16 05:14:20', '10.11.2.214'),
(3623, 538, '2025-05-16 05:15:10', '10.11.2.219'),
(3624, 15, '2025-05-16 05:48:07', '10.11.8.50'),
(3625, 15, '2025-05-16 05:48:24', '10.11.8.50'),
(3626, 568, '2025-05-16 06:17:19', '10.11.0.66'),
(3627, 544, '2025-05-16 07:25:28', '10.11.0.127'),
(3628, 550, '2025-05-16 07:55:34', '10.11.1.150'),
(3629, 535, '2025-05-16 08:01:05', '10.11.1.108'),
(3630, 550, '2025-05-16 08:05:34', '10.11.1.150'),
(3631, 569, '2025-05-16 08:43:23', '10.11.2.133'),
(3632, 570, '2025-05-16 08:50:44', '10.11.1.56'),
(3633, 15, '2025-05-16 09:00:18', '10.11.5.182'),
(3634, 15, '2025-05-16 09:53:46', '10.11.8.50'),
(3635, 15, '2025-05-16 10:02:26', '10.11.8.50'),
(3636, 15, '2025-05-17 03:59:14', '10.11.8.50'),
(3637, 571, '2025-05-18 07:00:25', '10.11.1.28'),
(3638, 571, '2025-05-18 07:13:41', '10.11.1.28'),
(3639, 21, '2025-05-19 01:20:45', '10.11.8.22'),
(3640, 499, '2025-05-19 02:01:54', '10.11.1.152'),
(3641, 572, '2025-05-19 03:42:25', '10.11.1.225'),
(3642, 572, '2025-05-19 03:43:22', '10.11.1.225'),
(3643, 15, '2025-05-19 04:23:41', '10.11.8.50'),
(3644, 573, '2025-05-19 06:03:51', '10.11.2.144'),
(3645, 574, '2025-05-19 06:40:42', '10.11.3.122'),
(3646, 15, '2025-05-19 06:49:03', '10.11.8.50'),
(3647, 505, '2025-05-19 06:51:31', '10.11.2.173'),
(3648, 575, '2025-05-19 06:55:57', '10.11.1.3'),
(3649, 575, '2025-05-19 06:56:09', '10.11.1.3'),
(3650, 576, '2025-05-19 07:17:11', '10.11.1.153'),
(3651, 503, '2025-05-19 07:23:16', '10.11.1.226'),
(3652, 509, '2025-05-19 07:45:12', '10.11.3.27'),
(3653, 15, '2025-05-19 08:13:05', '10.11.8.50'),
(3654, 568, '2025-05-19 09:52:26', '10.11.1.192'),
(3655, 573, '2025-05-19 10:49:52', '10.11.0.153'),
(3656, 15, '2025-05-19 11:25:16', '10.11.8.50'),
(3657, 15, '2025-05-19 11:25:45', '10.11.8.50'),
(3658, 578, '2025-05-19 13:25:17', '10.11.3.119'),
(3659, 578, '2025-05-19 13:25:50', '10.11.3.119'),
(3660, 15, '2025-05-19 17:15:45', '10.11.8.50'),
(3661, 496, '2025-05-20 02:44:46', '10.11.1.203'),
(3662, 499, '2025-05-20 03:09:12', '10.11.0.114'),
(3663, 15, '2025-05-20 03:41:19', '10.11.8.50'),
(3664, 579, '2025-05-20 04:04:03', '10.11.0.205'),
(3665, 579, '2025-05-20 04:04:23', '10.11.0.205'),
(3666, 576, '2025-05-20 04:07:28', '10.11.2.108'),
(3667, 576, '2025-05-20 04:08:29', '10.11.2.108'),
(3668, 15, '2025-05-20 04:31:50', '10.11.8.50'),
(3669, 569, '2025-05-20 05:25:26', '10.11.3.185'),
(3670, 570, '2025-05-20 05:28:31', '10.11.3.178'),
(3671, 505, '2025-05-20 05:45:47', '10.11.2.12'),
(3672, 15, '2025-05-20 06:06:17', '10.11.0.209'),
(3673, 573, '2025-05-20 06:28:02', '10.11.2.102'),
(3674, 581, '2025-05-20 06:54:28', '10.11.2.172'),
(3675, 363, '2025-05-20 07:15:02', '10.11.0.251'),
(3676, 335, '2025-05-20 07:21:39', '10.11.0.227'),
(3677, 366, '2025-05-20 07:38:38', '10.11.0.235'),
(3678, 579, '2025-05-20 07:42:35', '10.11.3.79'),
(3679, 582, '2025-05-20 08:44:25', '10.11.2.9'),
(3680, 583, '2025-05-20 09:16:28', '10.11.3.87'),
(3681, 583, '2025-05-20 09:17:58', '10.11.3.87'),
(3682, 583, '2025-05-20 09:24:21', '10.11.3.87'),
(3683, 363, '2025-05-20 10:03:35', '10.11.2.108'),
(3684, 505, '2025-05-20 10:30:34', '10.11.3.121'),
(3685, 363, '2025-05-20 10:32:10', '10.11.2.74'),
(3686, 363, '2025-05-20 10:46:04', '10.11.2.108'),
(3687, 363, '2025-05-20 10:59:12', '10.11.2.108'),
(3688, 15, '2025-05-20 11:09:14', '10.11.8.50'),
(3689, 578, '2025-05-20 11:58:10', '10.11.1.105'),
(3690, 15, '2025-05-20 13:53:11', '10.11.8.50'),
(3691, 37, '2025-05-20 13:54:03', '10.11.8.50'),
(3692, 15, '2025-05-20 13:55:23', '10.11.8.50'),
(3693, 15, '2025-05-20 13:58:05', '10.11.8.50'),
(3694, 496, '2025-05-21 02:43:44', '10.11.2.41'),
(3695, 496, '2025-05-21 02:44:20', '10.11.2.41'),
(3696, 581, '2025-05-21 03:07:11', '10.11.2.104'),
(3697, 15, '2025-05-21 03:49:22', '10.11.8.50'),
(3698, 576, '2025-05-21 04:48:27', '10.11.2.54'),
(3699, 488, '2025-05-21 05:17:33', '10.11.0.250'),
(3700, 576, '2025-05-21 05:20:13', '10.11.2.54'),
(3701, 488, '2025-05-21 05:40:20', '10.11.0.250'),
(3702, 15, '2025-05-21 08:00:23', '10.11.8.50'),
(3703, 496, '2025-05-22 02:34:02', '10.11.0.52'),
(3704, 499, '2025-05-22 02:36:46', '10.11.2.167'),
(3705, 584, '2025-05-22 04:45:56', '10.11.0.94'),
(3706, 15, '2025-05-22 05:35:55', '10.11.8.50'),
(3707, 15, '2025-05-22 05:37:16', '10.11.8.50'),
(3708, 15, '2025-05-22 05:37:59', '10.11.8.50'),
(3709, 15, '2025-05-22 05:44:42', '10.11.8.50'),
(3710, 15, '2025-05-22 05:46:07', '10.11.8.50'),
(3711, 562, '2025-05-22 05:55:21', '10.11.3.241'),
(3712, 562, '2025-05-22 05:56:15', '10.11.3.241'),
(3713, 559, '2025-05-22 05:58:22', '10.11.0.53'),
(3714, 562, '2025-05-22 06:05:24', '10.11.3.241'),
(3715, 488, '2025-05-22 06:06:50', '10.11.0.191'),
(3716, 505, '2025-05-22 06:16:38', '10.11.0.215'),
(3717, 314, '2025-05-22 07:10:55', '10.11.6.83'),
(3718, 314, '2025-05-22 08:06:09', '10.11.6.83'),
(3719, 15, '2025-05-22 09:09:36', '10.11.8.50'),
(3720, 15, '2025-05-22 09:31:03', '10.11.8.50'),
(3721, 579, '2025-05-22 10:11:38', '10.11.3.32'),
(3722, 579, '2025-05-22 10:11:59', '10.11.3.32'),
(3723, 562, '2025-05-22 10:40:20', '10.11.0.250'),
(3724, 15, '2025-05-22 15:00:49', '10.11.8.50'),
(3725, 15, '2025-05-22 15:14:45', '10.11.8.50'),
(3726, 15, '2025-05-22 15:35:44', '10.11.8.50'),
(3727, 488, '2025-05-23 03:52:58', '10.11.2.236'),
(3728, 586, '2025-05-23 04:18:39', '10.11.3.240'),
(3729, 586, '2025-05-23 04:20:22', '10.11.3.240'),
(3730, 587, '2025-05-23 04:20:50', '10.11.0.201'),
(3731, 588, '2025-05-23 04:53:46', '10.11.2.164'),
(3732, 15, '2025-05-23 04:54:35', '10.11.8.50'),
(3733, 15, '2025-05-23 04:55:47', '10.11.8.50'),
(3734, 578, '2025-05-23 08:30:21', '10.11.3.31'),
(3735, 474, '2025-05-23 08:44:15', '10.11.3.169'),
(3736, 589, '2025-05-23 08:55:59', '10.11.0.172'),
(3737, 589, '2025-05-23 08:56:11', '10.11.2.226'),
(3738, 488, '2025-05-23 10:09:04', '10.11.1.180'),
(3739, 589, '2025-05-23 11:39:49', '10.11.0.55'),
(3740, 591, '2025-05-23 11:45:08', '10.11.0.53'),
(3741, 589, '2025-05-23 12:27:31', '10.11.0.55'),
(3742, 21, '2025-05-26 01:16:46', '10.11.8.22'),
(3743, 589, '2025-05-26 02:22:24', '10.11.2.234'),
(3744, 592, '2025-05-26 02:54:38', '10.11.2.196'),
(3745, 593, '2025-05-26 02:59:28', '10.11.3.166'),
(3746, 15, '2025-05-26 03:40:36', '10.11.8.50'),
(3747, 15, '2025-05-26 04:15:19', '10.11.8.50'),
(3748, 15, '2025-05-26 04:15:32', '10.11.8.50'),
(3749, 15, '2025-05-26 04:15:58', '10.11.8.50'),
(3750, 15, '2025-05-26 04:23:57', '10.11.8.50'),
(3751, 15, '2025-05-26 04:24:08', '10.11.8.50'),
(3752, 15, '2025-05-26 04:26:32', '10.11.8.50'),
(3753, 564, '2025-05-26 04:28:15', '10.11.0.239'),
(3754, 15, '2025-05-26 04:30:49', '10.11.8.50'),
(3755, 15, '2025-05-26 04:35:59', '10.11.8.50'),
(3756, 562, '2025-05-26 04:36:07', '10.11.0.108'),
(3757, 15, '2025-05-26 04:37:17', '10.11.8.50'),
(3758, 15, '2025-05-26 04:41:52', '10.11.8.50'),
(3759, 564, '2025-05-26 04:44:38', '10.11.0.178'),
(3760, 562, '2025-05-26 04:44:49', '10.11.0.108'),
(3761, 576, '2025-05-26 04:45:20', '10.11.1.168'),
(3762, 15, '2025-05-26 05:02:33', '10.11.8.50'),
(3763, 15, '2025-05-26 05:03:01', '10.11.8.50'),
(3764, 594, '2025-05-26 05:08:22', '10.11.0.212'),
(3765, 15, '2025-05-26 05:15:05', '10.11.8.50'),
(3766, 15, '2025-05-26 05:19:00', '10.11.8.50'),
(3767, 550, '2025-05-26 05:20:30', '10.11.2.30'),
(3768, 15, '2025-05-26 05:26:29', '10.11.8.50'),
(3769, 15, '2025-05-26 05:26:36', '10.11.8.50'),
(3770, 15, '2025-05-26 05:33:00', '10.11.8.50'),
(3771, 564, '2025-05-26 05:34:14', '10.11.0.239'),
(3772, 505, '2025-05-26 05:40:19', '10.11.2.170'),
(3773, 505, '2025-05-26 05:41:42', '10.11.2.170'),
(3774, 564, '2025-05-26 05:50:49', '10.11.0.239'),
(3775, 564, '2025-05-26 05:52:07', '10.11.0.198'),
(3776, 564, '2025-05-26 05:52:32', '10.11.0.178'),
(3777, 506, '2025-05-26 06:17:46', '10.11.3.146'),
(3778, 595, '2025-05-26 06:30:00', '10.11.3.183'),
(3779, 575, '2025-05-26 06:41:44', '10.11.2.184'),
(3780, 575, '2025-05-26 06:44:15', '10.11.2.184'),
(3781, 596, '2025-05-26 06:45:26', '10.11.2.119'),
(3782, 594, '2025-05-26 08:27:12', '10.11.3.7'),
(3783, 482, '2025-05-26 08:32:23', '10.11.1.136'),
(3784, 503, '2025-05-26 08:33:00', '10.11.3.54'),
(3785, 482, '2025-05-26 08:34:10', '10.11.1.136'),
(3786, 482, '2025-05-26 08:34:41', '10.11.1.136'),
(3787, 482, '2025-05-26 08:34:45', '10.11.1.136'),
(3788, 503, '2025-05-26 08:34:59', '10.11.3.54'),
(3789, 490, '2025-05-26 08:35:11', '10.11.1.106'),
(3790, 503, '2025-05-26 08:44:52', '10.11.3.54'),
(3791, 564, '2025-05-26 09:16:51', '10.11.2.116'),
(3792, 564, '2025-05-26 09:28:41', '10.11.8.22'),
(3793, 21, '2025-05-26 09:34:38', '10.11.8.22'),
(3794, 496, '2025-05-26 09:35:30', '10.11.0.131'),
(3795, 499, '2025-05-26 09:36:50', '10.11.0.162'),
(3796, 496, '2025-05-26 09:37:46', '10.11.3.249'),
(3797, 596, '2025-05-26 09:53:39', '10.11.3.238'),
(3798, 597, '2025-05-26 10:12:27', '10.11.0.158'),
(3799, 15, '2025-05-26 10:52:18', '10.11.3.83'),
(3800, 38, '2025-05-26 10:53:25', '10.11.3.83'),
(3801, 579, '2025-05-26 11:42:03', '10.11.3.246'),
(3802, 15, '2025-05-26 11:52:03', '10.11.8.50'),
(3803, 15, '2025-05-26 12:20:29', '10.11.8.50'),
(3804, 15, '2025-05-26 12:20:34', '10.11.8.50'),
(3805, 15, '2025-05-26 12:31:16', '10.11.8.50'),
(3806, 15, '2025-05-26 12:34:19', '10.11.8.50'),
(3807, 15, '2025-05-26 12:34:26', '10.11.8.50'),
(3808, 598, '2025-05-26 13:11:49', '10.11.2.45'),
(3809, 598, '2025-05-26 13:18:15', '10.11.2.45'),
(3810, 15, '2025-05-26 13:26:29', '10.11.8.50'),
(3811, 526, '2025-05-26 13:35:35', '10.11.0.242'),
(3812, 526, '2025-05-26 13:36:08', '10.11.0.242'),
(3813, 15, '2025-05-26 18:13:47', '10.11.0.93'),
(3814, 570, '2025-05-27 02:42:24', '10.11.1.81'),
(3815, 579, '2025-05-27 02:52:09', '10.11.1.65'),
(3816, 579, '2025-05-27 02:52:59', '10.11.1.65'),
(3817, 21, '2025-05-27 03:03:18', '10.11.8.22'),
(3818, 579, '2025-05-27 03:35:28', '10.11.1.65'),
(3819, 599, '2025-05-27 04:08:00', '10.11.3.222'),
(3820, 564, '2025-05-27 04:14:22', '10.11.3.201'),
(3821, 490, '2025-05-27 04:16:09', '10.11.3.186'),
(3822, 15, '2025-05-27 04:25:30', '10.11.8.50'),
(3823, 564, '2025-05-27 04:32:30', '10.11.3.222'),
(3824, 21, '2025-05-27 05:35:55', '10.11.8.22'),
(3825, 7, '2025-05-27 05:56:26', '10.11.8.50'),
(3826, 600, '2025-05-27 05:57:36', '10.11.8.50'),
(3827, 600, '2025-05-27 05:57:58', '10.11.8.50'),
(3828, 600, '2025-05-27 05:58:40', '10.11.8.50'),
(3829, 600, '2025-05-27 06:03:16', '10.11.8.50'),
(3830, 600, '2025-05-27 07:01:31', '10.11.0.206'),
(3831, 601, '2025-05-27 07:40:56', '10.11.2.153'),
(3832, 583, '2025-05-27 07:43:28', '10.11.2.182'),
(3833, 601, '2025-05-27 07:45:43', '10.11.2.34'),
(3834, 583, '2025-05-27 07:57:18', '10.11.2.182'),
(3835, 600, '2025-05-27 08:21:55', '10.11.0.206'),
(3836, 579, '2025-05-27 08:38:24', '10.11.0.168'),
(3837, 579, '2025-05-27 08:40:39', '10.11.0.168'),
(3838, 15, '2025-05-27 08:53:07', '10.11.8.50'),
(3839, 601, '2025-05-27 10:15:44', '10.11.2.224'),
(3840, 601, '2025-05-27 10:16:25', '10.11.2.224'),
(3841, 530, '2025-05-27 10:50:04', '10.11.0.218'),
(3842, 520, '2025-05-27 11:27:57', '10.11.0.237'),
(3843, 520, '2025-05-27 11:28:43', '10.11.0.237'),
(3844, 520, '2025-05-27 11:29:11', '10.11.0.237'),
(3845, 602, '2025-05-27 11:38:04', '10.11.1.145'),
(3846, 592, '2025-05-27 11:42:54', '10.11.1.122'),
(3847, 602, '2025-05-27 11:44:12', '10.11.1.145'),
(3848, 15, '2025-05-27 14:17:30', '10.11.8.50'),
(3849, 575, '2025-05-28 04:15:13', '10.11.2.175'),
(3850, 503, '2025-05-28 04:59:29', '10.11.3.19'),
(3851, 503, '2025-05-28 05:01:34', '10.11.2.137'),
(3852, 532, '2025-05-28 06:23:30', '10.11.1.100'),
(3853, 532, '2025-05-28 06:23:36', '10.11.1.100'),
(3854, 532, '2025-05-28 06:26:45', '10.11.1.100'),
(3855, 532, '2025-05-28 06:26:49', '10.11.1.100'),
(3856, 484, '2025-05-28 07:26:40', '10.11.3.26'),
(3857, 550, '2025-05-28 07:26:51', '10.11.3.66'),
(3858, 604, '2025-05-28 07:39:11', '10.11.3.224'),
(3859, 520, '2025-05-28 07:40:43', '10.11.3.250'),
(3860, 532, '2025-05-28 08:00:04', '10.11.1.100'),
(3861, 604, '2025-05-28 08:02:37', '10.11.3.224'),
(3862, 575, '2025-05-28 08:13:02', '10.11.1.117'),
(3863, 15, '2025-05-28 08:36:09', '10.11.8.50'),
(3864, 21, '2025-05-28 08:45:03', '10.11.8.22'),
(3865, 594, '2025-05-28 08:45:48', '10.11.2.174'),
(3866, 484, '2025-05-28 08:53:09', '10.11.3.26'),
(3867, 508, '2025-05-28 09:36:57', '10.11.3.169'),
(3868, 553, '2025-05-28 10:10:34', '10.11.1.137'),
(3869, 553, '2025-05-28 10:21:31', '10.11.1.137'),
(3870, 601, '2025-05-28 11:00:26', '10.11.3.153'),
(3871, 601, '2025-05-28 11:02:42', '10.11.3.153'),
(3872, 502, '2025-05-28 11:02:56', '10.11.1.123'),
(3873, 502, '2025-05-28 11:03:09', '10.11.1.123'),
(3874, 601, '2025-05-28 11:03:52', '10.11.1.123'),
(3875, 553, '2025-05-28 11:19:25', '10.11.1.137'),
(3876, 513, '2025-05-28 11:23:06', '10.11.0.64'),
(3877, 605, '2025-05-28 11:25:09', '10.11.3.153'),
(3878, 606, '2025-05-29 15:27:23', '10.11.0.63'),
(3879, 15, '2025-05-30 04:20:03', '10.11.8.50'),
(3880, 15, '2025-05-30 05:18:16', '10.11.8.50'),
(3881, 15, '2025-05-31 03:43:23', '10.11.8.50'),
(3882, 481, '2025-06-02 03:07:57', '10.11.0.140'),
(3883, 562, '2025-06-02 03:53:01', '10.11.1.20'),
(3884, 594, '2025-06-02 03:55:32', '10.11.0.214'),
(3885, 562, '2025-06-02 03:59:12', '10.11.1.20'),
(3886, 607, '2025-06-02 04:13:53', '10.11.0.212'),
(3887, 21, '2025-06-02 04:22:36', '10.11.8.22'),
(3888, 532, '2025-06-02 05:22:27', '10.11.0.244'),
(3889, 532, '2025-06-02 05:22:56', '10.11.0.244'),
(3890, 608, '2025-06-02 05:27:52', '10.11.1.89'),
(3891, 608, '2025-06-02 05:28:39', '10.11.1.89'),
(3892, 469, '2025-06-02 06:03:21', '10.11.3.39'),
(3893, 509, '2025-06-02 06:04:39', '10.11.3.27'),
(3894, 604, '2025-06-02 09:19:36', '10.11.3.231'),
(3895, 604, '2025-06-02 09:20:31', '10.11.3.231'),
(3896, 15, '2025-06-02 09:21:05', '10.11.4.123'),
(3897, 15, '2025-06-02 09:22:48', '10.11.8.50'),
(3898, 611, '2025-06-02 09:59:01', '10.11.1.53'),
(3899, 612, '2025-06-02 10:00:10', '10.11.3.86'),
(3900, 613, '2025-06-02 10:01:16', '10.11.3.122'),
(3901, 604, '2025-06-02 10:29:45', '10.11.3.231'),
(3902, 613, '2025-06-02 11:13:30', '10.11.3.122'),
(3903, 564, '2025-06-02 11:37:24', '10.11.3.117'),
(3904, 614, '2025-06-02 11:44:21', '10.11.1.240'),
(3905, 437, '2025-06-02 11:44:30', '10.11.1.232'),
(3906, 615, '2025-06-02 11:46:28', '10.11.1.214'),
(3907, 599, '2025-06-02 11:47:56', '10.11.0.59'),
(3908, 594, '2025-06-02 12:36:43', '10.11.0.172'),
(3909, 591, '2025-06-03 02:24:21', '10.11.3.190'),
(3910, 475, '2025-06-03 02:27:16', '10.11.3.72'),
(3911, 475, '2025-06-03 02:27:18', '10.11.3.72'),
(3912, 475, '2025-06-03 02:27:45', '10.11.3.72'),
(3913, 579, '2025-06-03 03:15:53', '10.11.3.144'),
(3914, 607, '2025-06-03 03:49:56', '10.11.1.104'),
(3915, 605, '2025-06-03 04:08:45', '10.11.1.187'),
(3916, 550, '2025-06-03 04:14:15', '10.11.1.63'),
(3917, 607, '2025-06-03 04:17:51', '10.11.1.104'),
(3918, 437, '2025-06-03 04:27:45', '10.11.0.238'),
(3919, 437, '2025-06-03 04:28:00', '10.11.0.238'),
(3920, 607, '2025-06-03 04:31:43', '10.11.1.104'),
(3921, 599, '2025-06-03 04:55:59', '10.11.1.150'),
(3922, 15, '2025-06-03 05:06:59', '10.11.8.50'),
(3923, 425, '2025-06-03 07:26:24', '10.11.1.186'),
(3924, 608, '2025-06-03 10:20:46', '10.11.1.172'),
(3925, 503, '2025-06-03 11:29:04', '10.11.2.255'),
(3926, 503, '2025-06-03 11:32:53', '10.11.2.255'),
(3927, 617, '2025-06-03 11:49:28', '10.11.2.26'),
(3928, 617, '2025-06-03 11:50:49', '10.11.2.26'),
(3929, 616, '2025-06-03 11:52:36', '10.11.3.87'),
(3930, 428, '2025-06-04 05:19:52', '10.11.1.84'),
(3931, 618, '2025-06-04 05:23:20', '10.11.2.131'),
(3932, 438, '2025-06-04 05:35:20', '10.11.2.119'),
(3933, 617, '2025-06-04 07:02:05', '10.11.1.142'),
(3934, 620, '2025-06-04 08:22:09', '10.11.1.130'),
(3935, 398, '2025-06-04 08:45:00', '10.11.0.206'),
(3936, 621, '2025-06-04 08:47:32', '10.11.3.169'),
(3937, 621, '2025-06-04 08:49:33', '10.11.3.199'),
(3938, 21, '2025-06-04 09:12:49', '10.11.8.22'),
(3939, 617, '2025-06-04 09:15:54', '10.11.1.142'),
(3940, 605, '2025-06-04 09:35:34', '10.11.0.159'),
(3941, 617, '2025-06-04 09:55:26', '10.11.1.142'),
(3942, 622, '2025-06-04 10:55:21', '10.11.2.8'),
(3943, 591, '2025-06-04 12:00:01', '10.11.0.68'),
(3944, 591, '2025-06-04 12:05:59', '10.11.0.68'),
(3945, 607, '2025-06-04 12:33:20', '10.11.0.185'),
(3946, 15, '2025-06-04 15:04:13', '10.11.8.50'),
(3947, 591, '2025-06-05 04:29:51', '10.11.1.250'),
(3948, 623, '2025-06-05 04:39:45', '10.11.2.23'),
(3949, 624, '2025-06-05 04:40:51', '10.11.1.245'),
(3950, 591, '2025-06-05 04:41:44', '10.11.2.42'),
(3951, 360, '2025-06-05 04:41:55', '10.11.2.21'),
(3952, 625, '2025-06-05 04:43:56', '10.11.1.251'),
(3953, 624, '2025-06-05 04:44:37', '10.11.2.54'),
(3954, 353, '2025-06-05 04:59:58', '10.11.2.59'),
(3955, 353, '2025-06-05 05:01:18', '10.11.2.59'),
(3956, 353, '2025-06-05 05:06:08', '10.11.2.59'),
(3957, 353, '2025-06-05 05:10:36', '10.11.2.59'),
(3958, 353, '2025-06-05 05:17:16', '10.11.2.59'),
(3959, 353, '2025-06-05 05:22:35', '10.11.2.59'),
(3960, 21, '2025-06-05 05:28:19', '10.11.8.22'),
(3961, 360, '2025-06-05 05:33:17', '10.11.2.6'),
(3962, 360, '2025-06-05 05:39:53', '10.11.2.6'),
(3963, 621, '2025-06-05 06:36:00', '10.11.3.54'),
(3964, 15, '2025-06-05 07:59:07', '10.11.2.123'),
(3965, 15, '2025-06-05 08:02:51', '10.11.2.123'),
(3966, 621, '2025-06-05 08:30:30', '10.11.2.169'),
(3967, 15, '2025-06-05 08:33:28', '10.11.8.50'),
(3968, 620, '2025-06-05 08:39:16', '10.11.1.101'),
(3969, 15, '2025-06-05 08:41:47', '10.11.2.123'),
(3970, 620, '2025-06-05 08:48:32', '10.11.1.101'),
(3971, 617, '2025-06-05 08:48:51', '10.11.1.101'),
(3972, 617, '2025-06-05 08:52:11', '10.11.1.101'),
(3973, 620, '2025-06-05 08:52:34', '10.11.1.101'),
(3974, 411, '2025-06-05 09:08:46', '10.11.3.48'),
(3975, 622, '2025-06-05 09:10:40', '10.11.2.135'),
(3976, 622, '2025-06-05 09:13:54', '10.11.2.135'),
(3977, 15, '2025-06-05 09:17:26', '10.11.2.123'),
(3978, 411, '2025-06-05 09:24:47', '10.11.3.48'),
(3979, 627, '2025-06-05 09:27:05', '10.11.3.48'),
(3980, 622, '2025-06-05 09:27:41', '10.11.2.135'),
(3981, 620, '2025-06-05 10:24:32', '10.11.1.101'),
(3982, 21, '2025-06-05 12:16:19', '10.11.8.22'),
(3983, 15, '2025-06-08 08:10:24', '10.11.8.50'),
(3984, 21, '2025-06-10 05:21:55', '10.11.8.22'),
(3985, 625, '2025-06-10 07:05:03', '10.11.2.81'),
(3986, 628, '2025-06-10 07:36:35', '10.11.2.78'),
(3987, 629, '2025-06-10 08:16:10', '10.11.2.173'),
(3988, 630, '2025-06-10 08:21:48', '10.11.2.158'),
(3989, 544, '2025-06-10 08:24:49', '10.11.2.225'),
(3990, 627, '2025-06-10 08:36:34', '10.11.2.48'),
(3991, 629, '2025-06-10 08:37:45', '10.11.2.245'),
(3992, 624, '2025-06-10 08:40:39', '10.11.2.176'),
(3993, 544, '2025-06-10 08:50:19', '10.11.2.225'),
(3994, 618, '2025-06-10 08:55:04', '10.11.2.200'),
(3995, 545, '2025-06-10 08:57:20', '10.11.2.221'),
(3996, 632, '2025-06-10 09:00:46', '10.11.2.133'),
(3997, 614, '2025-06-10 09:04:15', '10.11.2.200'),
(3998, 428, '2025-06-10 09:05:47', '10.11.2.239'),
(3999, 614, '2025-06-10 09:06:44', '10.11.2.202'),
(4000, 428, '2025-06-10 09:06:49', '10.11.2.200'),
(4001, 428, '2025-06-10 09:10:37', '10.11.2.202'),
(4002, 438, '2025-06-10 09:12:38', '10.11.2.238'),
(4003, 612, '2025-06-10 09:12:57', '10.11.3.6'),
(4004, 622, '2025-06-10 09:13:02', '10.11.3.18'),
(4005, 438, '2025-06-10 09:13:27', '10.11.2.238'),
(4006, 614, '2025-06-10 09:14:46', '10.11.2.202'),
(4007, 627, '2025-06-10 09:15:45', '10.11.2.48'),
(4008, 438, '2025-06-10 09:16:01', '10.11.2.238'),
(4009, 437, '2025-06-10 09:16:03', '10.11.2.200'),
(4010, 428, '2025-06-10 09:19:35', '10.11.2.238'),
(4011, 611, '2025-06-10 09:33:40', '10.11.3.70'),
(4012, 589, '2025-06-10 13:32:27', '10.11.0.181'),
(4013, 15, '2025-06-10 14:51:16', '10.11.8.50'),
(4014, 599, '2025-06-11 01:45:52', '10.11.1.60'),
(4015, 623, '2025-06-11 04:18:38', '10.11.1.249'),
(4016, 623, '2025-06-11 04:19:34', '10.11.1.249'),
(4017, 624, '2025-06-11 04:23:10', '10.11.1.225'),
(4018, 15, '2025-06-11 05:16:54', '10.11.8.50'),
(4019, 572, '2025-06-11 05:18:34', '10.11.2.21'),
(4020, 21, '2025-06-11 06:00:06', '10.11.8.22'),
(4021, 599, '2025-06-11 06:37:57', '10.11.1.59'),
(4022, 564, '2025-06-11 06:38:46', '10.11.2.217'),
(4023, 599, '2025-06-11 06:39:47', '10.11.2.217'),
(4024, 611, '2025-06-11 10:51:40', '10.11.0.218'),
(4025, 633, '2025-06-11 11:20:36', '10.11.1.6'),
(4026, 634, '2025-06-11 11:49:28', '10.11.1.54'),
(4027, 634, '2025-06-11 11:52:22', '10.11.1.51'),
(4028, 611, '2025-06-12 10:28:49', '10.11.3.212'),
(4029, 521, '2025-06-13 02:32:16', '10.11.2.223'),
(4030, 21, '2025-06-13 03:02:47', '10.11.8.22'),
(4031, 15, '2025-06-13 04:57:39', '10.11.8.50'),
(4032, 520, '2025-06-13 07:41:44', '10.11.0.214'),
(4033, 503, '2025-06-15 08:42:54', '10.11.3.235'),
(4034, 15, '2025-06-15 11:46:55', '10.11.8.50'),
(4035, 21, '2025-06-16 04:33:13', '10.11.8.22'),
(4036, 475, '2025-06-16 05:20:17', '10.11.3.83'),
(4037, 533, '2025-06-16 05:35:54', '10.11.0.99'),
(4038, 635, '2025-06-16 05:38:36', '10.11.0.92'),
(4039, 636, '2025-06-16 05:40:41', '10.11.3.81'),
(4040, 638, '2025-06-16 05:47:23', '10.11.1.152'),
(4041, 521, '2025-06-16 05:50:44', '10.11.2.67'),
(4042, 521, '2025-06-16 05:51:12', '10.11.2.67'),
(4043, 520, '2025-06-16 05:56:32', '10.11.3.186'),
(4044, 622, '2025-06-16 06:45:55', '10.11.2.13'),
(4045, 622, '2025-06-16 06:46:12', '10.11.2.13'),
(4046, 550, '2025-06-16 06:57:28', '10.11.2.109'),
(4047, 627, '2025-06-16 07:00:03', '10.11.2.31'),
(4048, 627, '2025-06-16 07:00:22', '10.11.2.31'),
(4049, 397, '2025-06-16 07:26:14', '10.11.3.84'),
(4050, 398, '2025-06-16 07:27:28', '10.11.2.191'),
(4051, 396, '2025-06-16 07:27:33', '10.11.2.182'),
(4052, 397, '2025-06-16 07:28:01', '10.11.3.84'),
(4053, 459, '2025-06-16 07:32:26', '10.11.2.33'),
(4054, 398, '2025-06-16 07:34:21', '10.11.2.191'),
(4055, 628, '2025-06-16 09:13:13', '10.11.2.53'),
(4056, 604, '2025-06-17 03:58:31', '10.11.1.170'),
(4057, 396, '2025-06-17 04:28:47', '10.11.1.182'),
(4058, 396, '2025-06-17 04:29:04', '10.11.1.182'),
(4059, 459, '2025-06-17 04:30:12', '10.11.1.176'),
(4060, 459, '2025-06-17 04:30:25', '10.11.1.176'),
(4061, 396, '2025-06-17 04:30:50', '10.11.1.182'),
(4062, 459, '2025-06-17 04:30:58', '10.11.1.176'),
(4063, 459, '2025-06-17 04:31:11', '10.11.1.176'),
(4064, 396, '2025-06-17 04:31:13', '10.11.1.182'),
(4065, 459, '2025-06-17 04:31:26', '10.11.1.176'),
(4066, 396, '2025-06-17 04:45:47', '10.11.1.182'),
(4067, 639, '2025-06-17 05:06:05', '10.11.0.131'),
(4068, 396, '2025-06-17 05:10:34', '10.11.1.182'),
(4069, 591, '2025-06-17 05:28:14', '10.11.0.164'),
(4070, 481, '2025-06-17 05:51:41', '10.11.2.212'),
(4071, 633, '2025-06-17 05:54:50', '10.11.3.10'),
(4072, 640, '2025-06-17 06:10:33', '10.11.3.54'),
(4073, 550, '2025-06-18 05:12:58', '10.11.3.35'),
(4074, 639, '2025-06-18 05:18:16', '10.11.3.66'),
(4075, 569, '2025-06-18 05:21:11', '10.11.1.168'),
(4076, 569, '2025-06-18 05:21:57', '10.11.1.168'),
(4077, 639, '2025-06-18 05:36:31', '10.11.3.66'),
(4078, 604, '2025-06-18 05:40:21', '10.11.3.177'),
(4079, 613, '2025-06-18 08:09:47', '10.11.0.119'),
(4080, 641, '2025-06-18 08:13:08', '10.11.3.39'),
(4081, 642, '2025-06-18 08:13:32', '10.11.2.238'),
(4082, 643, '2025-06-18 08:16:20', '10.11.2.8'),
(4083, 611, '2025-06-18 08:36:06', '10.11.0.90'),
(4084, 591, '2025-06-18 09:24:58', '10.11.0.185'),
(4085, 15, '2025-06-18 09:40:30', '10.11.8.50'),
(4086, 644, '2025-06-18 09:41:15', '10.11.1.50'),
(4087, 545, '2025-06-18 09:51:36', '10.11.2.178'),
(4088, 597, '2025-06-18 10:01:35', '10.11.2.249'),
(4089, 597, '2025-06-18 10:01:57', '10.11.2.249'),
(4090, 21, '2025-06-18 10:10:21', '10.11.8.22'),
(4091, 645, '2025-06-18 10:36:38', '10.11.2.168'),
(4092, 574, '2025-06-19 04:32:57', '10.11.0.186'),
(4093, 469, '2025-06-19 04:33:12', '10.11.0.240'),
(4094, 646, '2025-06-19 04:42:01', '10.11.0.180'),
(4095, 646, '2025-06-19 04:51:05', '10.11.0.180'),
(4096, 639, '2025-06-19 05:07:47', '10.11.3.124'),
(4097, 428, '2025-06-19 06:00:32', '10.11.1.21'),
(4098, 428, '2025-06-19 06:02:19', '10.11.1.21'),
(4099, 628, '2025-06-19 06:04:07', '10.11.0.244'),
(4100, 437, '2025-06-19 06:05:05', '10.11.1.48'),
(4101, 428, '2025-06-19 06:07:47', '10.11.1.48'),
(4102, 428, '2025-06-19 06:13:42', '10.11.1.21'),
(4103, 647, '2025-06-19 07:09:11', '10.11.2.207'),
(4104, 648, '2025-06-19 07:10:10', '10.11.2.244'),
(4105, 649, '2025-06-19 07:10:13', '10.11.3.104'),
(4106, 648, '2025-06-19 07:11:15', '10.11.2.244'),
(4107, 650, '2025-06-19 07:11:44', '10.11.2.212'),
(4108, 650, '2025-06-19 07:12:17', '10.11.2.212'),
(4109, 651, '2025-06-19 07:14:56', '10.11.2.219'),
(4110, 649, '2025-06-19 07:15:34', '10.11.3.104'),
(4111, 652, '2025-06-20 04:11:07', '10.11.3.154'),
(4112, 559, '2025-06-20 04:11:11', '10.11.3.145'),
(4113, 559, '2025-06-20 04:12:34', '10.11.3.145'),
(4114, 562, '2025-06-20 04:22:06', '10.11.3.196'),
(4115, 559, '2025-06-20 04:24:02', '10.11.3.145'),
(4116, 569, '2025-06-20 04:55:28', '10.11.0.106'),
(4117, 632, '2025-06-20 06:09:31', '10.11.1.154'),
(4118, 620, '2025-06-20 06:10:59', '10.11.1.86'),
(4119, 632, '2025-06-20 06:11:50', '10.11.1.154'),
(4120, 643, '2025-06-20 07:28:25', '10.11.2.102'),
(4121, 643, '2025-06-20 07:53:25', '10.11.2.102'),
(4122, 650, '2025-06-20 08:45:22', '10.11.1.101'),
(4123, 651, '2025-06-20 08:45:26', '10.11.1.104'),
(4124, 647, '2025-06-20 08:45:26', '10.11.1.106'),
(4125, 648, '2025-06-20 08:46:03', '10.11.1.109'),
(4126, 627, '2025-06-20 08:52:47', '10.11.1.103'),
(4127, 649, '2025-06-20 08:55:58', '10.11.1.108'),
(4128, 651, '2025-06-20 09:07:18', '10.11.1.104'),
(4129, 632, '2025-06-20 09:21:48', '10.11.1.239'),
(4130, 632, '2025-06-20 09:39:04', '10.11.1.239'),
(4131, 529, '2025-06-20 10:57:43', '10.11.3.193'),
(4132, 529, '2025-06-20 10:58:33', '10.11.3.193'),
(4133, 529, '2025-06-23 02:42:53', '10.11.3.106'),
(4134, 529, '2025-06-23 02:42:54', '10.11.3.106'),
(4135, 653, '2025-06-23 02:55:52', '10.11.0.65'),
(4136, 654, '2025-06-23 03:55:41', '10.11.1.82'),
(4137, 21, '2025-06-23 03:59:36', '10.11.8.22'),
(4138, 647, '2025-06-23 04:39:40', '10.11.1.217'),
(4139, 651, '2025-06-23 04:47:07', '10.11.2.32'),
(4140, 628, '2025-06-23 04:53:14', '10.11.2.73'),
(4141, 655, '2025-06-23 05:19:19', '10.11.3.215'),
(4142, 614, '2025-06-23 06:19:39', '10.11.2.143'),
(4143, 464, '2025-06-23 06:21:54', '10.11.3.106'),
(4144, 615, '2025-06-23 06:30:08', '10.11.2.159'),
(4145, 438, '2025-06-23 06:30:23', '10.11.2.166'),
(4146, 428, '2025-06-23 06:31:15', '10.11.2.166'),
(4147, 464, '2025-06-23 06:35:12', '10.11.3.106'),
(4148, 464, '2025-06-23 06:45:30', '10.11.3.106'),
(4149, 655, '2025-06-23 07:08:44', '10.11.3.215'),
(4150, 655, '2025-06-23 09:54:22', '10.11.3.98'),
(4151, 608, '2025-06-23 09:55:01', '10.11.0.191'),
(4152, 656, '2025-06-23 10:03:42', '10.11.3.49'),
(4153, 653, '2025-06-23 10:37:22', '10.11.2.7'),
(4154, 15, '2025-06-23 12:27:22', '10.11.8.39'),
(4155, 15, '2025-06-23 12:31:28', '10.11.8.50'),
(4156, 21, '2025-06-24 03:12:01', '10.11.8.22'),
(4157, 593, '2025-06-24 05:34:15', '10.11.2.149'),
(4158, 592, '2025-06-24 05:34:23', '10.11.2.150'),
(4159, 592, '2025-06-24 06:21:03', '10.11.2.150'),
(4160, 593, '2025-06-24 06:24:07', '10.11.2.149'),
(4161, 655, '2025-06-24 07:28:56', '10.11.3.202'),
(4162, 573, '2025-06-24 07:39:46', '10.11.3.174'),
(4163, 573, '2025-06-24 07:40:07', '10.11.3.174'),
(4164, 573, '2025-06-24 07:44:46', '10.11.3.174'),
(4165, 655, '2025-06-24 09:41:17', '10.11.3.202'),
(4166, 359, '2025-06-24 10:16:10', '10.11.2.114'),
(4167, 554, '2025-06-24 15:22:51', '10.11.2.246'),
(4168, 535, '2025-06-25 03:35:22', '10.11.2.36'),
(4169, 535, '2025-06-25 03:36:15', '10.11.2.36'),
(4170, 359, '2025-06-25 03:36:55', '10.11.2.33'),
(4171, 396, '2025-06-25 03:43:20', '10.11.2.54'),
(4172, 359, '2025-06-25 03:49:36', '10.11.2.33'),
(4173, 15, '2025-06-25 03:54:19', '10.11.8.50'),
(4174, 657, '2025-06-25 04:05:03', '10.11.2.140'),
(4175, 658, '2025-06-25 04:05:34', '10.11.2.156'),
(4176, 659, '2025-06-25 04:06:09', '10.11.2.107'),
(4177, 660, '2025-06-25 04:06:24', '10.11.2.150'),
(4178, 516, '2025-06-25 04:06:27', '10.11.2.101'),
(4179, 661, '2025-06-25 04:06:43', '10.11.2.138'),
(4180, 499, '2025-06-25 04:22:06', '10.11.3.17'),
(4181, 21, '2025-06-25 04:45:47', '10.11.8.22'),
(4182, 396, '2025-06-25 05:02:10', '10.11.2.54'),
(4183, 425, '2025-06-25 05:27:21', '10.11.1.211'),
(4184, 616, '2025-06-25 05:28:46', '10.11.1.237'),
(4185, 661, '2025-06-25 08:09:35', '10.11.3.131'),
(4186, 470, '2025-06-25 09:47:45', '10.11.1.138'),
(4187, 470, '2025-06-25 09:50:32', '10.11.1.138'),
(4188, 438, '2025-06-25 11:15:40', '10.11.0.130'),
(4189, 428, '2025-06-25 11:16:56', '10.11.0.120'),
(4190, 428, '2025-06-25 11:22:43', '10.11.0.120'),
(4191, 428, '2025-06-25 11:24:00', '10.11.0.120'),
(4192, 653, '2025-06-25 11:29:14', '10.11.0.200'),
(4193, 653, '2025-06-25 11:30:18', '10.11.0.200'),
(4194, 15, '2025-06-26 04:06:34', '10.11.8.39'),
(4195, 15, '2025-06-26 04:08:36', '10.11.8.50'),
(4196, 665, '2025-06-26 04:28:46', '10.11.2.213'),
(4197, 455, '2025-06-26 04:29:59', '10.11.2.145'),
(4198, 665, '2025-06-26 04:30:12', '10.11.2.213'),
(4199, 455, '2025-06-26 05:33:56', '10.11.2.145'),
(4200, 455, '2025-06-26 05:43:18', '10.11.2.145'),
(4201, 455, '2025-06-26 05:47:02', '10.11.2.213'),
(4202, 455, '2025-06-26 05:52:01', '10.11.2.145'),
(4203, 665, '2025-06-26 05:54:03', '10.11.2.213'),
(4204, 665, '2025-06-26 05:54:39', '10.11.2.213'),
(4205, 455, '2025-06-26 05:55:09', '10.11.2.213'),
(4206, 665, '2025-06-26 05:55:46', '10.11.2.213'),
(4207, 15, '2025-06-26 06:03:43', '10.11.5.88'),
(4208, 666, '2025-06-26 06:16:45', '10.11.3.117'),
(4209, 522, '2025-06-26 07:30:04', '10.11.1.60'),
(4210, 437, '2025-06-26 07:47:11', '10.11.2.198'),
(4211, 438, '2025-06-26 07:49:05', '10.11.2.198'),
(4212, 437, '2025-06-26 07:54:34', '10.11.2.198'),
(4213, 616, '2025-06-26 08:11:54', '10.11.0.109'),
(4214, 592, '2025-06-26 08:31:50', '10.11.3.54'),
(4215, 669, '2025-06-26 08:34:16', '10.11.3.54'),
(4216, 425, '2025-06-26 08:36:41', '10.11.2.63'),
(4217, 21, '2025-06-26 09:50:09', '10.11.8.22'),
(4218, 481, '2025-06-26 13:23:01', '10.11.0.210'),
(4219, 670, '2025-06-28 04:40:59', '10.11.2.131'),
(4220, 530, '2025-06-28 09:59:45', '10.11.2.216'),
(4221, 493, '2025-06-28 10:33:33', '10.11.2.248'),
(4222, 493, '2025-06-28 10:34:27', '10.11.2.248'),
(4223, 671, '2025-06-28 11:20:01', '10.11.3.12'),
(4224, 671, '2025-06-28 11:23:34', '10.11.3.16'),
(4225, 672, '2025-06-30 04:01:47', '10.11.1.168'),
(4226, 672, '2025-06-30 04:06:42', '10.11.1.168'),
(4227, 672, '2025-06-30 04:06:54', '10.11.1.168'),
(4228, 673, '2025-06-30 04:12:11', '10.11.1.56'),
(4229, 673, '2025-06-30 04:18:22', '10.11.1.56'),
(4230, 673, '2025-06-30 04:23:47', '10.11.1.56'),
(4231, 673, '2025-06-30 04:24:13', '10.11.1.56'),
(4232, 21, '2025-06-30 04:24:35', '10.11.8.22'),
(4233, 673, '2025-06-30 04:25:43', '10.11.1.56'),
(4234, 438, '2025-06-30 04:48:03', '10.11.1.241'),
(4235, 437, '2025-06-30 04:48:16', '10.11.1.239'),
(4236, 438, '2025-06-30 04:49:04', '10.11.1.241'),
(4237, 438, '2025-06-30 04:49:52', '10.11.1.241'),
(4238, 676, '2025-06-30 05:12:57', '10.11.2.39'),
(4239, 677, '2025-06-30 05:16:44', '10.11.2.33'),
(4240, 678, '2025-06-30 05:22:17', '10.11.2.48'),
(4241, 494, '2025-06-30 05:25:24', '10.11.2.42'),
(4242, 676, '2025-06-30 05:52:46', '10.11.2.29'),
(4243, 494, '2025-06-30 06:28:00', '10.11.2.42'),
(4244, 494, '2025-06-30 06:28:20', '10.11.2.42'),
(4245, 433, '2025-06-30 07:14:14', '10.11.3.29'),
(4246, 529, '2025-06-30 07:47:38', '10.11.3.151'),
(4247, 653, '2025-06-30 07:53:53', '10.11.3.170'),
(4248, 670, '2025-06-30 08:35:42', '10.11.0.88'),
(4249, 670, '2025-06-30 08:37:57', '10.11.0.81'),
(4250, 632, '2025-06-30 08:56:51', '10.11.0.81'),
(4251, 670, '2025-06-30 09:37:48', '10.11.0.81'),
(4252, 592, '2025-06-30 10:02:00', '10.11.1.50'),
(4253, 592, '2025-06-30 10:02:23', '10.11.1.50'),
(4254, 593, '2025-06-30 10:06:14', '10.11.1.48'),
(4255, 593, '2025-06-30 10:06:40', '10.11.1.48'),
(4256, 592, '2025-06-30 10:06:52', '10.11.1.50'),
(4257, 592, '2025-06-30 10:07:12', '10.11.1.48'),
(4258, 592, '2025-06-30 10:07:40', '10.11.1.48'),
(4259, 592, '2025-06-30 10:08:31', '10.11.1.50'),
(4260, 593, '2025-06-30 10:08:59', '10.11.1.48'),
(4261, 15, '2025-06-30 11:08:03', '10.11.8.50'),
(4262, 679, '2025-06-30 11:35:09', '10.11.2.26'),
(4263, 680, '2025-07-01 02:49:52', '10.11.3.73'),
(4264, 680, '2025-07-01 02:50:45', '10.11.3.73'),
(4265, 681, '2025-07-01 04:26:07', '10.11.0.151'),
(4266, 682, '2025-07-01 04:26:21', '10.11.0.149'),
(4267, 683, '2025-07-01 04:40:54', '10.11.0.119'),
(4268, 570, '2025-07-01 06:05:49', '10.11.0.133'),
(4269, 579, '2025-07-01 06:19:56', '10.11.1.95'),
(4270, 684, '2025-07-01 06:22:07', '10.11.1.90'),
(4271, 569, '2025-07-01 06:22:31', '10.11.1.76'),
(4272, 685, '2025-07-01 10:52:44', '10.11.2.235'),
(4273, 685, '2025-07-01 11:22:54', '10.11.2.235'),
(4274, 685, '2025-07-02 07:18:12', '10.11.2.83'),
(4275, 684, '2025-07-02 07:20:45', '10.11.2.86'),
(4276, 15, '2025-07-02 07:33:43', '10.11.7.38'),
(4277, 15, '2025-07-02 07:37:51', '10.11.8.50'),
(4278, 468, '2025-07-02 08:13:53', '10.11.2.196'),
(4279, 468, '2025-07-02 08:21:51', '10.11.2.196'),
(4280, 468, '2025-07-02 08:22:23', '10.11.2.196'),
(4281, 686, '2025-07-02 08:32:23', '10.11.2.222'),
(4282, 630, '2025-07-02 10:02:40', '10.11.3.105'),
(4283, 604, '2025-07-02 10:23:55', '10.11.3.141'),
(4284, 604, '2025-07-02 10:29:03', '10.11.3.141'),
(4285, 15, '2025-07-02 10:48:08', '10.11.3.187'),
(4286, 425, '2025-07-02 11:02:51', '10.11.3.194'),
(4287, 468, '2025-07-02 11:03:18', '10.11.2.196'),
(4288, 629, '2025-07-02 11:28:53', '10.11.0.52'),
(4289, 666, '2025-07-02 11:29:01', '10.11.0.54'),
(4290, 666, '2025-07-02 11:29:32', '10.11.0.54'),
(4291, 425, '2025-07-02 11:34:00', '10.11.3.194'),
(4292, 688, '2025-07-02 11:41:41', '10.11.2.64'),
(4293, 688, '2025-07-02 11:43:36', '10.11.2.64'),
(4294, 666, '2025-07-02 11:44:09', '10.11.0.52'),
(4295, 685, '2025-07-02 11:44:57', '10.11.2.83'),
(4296, 689, '2025-07-02 11:46:08', '10.11.0.52'),
(4297, 425, '2025-07-02 11:49:21', '10.11.3.194'),
(4298, 616, '2025-07-02 11:50:05', '10.11.3.181'),
(4299, 15, '2025-07-03 05:25:55', '10.11.8.50'),
(4300, 15, '2025-07-03 05:37:19', '10.11.8.50'),
(4301, 632, '2025-07-03 06:48:13', '10.11.3.10'),
(4302, 488, '2025-07-03 09:12:00', '10.11.0.58'),
(4303, 488, '2025-07-03 09:12:10', '10.11.0.58'),
(4304, 488, '2025-07-03 09:13:47', '10.11.0.58'),
(4305, 21, '2025-07-03 11:56:07', '10.11.8.50'),
(4306, 488, '2025-07-04 04:08:44', '10.11.2.94'),
(4307, 566, '2025-07-04 04:12:04', '10.11.2.94'),
(4308, 686, '2025-07-04 05:12:46', '10.11.2.194'),
(4309, 686, '2025-07-04 05:14:41', '10.11.2.194'),
(4310, 690, '2025-07-04 05:35:11', '10.11.2.215'),
(4311, 690, '2025-07-04 06:33:20', '10.11.2.215'),
(4312, 535, '2025-07-04 08:44:37', '10.11.2.232'),
(4313, 15, '2025-07-04 08:46:40', '10.11.2.20'),
(4314, 566, '2025-07-04 08:49:07', '10.11.3.160'),
(4315, 359, '2025-07-04 08:54:19', '10.11.2.232'),
(4316, 535, '2025-07-04 08:55:50', '10.11.2.232'),
(4317, 21, '2025-07-04 10:30:12', '10.11.8.50'),
(4318, 38, '2025-07-04 10:48:45', '10.11.8.50'),
(4319, 15, '2025-07-04 11:36:50', '10.11.8.50'),
(4320, 567, '2025-07-04 12:19:41', '10.11.0.216'),
(4321, 567, '2025-07-04 12:35:51', '10.11.0.216'),
(4322, 38, '2025-07-04 13:47:13', '10.11.2.20'),
(4323, 38, '2025-07-04 13:53:53', '10.11.8.50'),
(4324, 15, '2025-07-04 14:06:56', '10.11.8.50'),
(4325, 529, '2025-07-05 05:11:20', '10.11.1.237'),
(4326, 529, '2025-07-05 05:22:59', '10.11.1.237'),
(4327, 529, '2025-07-05 05:45:21', '10.11.1.237'),
(4328, 690, '2025-07-05 05:53:44', '10.11.1.242'),
(4329, 470, '2025-07-05 05:59:28', '10.11.1.240'),
(4330, 470, '2025-07-05 06:14:42', '10.11.1.240'),
(4331, 613, '2025-07-05 12:02:44', '10.11.2.51'),
(4332, 566, '2025-07-06 03:33:37', '10.11.2.147'),
(4333, 566, '2025-07-06 06:00:56', '10.11.2.147'),
(4334, 494, '2025-07-07 07:09:43', '10.11.0.185'),
(4335, 494, '2025-07-07 07:21:14', '10.11.0.185'),
(4336, 494, '2025-07-07 07:23:29', '10.11.0.185'),
(4337, 692, '2025-07-07 10:08:47', '10.11.1.119'),
(4338, 616, '2025-07-07 10:44:05', '10.11.1.142'),
(4339, 616, '2025-07-07 10:44:41', '10.11.1.142'),
(4340, 489, '2025-07-07 12:46:41', '10.11.2.23'),
(4341, 488, '2025-07-07 12:56:08', '10.11.2.22'),
(4342, 15, '2025-07-07 13:39:24', '10.11.8.50'),
(4343, 305, '2025-07-08 05:41:18', '10.11.3.40'),
(4344, 341, '2025-07-08 05:45:06', '10.11.3.47'),
(4345, 21, '2025-07-08 08:14:26', '10.11.8.50'),
(4346, 538, '2025-07-08 09:35:27', '10.11.0.100'),
(4347, 538, '2025-07-08 09:50:39', '10.11.0.100'),
(4348, 604, '2025-07-08 13:49:25', '10.11.1.88'),
(4349, 604, '2025-07-08 13:50:10', '10.11.1.88'),
(4350, 21, '2025-07-09 02:47:25', '10.11.8.50'),
(4351, 15, '2025-07-09 04:42:02', '10.11.8.50'),
(4352, 488, '2025-07-10 03:09:30', '10.11.1.207'),
(4353, 569, '2025-07-11 10:30:42', '10.11.1.216'),
(4354, 15, '2025-07-11 10:41:23', '10.11.8.50'),
(4355, 693, '2025-07-11 10:44:33', '10.11.1.216'),
(4356, 359, '2025-07-12 07:05:26', '10.11.2.207'),
(4357, 359, '2025-07-12 07:13:54', '10.11.2.207'),
(4358, 535, '2025-07-12 07:23:25', '10.11.2.207'),
(4359, 470, '2025-07-12 09:14:51', '10.11.3.52'),
(4360, 470, '2025-07-12 09:23:55', '10.11.3.52'),
(4361, 470, '2025-07-12 09:28:16', '10.11.3.52'),
(4362, 359, '2025-07-14 08:58:11', '10.11.2.109'),
(4363, 359, '2025-07-14 09:42:07', '10.11.2.175'),
(4364, 535, '2025-07-14 09:45:53', '10.11.2.175'),
(4365, 38, '2025-07-14 09:50:24', '10.11.8.50'),
(4366, 15, '2025-07-14 09:59:12', '10.11.8.50'),
(4367, 15, '2025-07-14 10:19:33', '10.11.8.50'),
(4368, 359, '2025-07-14 10:36:29', '10.11.2.109'),
(4369, 359, '2025-07-14 10:41:00', '10.11.2.109'),
(4370, 359, '2025-07-14 10:44:25', '10.11.2.109'),
(4371, 38, '2025-07-14 10:47:12', '10.11.8.50'),
(4372, 15, '2025-07-15 06:07:36', '10.11.8.50'),
(4373, 359, '2025-07-15 08:39:00', '10.11.2.40'),
(4374, 359, '2025-07-15 08:43:13', '10.11.2.40'),
(4375, 359, '2025-07-15 08:43:23', '10.11.2.40'),
(4376, 535, '2025-07-15 08:44:44', '10.11.2.40'),
(4377, 535, '2025-07-15 08:46:00', '10.11.2.40'),
(4378, 546, '2025-07-15 08:48:13', '10.11.2.70'),
(4379, 546, '2025-07-15 08:48:47', '10.11.2.70'),
(4380, 546, '2025-07-15 08:48:57', '10.11.2.70'),
(4381, 359, '2025-07-15 08:49:06', '10.11.2.40'),
(4382, 535, '2025-07-15 08:49:19', '10.11.2.40'),
(4383, 696, '2025-07-15 08:52:51', '10.11.2.43'),
(4384, 696, '2025-07-15 08:53:18', '10.11.2.43'),
(4385, 535, '2025-07-15 09:02:36', '10.11.2.40'),
(4386, 15, '2025-07-15 10:24:15', '10.11.8.50'),
(4387, 638, '2025-07-16 04:25:36', '10.11.1.91'),
(4388, 638, '2025-07-16 04:26:19', '10.11.1.91'),
(4389, 697, '2025-07-16 04:29:13', '10.11.1.92'),
(4390, 21, '2025-07-16 05:04:55', '10.11.8.50'),
(4391, 665, '2025-07-16 09:06:54', '10.11.3.16'),
(4392, 665, '2025-07-16 09:07:20', '10.11.3.16'),
(4393, 455, '2025-07-16 09:12:20', '10.11.3.17'),
(4394, 455, '2025-07-16 09:22:58', '10.11.3.17'),
(4395, 665, '2025-07-16 09:25:17', '10.11.3.16'),
(4396, 504, '2025-07-17 03:16:30', '10.11.1.46'),
(4397, 504, '2025-07-17 03:17:55', '10.11.1.46'),
(4398, 504, '2025-07-17 03:31:23', '10.11.1.46'),
(4399, 504, '2025-07-17 03:32:43', '10.11.1.46'),
(4400, 622, '2025-07-17 05:02:33', '10.11.1.154'),
(4401, 627, '2025-07-17 05:02:53', '10.11.1.175'),
(4402, 665, '2025-07-17 06:37:15', '10.11.2.49'),
(4403, 665, '2025-07-17 06:38:07', '10.11.2.49'),
(4404, 38, '2025-07-17 07:46:23', '10.11.8.50'),
(4405, 686, '2025-07-17 08:58:58', '10.11.3.16'),
(4406, 686, '2025-07-17 08:59:12', '10.11.3.16'),
(4407, 686, '2025-07-17 08:59:28', '10.11.3.16'),
(4408, 686, '2025-07-17 09:00:18', '10.11.3.16'),
(4409, 686, '2025-07-17 09:00:43', '10.11.3.16'),
(4410, 686, '2025-07-17 09:03:42', '10.11.3.16'),
(4411, 686, '2025-07-17 09:04:09', '10.11.3.16'),
(4412, 686, '2025-07-17 09:09:08', '10.11.3.16'),
(4413, 686, '2025-07-17 09:25:34', '10.11.3.16'),
(4414, 686, '2025-07-17 09:26:09', '10.11.3.16'),
(4415, 686, '2025-07-17 09:27:19', '10.11.3.16'),
(4416, 686, '2025-07-17 09:28:35', '10.11.3.16'),
(4417, 686, '2025-07-17 09:29:57', '10.11.3.16'),
(4418, 38, '2025-07-17 16:15:55', '10.11.8.50'),
(4419, 38, '2025-07-18 08:18:23', '10.11.8.50'),
(4420, 38, '2025-07-18 09:05:09', '10.11.8.50'),
(4421, 699, '2025-07-18 09:54:57', '10.11.2.247'),
(4422, 38, '2025-07-18 10:10:52', '10.11.8.50'),
(4423, 21, '2025-07-18 10:11:28', '10.11.8.50'),
(4424, 38, '2025-07-18 10:16:34', '10.11.8.50'),
(4425, 38, '2025-07-18 14:38:21', '10.11.8.50');
INSERT INTO `time_activity` (`ID_TIME_ACTIVITY`, `ID_LOGIN`, `TIME`, `IP_ADDRESS`) VALUES
(4426, 38, '2025-07-21 04:18:41', '10.11.8.50'),
(4427, 681, '2025-07-21 05:44:59', '10.11.3.132'),
(4428, 681, '2025-07-21 05:45:27', '10.11.3.132'),
(4429, 681, '2025-07-21 05:45:52', '10.11.3.132'),
(4430, 681, '2025-07-21 05:46:16', '10.11.3.132'),
(4431, 681, '2025-07-21 05:46:36', '10.11.3.132'),
(4432, 681, '2025-07-21 05:47:16', '10.11.3.132'),
(4433, 681, '2025-07-21 05:48:41', '10.11.3.132'),
(4434, 681, '2025-07-21 05:49:40', '10.11.3.132'),
(4435, 681, '2025-07-21 05:50:23', '10.11.3.132'),
(4436, 681, '2025-07-21 05:50:35', '10.11.3.132'),
(4437, 681, '2025-07-21 05:50:35', '10.11.3.132'),
(4438, 681, '2025-07-21 05:51:08', '10.11.3.132'),
(4439, 681, '2025-07-21 05:51:31', '10.11.3.132'),
(4440, 681, '2025-07-21 05:52:07', '10.11.3.132'),
(4441, 681, '2025-07-21 05:52:07', '10.11.3.132'),
(4442, 681, '2025-07-21 05:53:12', '10.11.3.132'),
(4443, 681, '2025-07-21 05:53:48', '10.11.3.132'),
(4444, 681, '2025-07-21 05:55:48', '10.11.3.132'),
(4445, 700, '2025-07-21 05:57:28', '10.11.3.132'),
(4446, 535, '2025-07-21 08:42:43', '10.11.3.36'),
(4447, 535, '2025-07-21 08:43:04', '10.11.3.36'),
(4448, 696, '2025-07-21 08:43:28', '10.11.3.61'),
(4449, 701, '2025-07-22 03:53:28', '10.11.2.87'),
(4450, 690, '2025-07-22 11:42:34', '10.11.2.55'),
(4451, 690, '2025-07-22 11:42:45', '10.11.2.55'),
(4452, 690, '2025-07-22 11:42:57', '10.11.2.55'),
(4453, 690, '2025-07-22 11:43:46', '10.11.2.55'),
(4454, 690, '2025-07-22 11:45:05', '10.11.2.55'),
(4455, 690, '2025-07-22 11:45:43', '10.11.2.55'),
(4456, 690, '2025-07-22 11:46:02', '10.11.2.55'),
(4457, 690, '2025-07-22 11:46:47', '10.11.2.55'),
(4458, 690, '2025-07-22 11:48:35', '10.11.2.64'),
(4459, 690, '2025-07-22 11:55:17', '10.11.2.55'),
(4460, 690, '2025-07-22 12:06:29', '10.11.2.64'),
(4461, 690, '2025-07-22 12:16:52', '10.11.2.55'),
(4462, 690, '2025-07-22 12:17:40', '10.11.2.55'),
(4463, 690, '2025-07-22 12:19:51', '10.11.2.55'),
(4464, 690, '2025-07-22 12:24:25', '10.11.2.55'),
(4465, 15, '2025-07-23 04:44:28', '10.11.8.50'),
(4466, 15, '2025-07-23 05:11:45', '10.11.8.50'),
(4467, 38, '2025-07-23 05:31:05', '10.11.8.50'),
(4468, 15, '2025-07-23 08:02:40', '10.11.8.50'),
(4469, 15, '2025-07-23 08:03:30', '10.11.8.50'),
(4470, 15, '2025-07-23 08:06:08', '10.11.8.50'),
(4471, 15, '2025-07-23 08:06:28', '10.11.8.50'),
(4472, 15, '2025-07-23 08:11:59', '10.11.8.50'),
(4473, 15, '2025-07-23 08:12:27', '10.11.8.50'),
(4474, 15, '2025-07-23 08:14:29', '10.11.8.50'),
(4475, 15, '2025-07-23 08:14:43', '10.11.8.50'),
(4476, 15, '2025-07-23 14:48:28', '10.11.8.50'),
(4477, 15, '2025-07-24 03:10:12', '10.11.8.50'),
(4478, 15, '2025-07-24 03:20:51', '10.11.8.50'),
(4479, 21, '2025-07-24 12:14:13', '10.11.8.50'),
(4480, 702, '2025-07-24 12:15:52', '10.11.0.73'),
(4481, 702, '2025-07-24 12:23:41', '10.11.0.73'),
(4482, 15, '2025-07-24 15:49:00', '10.11.8.50'),
(4483, 15, '2025-07-24 17:52:57', '10.11.0.159'),
(4484, 15, '2025-07-25 13:18:54', '10.11.8.50'),
(4485, 494, '2025-07-28 08:23:02', '10.11.3.129'),
(4486, 494, '2025-07-28 08:23:42', '10.11.3.129'),
(4487, 494, '2025-07-28 08:23:56', '10.11.3.129'),
(4488, 494, '2025-07-28 08:24:16', '10.11.3.129'),
(4489, 494, '2025-07-28 08:27:32', '10.11.3.129'),
(4490, 494, '2025-07-28 08:28:03', '10.11.3.129'),
(4491, 678, '2025-07-28 08:28:40', '10.11.3.134'),
(4492, 678, '2025-07-28 08:29:43', '10.11.3.134'),
(4493, 678, '2025-07-28 08:30:01', '10.11.3.134'),
(4494, 494, '2025-07-28 08:30:19', '10.11.3.129'),
(4495, 678, '2025-07-28 08:31:05', '10.11.3.134'),
(4496, 678, '2025-07-28 08:31:19', '10.11.3.134'),
(4497, 678, '2025-07-28 08:32:38', '10.11.3.134'),
(4498, 678, '2025-07-28 08:32:55', '10.11.3.134'),
(4499, 494, '2025-07-28 08:33:13', '10.11.3.129'),
(4500, 526, '2025-07-28 08:33:21', '10.11.3.129'),
(4501, 494, '2025-07-28 08:33:42', '10.11.3.129'),
(4502, 678, '2025-07-28 08:33:48', '10.11.3.134'),
(4503, 678, '2025-07-28 08:35:35', '10.11.3.134'),
(4504, 678, '2025-07-28 08:36:18', '10.11.3.134'),
(4505, 494, '2025-07-28 08:43:58', '10.11.3.129'),
(4506, 494, '2025-07-28 08:44:54', '10.11.3.124'),
(4507, 494, '2025-07-28 08:45:42', '10.11.3.124'),
(4508, 494, '2025-07-28 08:47:33', '10.11.3.129'),
(4509, 21, '2025-07-28 08:47:43', '10.11.8.50'),
(4510, 703, '2025-07-28 08:49:44', '10.11.3.129'),
(4511, 703, '2025-07-28 09:03:23', '10.11.3.129'),
(4512, 15, '2025-07-28 09:32:18', '10.11.3.168'),
(4513, 704, '2025-07-28 12:36:44', '10.11.0.173'),
(4514, 15, '2025-07-28 13:54:56', '10.11.8.50'),
(4515, 38, '2025-07-28 13:58:43', '10.11.8.50'),
(4516, 15, '2025-07-28 13:59:54', '10.11.8.50'),
(4517, 38, '2025-07-28 14:00:46', '10.11.8.50'),
(4518, 15, '2025-07-28 14:03:17', '10.11.8.50'),
(4519, 15, '2025-07-28 15:39:00', '10.11.8.50'),
(4520, 15, '2025-07-28 16:04:39', '10.11.8.50'),
(4521, 38, '2025-07-28 16:15:27', '10.11.8.50'),
(4522, 15, '2025-07-28 16:17:26', '10.11.8.50'),
(4523, 15, '2025-07-28 16:17:36', '10.11.8.50'),
(4524, 15, '2025-07-28 16:17:41', '10.11.8.50'),
(4525, 15, '2025-07-28 16:18:13', '10.11.8.50'),
(4526, 38, '2025-07-28 17:23:02', '10.11.8.50'),
(4527, 38, '2025-07-28 17:31:58', '10.11.8.50'),
(4528, 15, '2025-07-28 17:33:14', '10.11.8.50'),
(4529, 38, '2025-07-28 17:33:23', '10.11.8.50'),
(4530, 38, '2025-07-28 17:33:59', '10.11.8.50'),
(4531, 38, '2025-07-28 17:40:44', '10.11.8.50'),
(4532, 627, '2025-07-29 05:37:41', '10.11.2.90'),
(4533, 622, '2025-07-29 05:37:43', '10.11.2.89'),
(4534, 627, '2025-07-29 05:38:13', '10.11.2.90'),
(4535, 622, '2025-07-29 05:41:31', '10.11.2.89'),
(4536, 706, '2025-07-29 05:45:07', '10.11.2.89'),
(4537, 705, '2025-07-29 05:45:07', '10.11.2.90'),
(4538, 707, '2025-07-29 09:19:39', '10.11.2.117'),
(4539, 707, '2025-07-29 09:22:39', '10.11.2.120'),
(4540, 702, '2025-07-29 11:54:08', '10.11.3.227'),
(4541, 470, '2025-07-30 12:45:12', '10.11.2.175'),
(4542, 470, '2025-07-30 12:45:25', '10.11.2.175'),
(4543, 470, '2025-07-30 12:45:55', '10.11.2.175'),
(4544, 529, '2025-07-30 12:46:20', '10.11.2.176'),
(4545, 470, '2025-07-30 12:46:48', '10.11.2.175'),
(4546, 470, '2025-07-30 12:48:02', '10.11.2.175'),
(4547, 470, '2025-07-30 12:49:15', '10.11.2.175'),
(4548, 470, '2025-07-30 12:49:21', '10.11.2.175'),
(4549, 470, '2025-07-30 12:50:16', '10.11.2.175'),
(4550, 15, '2025-07-30 12:51:50', '10.11.8.50'),
(4551, 38, '2025-07-30 12:59:54', '10.11.8.50'),
(4552, 21, '2025-07-31 08:05:50', '10.11.8.50'),
(4553, 470, '2025-07-31 13:33:00', '10.11.3.200'),
(4554, 470, '2025-07-31 13:34:42', '10.11.3.200'),
(4555, 470, '2025-07-31 13:35:12', '10.11.3.200'),
(4556, 470, '2025-07-31 13:44:08', '10.11.3.200'),
(4557, 470, '2025-07-31 13:46:12', '10.11.3.200'),
(4558, 470, '2025-07-31 13:48:05', '10.11.3.200'),
(4559, 470, '2025-07-31 13:48:28', '10.11.3.200'),
(4560, 686, '2025-08-01 06:55:36', '10.11.0.127'),
(4561, 686, '2025-08-01 06:56:06', '10.11.0.127'),
(4562, 686, '2025-08-01 07:03:36', '10.11.0.127'),
(4563, 686, '2025-08-01 07:03:55', '10.11.0.127'),
(4564, 686, '2025-08-01 07:04:11', '10.11.0.127'),
(4565, 686, '2025-08-01 07:06:01', '10.11.0.127'),
(4566, 686, '2025-08-01 07:36:30', '10.11.0.127'),
(4567, 686, '2025-08-01 07:56:01', '10.11.0.127'),
(4568, 470, '2025-08-01 09:38:17', '10.11.0.164'),
(4569, 470, '2025-08-01 09:55:16', '10.11.0.164'),
(4570, 710, '2025-08-01 10:03:28', '10.11.0.164'),
(4571, 21, '2025-08-01 10:06:54', '10.11.8.50'),
(4572, 15, '2025-08-02 06:13:52', '10.11.8.50'),
(4573, 15, '2025-08-04 05:21:21', '10.11.8.50'),
(4574, 38, '2025-08-04 06:05:00', '10.11.8.50'),
(4575, 464, '2025-08-04 11:57:57', '10.11.3.0'),
(4576, 464, '2025-08-04 11:58:11', '10.11.3.0'),
(4577, 464, '2025-08-04 11:59:50', '10.11.3.0'),
(4578, 464, '2025-08-04 12:00:01', '10.11.3.0'),
(4579, 464, '2025-08-04 12:00:21', '10.11.3.0'),
(4580, 464, '2025-08-04 12:00:39', '10.11.3.0'),
(4581, 464, '2025-08-04 12:01:10', '10.11.3.0'),
(4582, 464, '2025-08-04 12:02:17', '10.11.3.0'),
(4583, 464, '2025-08-04 12:03:46', '10.11.3.0'),
(4584, 464, '2025-08-04 12:04:06', '10.11.3.0'),
(4585, 711, '2025-08-04 12:08:42', '10.11.3.0'),
(4586, 711, '2025-08-04 12:10:37', '10.11.3.0'),
(4587, 711, '2025-08-04 12:11:02', '10.11.3.0'),
(4588, 15, '2025-08-04 12:16:00', '10.11.8.50'),
(4589, 711, '2025-08-04 12:35:45', '10.11.3.0'),
(4590, 711, '2025-08-04 12:37:00', '10.11.3.0'),
(4591, 15, '2025-08-04 12:37:01', '10.11.2.201'),
(4592, 15, '2025-08-04 16:07:22', '10.11.8.50'),
(4593, 15, '2025-08-05 05:12:12', '10.11.8.50'),
(4594, 15, '2025-08-06 05:28:45', '10.11.8.50'),
(4595, 313, '2025-08-06 05:35:10', '10.11.3.222'),
(4596, 313, '2025-08-06 05:42:42', '10.11.3.222'),
(4597, 613, '2025-08-06 05:49:52', '10.11.3.240'),
(4598, 615, '2025-08-06 05:51:50', '10.11.3.241'),
(4599, 613, '2025-08-06 05:52:03', '10.11.3.240'),
(4600, 615, '2025-08-06 05:52:52', '10.11.3.241'),
(4601, 341, '2025-08-06 09:48:32', '10.11.0.74'),
(4602, 341, '2025-08-06 09:49:14', '10.11.0.74'),
(4603, 341, '2025-08-06 09:50:46', '10.11.0.74'),
(4604, 341, '2025-08-06 09:54:06', '10.11.0.74'),
(4605, 341, '2025-08-06 09:54:18', '10.11.0.74'),
(4606, 713, '2025-08-06 10:01:36', '10.11.0.74'),
(4607, 713, '2025-08-06 10:02:23', '10.11.0.74'),
(4608, 15, '2025-08-06 10:07:27', '10.11.8.50'),
(4609, 38, '2025-08-06 10:09:53', '10.11.8.50'),
(4610, 15, '2025-08-06 10:11:36', '10.11.8.50'),
(4611, 713, '2025-08-06 10:37:20', '10.11.0.74'),
(4612, 38, '2025-08-06 10:39:32', '10.11.8.50'),
(4613, 15, '2025-08-06 10:42:33', '10.11.8.50'),
(4614, 38, '2025-08-06 10:52:12', '10.11.8.50'),
(4615, 15, '2025-08-06 10:57:42', '10.11.8.50'),
(4616, 713, '2025-08-06 11:12:06', '10.11.0.74'),
(4617, 714, '2025-08-06 11:23:05', '10.11.0.74'),
(4618, 629, '2025-08-06 11:23:19', '10.11.0.89'),
(4619, 629, '2025-08-06 11:23:49', '10.11.0.89'),
(4620, 629, '2025-08-06 11:23:55', '10.11.0.91'),
(4621, 629, '2025-08-06 11:24:24', '10.11.0.91'),
(4622, 629, '2025-08-06 11:24:37', '10.11.0.88'),
(4623, 715, '2025-08-06 11:25:17', '10.11.0.90'),
(4624, 689, '2025-08-06 11:25:44', '10.11.0.89'),
(4625, 717, '2025-08-06 11:26:26', '10.11.0.88'),
(4626, 629, '2025-08-06 11:29:13', '10.11.0.92'),
(4627, 15, '2025-08-06 11:36:25', '10.11.8.50'),
(4628, 719, '2025-08-06 11:40:17', '10.11.0.74'),
(4629, 719, '2025-08-06 14:15:25', '10.11.0.114'),
(4630, 719, '2025-08-06 14:22:58', '10.11.0.114'),
(4631, 15, '2025-08-06 15:55:34', '10.11.8.50'),
(4632, 15, '2025-08-07 07:07:46', '10.11.8.50'),
(4633, 396, '2025-08-08 06:54:51', '10.11.2.246'),
(4634, 396, '2025-08-08 06:55:15', '10.11.2.246'),
(4635, 396, '2025-08-08 06:55:22', '10.11.2.246'),
(4636, 396, '2025-08-08 06:56:17', '10.11.2.246'),
(4637, 396, '2025-08-08 06:56:21', '10.11.2.246'),
(4638, 396, '2025-08-08 06:56:34', '10.11.2.246'),
(4639, 396, '2025-08-08 06:56:45', '10.11.2.246'),
(4640, 15, '2025-08-08 07:14:47', '10.11.8.50'),
(4641, 720, '2025-08-11 03:29:35', '10.11.1.192'),
(4642, 15, '2025-08-11 08:40:09', '10.11.8.50'),
(4643, 38, '2025-08-11 09:33:33', '10.11.8.50'),
(4644, 15, '2025-08-11 09:50:03', '10.11.8.50'),
(4645, 15, '2025-08-11 09:59:53', '10.11.8.50'),
(4646, 15, '2025-08-11 10:09:23', '10.11.8.50'),
(4647, 15, '2025-08-11 10:09:32', '10.11.8.50'),
(4648, 15, '2025-08-11 10:12:21', '10.11.8.50'),
(4649, 15, '2025-08-11 10:14:22', '10.11.8.50'),
(4650, 15, '2025-08-11 10:15:25', '10.11.8.50'),
(4651, 15, '2025-08-11 10:30:33', '10.11.8.50'),
(4652, 516, '2025-08-11 11:02:40', '10.11.2.226'),
(4653, 516, '2025-08-11 11:04:02', '10.11.2.226'),
(4654, 516, '2025-08-11 11:08:50', '10.11.2.226'),
(4655, 516, '2025-08-11 11:08:58', '10.11.2.226'),
(4656, 535, '2025-08-12 03:55:05', '10.11.2.74'),
(4657, 359, '2025-08-12 03:57:53', '10.11.2.74'),
(4658, 359, '2025-08-12 03:58:21', '10.11.2.74'),
(4659, 359, '2025-08-12 03:59:10', '10.11.2.74'),
(4660, 721, '2025-08-12 04:00:17', '10.11.2.74'),
(4661, 15, '2025-08-12 06:14:33', '10.11.8.50'),
(4662, 313, '2025-08-12 07:03:05', '10.11.3.166'),
(4663, 336, '2025-08-13 05:57:28', '10.11.0.202'),
(4664, 723, '2025-08-13 05:59:25', '10.11.0.223'),
(4665, 15, '2025-08-13 06:24:06', '10.11.8.50'),
(4666, 336, '2025-08-13 06:24:17', '10.11.0.202'),
(4667, 15, '2025-08-13 07:59:15', '10.11.8.50'),
(4668, 336, '2025-08-13 09:44:48', '10.11.0.202'),
(4669, 15, '2025-08-13 09:46:39', '10.11.8.50'),
(4670, 336, '2025-08-13 09:47:54', '10.11.0.223'),
(4671, 15, '2025-08-13 12:59:40', '10.11.8.50'),
(4672, 724, '2025-08-13 13:46:53', '10.11.3.191'),
(4673, 15, '2025-08-14 03:22:36', '10.11.8.50'),
(4674, 15, '2025-08-14 06:02:21', '10.11.8.50'),
(4675, 15, '2025-08-14 09:18:02', '10.11.8.50'),
(4676, 15, '2025-08-14 09:21:56', '10.11.8.50'),
(4677, 15, '2025-08-14 10:22:02', '10.11.8.50'),
(4678, 15, '2025-08-14 11:16:15', '10.11.8.50'),
(4679, 15, '2025-08-15 09:26:00', '10.11.8.50'),
(4680, 38, '2025-08-15 09:26:36', '10.11.8.50'),
(4681, 15, '2025-08-15 09:50:41', '10.11.8.50'),
(4682, 7, '2025-08-15 09:58:07', '10.11.8.50'),
(4683, 15, '2025-08-16 06:59:52', '10.11.8.50'),
(4684, 726, '2025-08-18 09:21:11', '10.11.1.186'),
(4685, 15, '2025-08-19 04:13:37', '10.11.8.50'),
(4686, 38, '2025-08-19 04:30:40', '10.11.8.50'),
(4687, 15, '2025-08-19 04:30:57', '10.11.8.50'),
(4688, 38, '2025-08-19 04:31:27', '10.11.8.50'),
(4689, 611, '2025-08-19 05:28:29', '10.11.1.102'),
(4690, 611, '2025-08-19 05:28:37', '10.11.1.102'),
(4691, 611, '2025-08-19 05:28:45', '10.11.1.102'),
(4692, 611, '2025-08-19 05:31:23', '10.11.1.102'),
(4693, 611, '2025-08-19 05:31:54', '10.11.1.102'),
(4694, 611, '2025-08-19 06:08:09', '10.11.1.102'),
(4695, 611, '2025-08-19 06:09:11', '10.11.1.102'),
(4696, 611, '2025-08-19 06:31:49', '10.11.1.102'),
(4697, 612, '2025-08-19 06:35:05', '10.11.2.37'),
(4698, 15, '2025-08-19 14:40:24', '10.11.8.50'),
(4699, 15, '2025-08-20 04:19:01', '10.11.8.50'),
(4700, 15, '2025-08-20 04:20:58', '10.11.8.50'),
(4701, 15, '2025-08-20 04:35:42', '10.11.8.50'),
(4702, 15, '2025-08-20 04:44:21', '10.11.8.50'),
(4703, 15, '2025-08-20 09:11:07', '10.11.8.50'),
(4704, 15, '2025-08-20 09:31:13', '10.11.8.50'),
(4705, 305, '2025-08-20 09:57:32', '10.11.3.89'),
(4706, 728, '2025-08-20 09:59:46', '10.11.3.89'),
(4707, 729, '2025-08-20 11:08:14', '10.11.0.157'),
(4708, 15, '2025-08-20 14:22:52', '10.11.1.65'),
(4709, 730, '2025-08-21 06:01:09', '10.11.0.187'),
(4710, 731, '2025-08-21 06:16:51', '10.11.0.187'),
(4711, 731, '2025-08-21 06:39:14', '10.11.0.173'),
(4712, 15, '2025-08-21 08:56:29', '10.11.8.50'),
(4713, 38, '2025-08-21 09:20:42', '10.11.8.50'),
(4714, 622, '2025-08-21 09:29:42', '10.11.0.88'),
(4715, 622, '2025-08-21 09:35:51', '10.11.0.88'),
(4716, 706, '2025-08-21 09:36:09', '10.11.0.88'),
(4717, 622, '2025-08-21 09:36:24', '10.11.0.88'),
(4718, 706, '2025-08-21 09:36:40', '10.11.0.88'),
(4719, 706, '2025-08-21 09:37:10', '10.11.0.88'),
(4720, 732, '2025-08-21 13:21:50', '10.11.2.171'),
(4721, 732, '2025-08-21 13:30:08', '10.11.2.171'),
(4722, 732, '2025-08-21 13:41:15', '10.11.2.171'),
(4723, 15, '2025-08-22 03:48:45', '10.11.8.50'),
(4724, 594, '2025-08-22 10:13:39', '10.11.0.72'),
(4725, 594, '2025-08-22 10:13:50', '10.11.0.72'),
(4726, 594, '2025-08-22 10:15:13', '10.11.0.72'),
(4727, 594, '2025-08-22 10:19:56', '10.11.0.83'),
(4728, 641, '2025-08-22 10:28:02', '10.11.0.99'),
(4729, 735, '2025-08-22 10:31:18', '10.11.0.99'),
(4730, 15, '2025-08-22 12:51:51', '10.11.8.50'),
(4731, 351, '2025-08-24 10:49:29', '10.11.3.107'),
(4732, 15, '2025-08-25 03:50:55', '10.11.8.50'),
(4733, 737, '2025-08-25 07:19:14', '10.11.3.112'),
(4734, 737, '2025-08-25 07:19:36', '10.11.3.112'),
(4735, 677, '2025-08-25 08:56:34', '10.11.2.90'),
(4736, 677, '2025-08-25 08:56:58', '10.11.2.90'),
(4737, 677, '2025-08-25 08:57:48', '10.11.2.90'),
(4738, 677, '2025-08-25 09:01:10', '10.11.2.90'),
(4739, 677, '2025-08-25 09:08:20', '10.11.2.90'),
(4740, 677, '2025-08-25 09:09:38', '10.11.2.90'),
(4741, 677, '2025-08-25 09:22:46', '10.11.2.125'),
(4742, 677, '2025-08-25 09:23:12', '10.11.2.125'),
(4743, 729, '2025-08-25 09:24:26', '10.11.2.124'),
(4744, 677, '2025-08-25 09:25:07', '10.11.2.125'),
(4745, 677, '2025-08-25 09:37:09', '10.11.2.125'),
(4746, 677, '2025-08-25 09:40:16', '10.11.2.125'),
(4747, 677, '2025-08-25 09:40:29', '10.11.2.125'),
(4748, 677, '2025-08-25 09:44:28', '10.11.2.125'),
(4749, 677, '2025-08-25 09:46:12', '10.11.2.125'),
(4750, 15, '2025-08-25 11:09:33', '10.11.8.50'),
(4751, 15, '2025-08-25 11:19:08', '10.11.8.50'),
(4752, 38, '2025-08-25 11:19:30', '10.11.8.50'),
(4753, 737, '2025-08-25 11:22:46', '10.11.3.128'),
(4754, 15, '2025-08-25 12:13:03', '10.11.3.154'),
(4755, 38, '2025-08-25 12:15:26', '10.11.3.154'),
(4756, 15, '2025-08-25 13:00:52', '10.11.8.50'),
(4757, 15, '2025-08-26 03:16:58', '10.11.8.50'),
(4758, 7, '2025-08-26 04:31:45', '10.11.8.50'),
(4759, 7, '2025-08-26 05:11:39', '10.11.8.50'),
(4760, 38, '2025-08-26 05:54:22', '10.11.8.50'),
(4761, 7, '2025-08-26 06:25:04', '10.11.8.50'),
(4762, 15, '2025-08-26 07:45:02', '10.11.8.50'),
(4763, 38, '2025-08-26 08:27:59', '10.11.8.50'),
(4764, 15, '2025-08-26 08:30:01', '10.11.8.50'),
(4765, 729, '2025-08-26 08:38:08', '10.11.2.251'),
(4766, 732, '2025-08-26 08:51:51', '10.11.3.10'),
(4767, 15, '2025-08-26 08:55:49', '10.11.2.252'),
(4768, 15, '2025-08-26 09:07:07', '10.11.8.50'),
(4769, 7, '2025-08-26 09:32:05', '10.11.8.50'),
(4770, 15, '2025-08-26 09:32:28', '10.11.8.50'),
(4771, 38, '2025-08-26 14:56:23', '10.11.8.50'),
(4772, 7, '2025-08-26 15:07:57', '10.11.8.50'),
(4773, 706, '2025-08-27 05:35:59', '10.11.0.237'),
(4774, 706, '2025-08-27 12:00:45', '10.11.0.189'),
(4775, 362, '2025-08-28 08:21:38', '10.11.2.17'),
(4776, 362, '2025-08-28 08:22:36', '10.11.2.17'),
(4777, 362, '2025-08-28 08:23:03', '10.11.2.17'),
(4778, 362, '2025-08-28 08:23:26', '10.11.2.17'),
(4779, 15, '2025-08-29 09:25:31', '10.11.8.50'),
(4780, 38, '2025-08-29 09:54:37', '10.11.8.50'),
(4781, 732, '2025-08-29 11:01:49', '10.11.8.50'),
(4782, 15, '2025-09-01 05:05:37', '10.11.8.50'),
(4783, 38, '2025-09-01 05:15:29', '10.11.8.50'),
(4784, 351, '2025-09-01 05:16:58', '10.11.8.50'),
(4785, 15, '2025-09-01 05:20:04', '10.11.8.50'),
(4786, 7, '2025-09-01 05:32:24', '10.11.8.50'),
(4787, 38, '2025-09-01 05:33:47', '10.11.8.50'),
(4788, 15, '2025-09-01 05:48:21', '10.11.8.50'),
(4789, 38, '2025-09-01 05:51:10', '10.11.8.50'),
(4790, 15, '2025-09-01 05:54:19', '10.11.8.50'),
(4791, 38, '2025-09-01 05:54:39', '10.11.8.50'),
(4792, 38, '2025-09-01 06:00:19', '10.11.8.50'),
(4793, 7, '2025-09-01 06:07:53', '10.11.8.50'),
(4794, 38, '2025-09-01 06:08:46', '10.11.8.50'),
(4795, 15, '2025-09-08 04:57:42', '10.11.8.50'),
(4796, 15, '2025-09-08 05:20:17', '10.11.8.50'),
(4797, 15, '2025-09-08 14:07:56', '10.11.8.50'),
(4798, 15, '2025-09-09 13:16:02', '10.11.8.50'),
(4799, 740, '2025-09-10 04:50:08', '10.11.13.36'),
(4800, 741, '2025-09-10 05:01:10', '10.11.0.96'),
(4801, 740, '2025-09-10 05:04:08', '10.11.13.36'),
(4802, 741, '2025-09-10 10:26:32', '10.11.3.125'),
(4803, 741, '2025-09-10 10:27:10', '10.11.3.125'),
(4804, 15, '2025-09-10 13:54:40', '10.11.8.50'),
(4805, 15, '2025-09-11 05:29:54', '10.11.8.50'),
(4806, 480, '2025-09-11 09:35:04', '10.11.0.149'),
(4807, 480, '2025-09-11 09:35:11', '10.11.0.149'),
(4808, 15, '2025-09-11 10:48:57', '10.11.8.50'),
(4809, 480, '2025-09-15 03:13:58', '10.11.0.60'),
(4810, 15, '2025-09-15 04:32:15', '10.11.8.50'),
(4811, 480, '2025-09-15 10:54:00', '10.11.3.241'),
(4812, 480, '2025-09-15 11:15:26', '10.11.3.241'),
(4813, 480, '2025-09-15 11:15:36', '10.11.3.241'),
(4814, 568, '2025-09-16 07:30:39', '10.11.3.170'),
(4815, 568, '2025-09-16 07:30:52', '10.11.3.170'),
(4816, 568, '2025-09-16 07:33:00', '10.11.3.170'),
(4817, 680, '2025-09-16 08:40:07', '10.11.3.224'),
(4818, 680, '2025-09-16 08:43:18', '10.11.3.224'),
(4819, 15, '2025-09-16 08:45:19', '10.11.8.50'),
(4820, 568, '2025-09-16 08:56:05', '10.11.3.170'),
(4821, 568, '2025-09-16 09:05:35', '10.11.3.170'),
(4822, 568, '2025-09-16 09:06:47', '10.11.3.170'),
(4823, 568, '2025-09-16 09:07:42', '10.11.3.170'),
(4824, 744, '2025-09-16 09:07:45', '10.11.1.220'),
(4825, 568, '2025-09-16 09:09:00', '10.11.3.170'),
(4826, 568, '2025-09-16 09:09:16', '10.11.3.170'),
(4827, 568, '2025-09-16 09:09:22', '10.11.3.170'),
(4828, 744, '2025-09-16 09:09:22', '10.11.1.220'),
(4829, 38, '2025-09-16 14:32:35', '10.11.8.50'),
(4830, 15, '2025-09-16 14:36:16', '10.11.8.50'),
(4831, 480, '2025-09-18 09:47:03', '10.11.0.190'),
(4832, 480, '2025-09-18 09:47:27', '10.11.0.190'),
(4833, 480, '2025-09-18 09:51:22', '10.11.0.190'),
(4834, 480, '2025-09-18 10:04:13', '10.11.0.190'),
(4835, 579, '2025-09-18 10:15:22', '10.11.2.21'),
(4836, 579, '2025-09-18 10:30:42', '10.11.2.95'),
(4837, 579, '2025-09-18 10:30:50', '10.11.2.95'),
(4838, 21, '2025-09-19 08:53:16', '10.11.8.50'),
(4839, 745, '2025-09-22 06:57:55', '10.11.1.229'),
(4840, 745, '2025-09-22 07:00:11', '10.11.1.229'),
(4841, 745, '2025-09-22 07:02:58', '10.11.1.229'),
(4842, 474, '2025-09-22 08:31:46', '10.11.2.159'),
(4843, 15, '2025-09-22 11:29:49', '10.11.8.50'),
(4844, 15, '2025-09-22 11:48:38', '10.11.8.50'),
(4845, 395, '2025-09-23 09:29:11', '10.11.2.19'),
(4846, 395, '2025-09-23 11:50:07', '10.11.2.19'),
(4847, 745, '2025-09-24 05:04:30', '10.11.3.224'),
(4848, 594, '2025-09-24 11:31:06', '10.11.3.189'),
(4849, 594, '2025-09-24 11:31:07', '10.11.3.189'),
(4850, 594, '2025-09-24 11:36:16', '10.11.0.252'),
(4851, 395, '2025-09-25 05:13:48', '10.11.2.157'),
(4852, 397, '2025-09-25 05:16:17', '10.11.2.124'),
(4853, 397, '2025-09-25 05:16:38', '10.11.2.124'),
(4854, 397, '2025-09-25 05:16:52', '10.11.2.124'),
(4855, 397, '2025-09-25 05:17:20', '10.11.2.124'),
(4856, 397, '2025-09-25 05:19:01', '10.11.2.124'),
(4857, 397, '2025-09-25 05:19:13', '10.11.2.124'),
(4858, 397, '2025-09-25 05:19:39', '10.11.2.124'),
(4859, 397, '2025-09-25 05:20:07', '10.11.2.124'),
(4860, 397, '2025-09-25 05:54:49', '10.11.2.124'),
(4861, 397, '2025-09-25 05:58:29', '10.11.2.157'),
(4862, 397, '2025-09-25 05:59:21', '10.11.2.124'),
(4863, 395, '2025-09-25 05:59:40', '10.11.2.157'),
(4864, 395, '2025-09-25 05:59:50', '10.11.2.157'),
(4865, 397, '2025-09-25 06:05:19', '10.11.2.124'),
(4866, 748, '2025-09-25 10:07:38', '10.11.2.160'),
(4867, 15, '2025-09-26 04:45:02', '10.11.8.50'),
(4868, 38, '2025-09-26 04:47:01', '10.11.8.50'),
(4869, 15, '2025-09-26 04:55:00', '10.11.8.50'),
(4870, 38, '2025-09-26 04:57:22', '10.11.8.50'),
(4871, 15, '2025-09-26 05:02:13', '10.11.8.50'),
(4872, 38, '2025-09-26 05:02:50', '10.11.8.50'),
(4873, 395, '2025-09-26 05:04:02', '10.11.8.50'),
(4874, 749, '2025-09-30 09:44:38', '10.11.3.204'),
(4875, 15, '2025-09-30 10:50:59', '10.11.8.50'),
(4876, 15, '2025-09-30 13:30:25', '10.11.3.101'),
(4877, 571, '2025-09-30 15:07:35', '10.11.2.178'),
(4878, 571, '2025-09-30 15:14:05', '10.11.2.178'),
(4879, 571, '2025-09-30 15:28:03', '10.11.2.178'),
(4880, 751, '2025-10-02 05:52:59', '10.11.2.147'),
(4881, 751, '2025-10-02 05:53:29', '10.11.2.147'),
(4882, 38, '2025-10-02 05:59:07', '10.11.1.111'),
(4883, 38, '2025-10-02 06:00:05', '10.11.1.111'),
(4884, 751, '2025-10-02 06:00:06', '10.11.2.147'),
(4885, 38, '2025-10-02 06:00:10', '10.11.1.111'),
(4886, 579, '2025-10-02 09:04:24', '10.11.0.79'),
(4887, 579, '2025-10-02 09:15:56', '10.11.0.79'),
(4888, 684, '2025-10-02 09:31:42', '10.11.0.79'),
(4889, 754, '2025-10-02 12:16:30', '10.11.2.204'),
(4890, 7, '2025-10-03 04:49:03', '10.11.8.50'),
(4891, 15, '2025-10-03 04:49:12', '10.11.8.50'),
(4892, 395, '2025-10-03 07:38:10', '10.11.2.239'),
(4893, 395, '2025-10-03 07:38:23', '10.11.2.239'),
(4894, 490, '2025-10-06 03:53:14', '10.11.3.247'),
(4895, 488, '2025-10-06 03:53:21', '10.11.3.248'),
(4896, 490, '2025-10-06 03:53:25', '10.11.3.247'),
(4897, 489, '2025-10-06 03:53:40', '10.11.3.246'),
(4898, 488, '2025-10-06 03:53:40', '10.11.3.248'),
(4899, 490, '2025-10-06 03:53:42', '10.11.3.247'),
(4900, 489, '2025-10-06 03:53:57', '10.11.3.246'),
(4901, 488, '2025-10-06 03:54:00', '10.11.3.248'),
(4902, 490, '2025-10-06 03:54:53', '10.11.3.247'),
(4903, 488, '2025-10-06 03:55:04', '10.11.3.248'),
(4904, 488, '2025-10-06 03:55:57', '10.11.3.248'),
(4905, 755, '2025-10-06 03:56:09', '10.11.3.248'),
(4906, 490, '2025-10-06 03:58:12', '10.11.3.247'),
(4907, 547, '2025-10-06 04:00:20', '10.11.3.228'),
(4908, 490, '2025-10-06 04:00:37', '10.11.3.247'),
(4909, 490, '2025-10-06 04:01:09', '10.11.3.247'),
(4910, 755, '2025-10-06 04:05:12', '10.11.3.248'),
(4911, 755, '2025-10-06 04:05:43', '10.11.3.248'),
(4912, 758, '2025-10-06 04:08:06', '10.11.3.239'),
(4913, 759, '2025-10-06 04:10:21', '10.11.3.246'),
(4914, 21, '2025-10-06 05:23:13', '10.11.8.50'),
(4915, 15, '2025-10-06 06:53:16', '10.11.8.50'),
(4916, 15, '2025-10-07 04:49:33', '10.11.8.50'),
(4917, 760, '2025-10-07 04:51:08', '10.11.1.213'),
(4918, 760, '2025-10-07 04:51:36', '10.11.1.213'),
(4919, 760, '2025-10-07 04:51:57', '10.11.1.213'),
(4920, 21, '2025-10-07 13:05:40', '10.11.8.50'),
(4921, 494, '2025-10-07 13:13:19', '10.11.1.32'),
(4922, 494, '2025-10-07 13:13:52', '10.11.1.32'),
(4923, 494, '2025-10-07 13:15:15', '10.11.1.32'),
(4924, 494, '2025-10-07 13:23:50', '10.11.1.42'),
(4925, 15, '2025-10-09 12:21:54', '10.11.8.50'),
(4926, 15, '2025-10-09 12:56:57', '10.11.8.50'),
(4927, 489, '2025-10-10 05:34:07', '10.11.0.149'),
(4928, 489, '2025-10-10 05:34:07', '10.11.0.149'),
(4929, 489, '2025-10-10 05:35:23', '10.11.0.149'),
(4930, 759, '2025-10-10 05:37:16', '10.11.0.149'),
(4931, 482, '2025-10-10 05:37:19', '10.11.0.151'),
(4932, 482, '2025-10-10 05:37:46', '10.11.0.151'),
(4933, 682, '2025-10-10 09:51:09', '10.11.3.203'),
(4934, 763, '2025-10-10 09:52:51', '10.11.3.203'),
(4935, 15, '2025-10-10 13:06:12', '10.11.8.50'),
(4936, 492, '2025-10-13 02:33:48', '10.11.2.72'),
(4937, 492, '2025-10-13 02:34:08', '10.11.2.72'),
(4938, 492, '2025-10-13 02:37:28', '10.11.2.72'),
(4939, 527, '2025-10-13 03:31:11', '10.11.2.229'),
(4940, 527, '2025-10-13 03:32:31', '10.11.2.229'),
(4941, 527, '2025-10-13 03:33:39', '10.11.2.229'),
(4942, 527, '2025-10-13 03:35:16', '10.11.2.229'),
(4943, 765, '2025-10-13 04:16:31', '10.11.3.30'),
(4944, 765, '2025-10-13 04:20:28', '10.11.3.30'),
(4945, 518, '2025-10-13 04:25:17', '10.11.2.173'),
(4946, 518, '2025-10-13 04:25:37', '10.11.2.173'),
(4947, 518, '2025-10-13 04:26:14', '10.11.2.173'),
(4948, 518, '2025-10-13 04:31:41', '10.11.2.173'),
(4949, 518, '2025-10-13 04:32:30', '10.11.2.173'),
(4950, 518, '2025-10-13 04:33:00', '10.11.2.173'),
(4951, 520, '2025-10-13 04:34:36', '10.11.2.127'),
(4952, 520, '2025-10-13 04:34:48', '10.11.2.127'),
(4953, 766, '2025-10-13 05:56:01', '10.11.3.37'),
(4954, 767, '2025-10-13 06:10:41', '10.11.3.40'),
(4955, 763, '2025-10-13 06:11:26', '10.11.0.130'),
(4956, 15, '2025-10-13 07:26:05', '10.11.8.50'),
(4957, 518, '2025-10-13 09:07:51', '10.11.2.82'),
(4958, 518, '2025-10-13 09:09:27', '10.11.2.82'),
(4959, 522, '2025-10-13 09:43:46', '10.11.2.166'),
(4960, 522, '2025-10-13 09:43:56', '10.11.2.166'),
(4961, 769, '2025-10-13 09:46:04', '10.11.2.166'),
(4962, 476, '2025-10-13 09:46:10', '10.11.2.136'),
(4963, 476, '2025-10-13 09:46:17', '10.11.2.136'),
(4964, 476, '2025-10-13 09:47:31', '10.11.2.136'),
(4965, 476, '2025-10-13 10:04:26', '10.11.2.136'),
(4966, 492, '2025-10-13 10:34:07', '10.11.3.8'),
(4967, 492, '2025-10-13 10:35:02', '10.11.3.8'),
(4968, 771, '2025-10-13 10:56:04', '10.11.3.56'),
(4969, 771, '2025-10-13 10:56:45', '10.11.3.56'),
(4970, 476, '2025-10-14 03:50:23', '10.11.2.139'),
(4971, 478, '2025-10-14 03:52:46', '10.11.2.140'),
(4972, 476, '2025-10-14 03:58:10', '10.11.2.139'),
(4973, 478, '2025-10-14 03:59:34', '10.11.2.140'),
(4974, 21, '2025-10-14 05:09:55', '10.11.8.50'),
(4975, 38, '2025-10-14 05:35:36', '10.11.8.50'),
(4976, 15, '2025-10-14 05:49:32', '10.11.8.50'),
(4977, 38, '2025-10-14 05:53:19', '10.11.8.50'),
(4978, 15, '2025-10-14 06:11:47', '10.11.8.50'),
(4979, 594, '2025-10-14 06:13:09', '10.11.3.54'),
(4980, 38, '2025-10-14 06:23:04', '10.11.8.50'),
(4981, 15, '2025-10-14 06:25:15', '10.11.8.50'),
(4982, 38, '2025-10-14 06:39:29', '10.11.8.50'),
(4983, 15, '2025-10-14 06:39:53', '10.11.8.50'),
(4984, 38, '2025-10-14 06:44:14', '10.11.8.50'),
(4985, 15, '2025-10-14 06:47:02', '10.11.8.50'),
(4986, 594, '2025-10-14 06:55:04', '10.11.8.50'),
(4987, 15, '2025-10-14 07:09:14', '10.11.8.50'),
(4988, 21, '2025-10-14 07:13:33', '10.11.8.50'),
(4989, 480, '2025-10-14 07:47:03', '10.11.0.252'),
(4990, 492, '2025-10-14 07:47:19', '10.11.1.14'),
(4991, 492, '2025-10-14 07:48:19', '10.11.1.14'),
(4992, 492, '2025-10-14 07:52:20', '10.11.1.36'),
(4993, 492, '2025-10-14 07:52:44', '10.11.1.36'),
(4994, 506, '2025-10-14 07:53:26', '10.11.1.25'),
(4995, 492, '2025-10-14 07:54:27', '10.11.1.36'),
(4996, 492, '2025-10-14 08:09:21', '10.11.1.14'),
(4997, 492, '2025-10-14 08:09:39', '10.11.1.14'),
(4998, 21, '2025-10-14 09:27:16', '10.11.2.35'),
(4999, 7, '2025-10-14 09:29:50', '10.11.2.35'),
(5000, 7, '2025-10-14 09:30:27', '10.11.2.35'),
(5001, 15, '2025-10-14 09:30:53', '10.11.2.35'),
(5002, 500, '2025-10-14 09:53:17', '10.11.2.101'),
(5003, 500, '2025-10-14 09:53:27', '10.11.2.101'),
(5004, 500, '2025-10-14 09:53:37', '10.11.2.101'),
(5005, 500, '2025-10-14 09:53:40', '10.11.2.101'),
(5006, 500, '2025-10-14 09:54:10', '10.11.2.101'),
(5007, 500, '2025-10-14 09:54:45', '10.11.2.101'),
(5008, 500, '2025-10-14 10:01:31', '10.11.2.101'),
(5009, 500, '2025-10-14 10:02:16', '10.11.2.101'),
(5010, 500, '2025-10-14 10:03:02', '10.11.2.101'),
(5011, 500, '2025-10-14 10:07:09', '10.11.2.101'),
(5012, 503, '2025-10-14 10:08:27', '10.11.1.156'),
(5013, 500, '2025-10-14 10:09:13', '10.11.2.101'),
(5014, 500, '2025-10-14 11:11:04', '10.11.2.101'),
(5015, 588, '2025-10-14 15:58:34', '10.11.1.39'),
(5016, 588, '2025-10-14 15:58:48', '10.11.1.39'),
(5017, 588, '2025-10-14 16:01:40', '10.11.1.39'),
(5018, 587, '2025-10-15 02:48:45', '10.11.2.147'),
(5019, 588, '2025-10-15 03:05:09', '10.11.1.39'),
(5020, 588, '2025-10-15 03:05:48', '10.11.1.39'),
(5021, 587, '2025-10-15 03:06:30', '10.11.2.147'),
(5022, 588, '2025-10-15 03:07:17', '10.11.1.39'),
(5023, 587, '2025-10-15 03:07:27', '10.11.2.147'),
(5024, 588, '2025-10-15 03:08:40', '10.11.1.39'),
(5025, 586, '2025-10-15 03:10:18', '10.11.3.6'),
(5026, 588, '2025-10-15 03:10:21', '10.11.1.39'),
(5027, 586, '2025-10-15 03:10:36', '10.11.3.6'),
(5028, 586, '2025-10-15 03:12:08', '10.11.3.6'),
(5029, 586, '2025-10-15 03:13:26', '10.11.3.6'),
(5030, 776, '2025-10-15 03:19:51', '10.11.1.39'),
(5031, 15, '2025-10-15 03:27:11', '10.11.8.50'),
(5032, 7, '2025-10-15 03:42:38', '10.11.8.50'),
(5033, 15, '2025-10-15 03:43:05', '10.11.8.50'),
(5034, 521, '2025-10-15 04:28:20', '10.11.3.129'),
(5035, 521, '2025-10-15 04:28:48', '10.11.3.129'),
(5036, 521, '2025-10-15 04:30:10', '10.11.3.129'),
(5037, 21, '2025-10-15 04:56:55', '10.11.8.50'),
(5038, 777, '2025-10-15 05:59:50', '10.11.3.177'),
(5039, 500, '2025-10-15 06:05:55', '10.11.3.186'),
(5040, 476, '2025-10-15 06:34:38', '10.11.3.231'),
(5041, 521, '2025-10-15 06:35:07', '10.11.2.28'),
(5042, 476, '2025-10-15 06:35:55', '10.11.2.29'),
(5043, 520, '2025-10-15 06:42:41', '10.11.3.227'),
(5044, 521, '2025-10-15 06:42:47', '10.11.2.28'),
(5045, 514, '2025-10-15 06:43:02', '10.11.2.36'),
(5046, 514, '2025-10-15 06:46:03', '10.11.2.36'),
(5047, 769, '2025-10-15 06:46:33', '10.11.0.204'),
(5048, 15, '2025-10-15 14:27:28', '10.11.8.50'),
(5049, 780, '2025-10-16 05:13:45', '10.11.1.229'),
(5050, 781, '2025-10-16 05:15:20', '10.11.2.0'),
(5051, 780, '2025-10-16 05:20:17', '10.11.1.229'),
(5052, 781, '2025-10-16 05:20:39', '10.11.2.0'),
(5053, 781, '2025-10-16 05:25:04', '10.11.2.17'),
(5054, 781, '2025-10-16 05:27:49', '10.11.2.17'),
(5055, 781, '2025-10-16 05:31:42', '10.11.2.17'),
(5056, 781, '2025-10-16 05:33:23', '10.11.2.0'),
(5057, 781, '2025-10-16 05:35:17', '10.11.2.0'),
(5058, 15, '2025-10-16 05:38:48', '10.11.8.50'),
(5059, 781, '2025-10-16 05:41:59', '10.11.2.43'),
(5060, 442, '2025-10-16 05:43:26', '10.11.2.52'),
(5061, 442, '2025-10-16 05:47:21', '10.11.2.66'),
(5062, 781, '2025-10-16 05:56:49', '10.11.2.17'),
(5063, 781, '2025-10-16 06:01:16', '10.11.2.17'),
(5064, 781, '2025-10-16 06:03:03', '10.11.2.17'),
(5065, 586, '2025-10-16 06:16:34', '10.11.2.68'),
(5066, 776, '2025-10-16 06:17:58', '10.11.1.253'),
(5067, 776, '2025-10-16 06:18:44', '10.11.1.253'),
(5068, 776, '2025-10-16 06:22:03', '10.11.2.68'),
(5069, 587, '2025-10-16 06:28:22', '10.11.2.68'),
(5070, 781, '2025-10-16 07:29:31', '10.11.2.0'),
(5071, 545, '2025-10-16 07:41:06', '10.11.3.140'),
(5072, 545, '2025-10-16 07:41:13', '10.11.3.140'),
(5073, 545, '2025-10-16 07:41:22', '10.11.3.140'),
(5074, 783, '2025-10-16 07:42:30', '10.11.3.140'),
(5075, 514, '2025-10-20 05:26:15', '10.11.1.224'),
(5076, 784, '2025-10-20 05:30:09', '10.11.1.224'),
(5077, 777, '2025-10-20 05:57:17', '10.11.2.88'),
(5078, 785, '2025-10-20 06:07:25', '10.11.2.88'),
(5079, 777, '2025-10-20 06:28:07', '10.11.2.88'),
(5080, 15, '2025-10-20 06:55:07', '10.11.8.50'),
(5081, 7, '2025-10-20 06:59:55', '10.11.8.50'),
(5082, 563, '2025-10-20 08:33:31', '10.11.2.17'),
(5083, 563, '2025-10-20 08:33:42', '10.11.2.17'),
(5084, 563, '2025-10-20 08:35:10', '10.11.2.17'),
(5085, 786, '2025-10-20 11:10:12', '10.11.0.219'),
(5086, 666, '2025-10-21 06:11:47', '10.11.0.251'),
(5087, 666, '2025-10-21 06:12:13', '10.11.0.251'),
(5088, 666, '2025-10-21 06:16:21', '10.11.0.251'),
(5089, 666, '2025-10-21 06:17:28', '10.11.0.251'),
(5090, 666, '2025-10-21 06:17:33', '10.11.0.251'),
(5091, 629, '2025-10-21 06:39:22', '10.11.0.224'),
(5092, 765, '2025-10-21 11:50:48', '10.11.0.165'),
(5093, 629, '2025-10-22 02:39:53', '10.11.2.182'),
(5094, 21, '2025-10-22 03:02:29', '10.11.8.50'),
(5095, 480, '2025-10-22 04:00:14', '10.11.2.152'),
(5096, 480, '2025-10-22 04:00:26', '10.11.2.152'),
(5097, 492, '2025-10-22 04:00:26', '10.11.3.153'),
(5098, 492, '2025-10-22 04:07:40', '10.11.3.153'),
(5099, 602, '2025-10-22 05:24:36', '10.11.0.123'),
(5100, 711, '2025-10-22 07:51:28', '10.11.2.73'),
(5101, 711, '2025-10-22 07:51:28', '10.11.2.73'),
(5102, 711, '2025-10-22 07:52:25', '10.11.2.73'),
(5103, 711, '2025-10-22 08:00:52', '10.11.2.73'),
(5104, 711, '2025-10-22 08:40:14', '10.11.2.72'),
(5105, 711, '2025-10-22 10:06:00', '10.11.2.72'),
(5106, 711, '2025-10-22 10:15:07', '10.11.2.72'),
(5107, 15, '2025-10-22 12:49:10', '10.11.8.50'),
(5108, 38, '2025-10-22 12:58:29', '10.11.8.50'),
(5109, 38, '2025-10-22 13:23:03', '10.11.8.50'),
(5110, 15, '2025-10-22 13:23:16', '10.11.8.50'),
(5111, 789, '2025-10-23 05:12:53', '10.11.3.76'),
(5112, 789, '2025-10-23 05:46:09', '10.11.3.76'),
(5113, 791, '2025-10-23 06:18:35', '10.11.0.154'),
(5114, 15, '2025-10-23 06:28:20', '10.11.8.50'),
(5115, 789, '2025-10-23 06:45:03', '10.11.8.50'),
(5116, 789, '2025-10-23 06:46:08', '10.11.3.76'),
(5117, 15, '2025-10-23 06:49:19', '10.11.8.50'),
(5118, 594, '2025-10-23 06:54:20', '10.11.3.196'),
(5119, 711, '2025-10-23 06:55:08', '10.11.8.50'),
(5120, 15, '2025-10-23 06:57:48', '10.11.8.50'),
(5121, 789, '2025-10-23 07:00:04', '10.11.8.50'),
(5122, 38, '2025-10-23 07:07:36', '10.11.8.50'),
(5123, 789, '2025-10-23 07:17:17', '10.11.3.76'),
(5124, 15, '2025-10-23 07:20:40', '10.11.8.50'),
(5125, 789, '2025-10-23 07:22:51', '10.11.3.76'),
(5126, 789, '2025-10-23 07:22:57', '10.11.8.50'),
(5127, 38, '2025-10-23 07:53:34', '10.11.8.50'),
(5128, 15, '2025-10-23 07:54:23', '10.11.8.50'),
(5129, 38, '2025-10-23 07:54:57', '10.11.8.50'),
(5130, 38, '2025-10-23 07:57:02', '10.11.8.50'),
(5131, 38, '2025-10-23 07:57:49', '10.11.8.50'),
(5132, 15, '2025-10-23 07:57:58', '10.11.8.50'),
(5133, 38, '2025-10-23 08:00:49', '10.11.8.50'),
(5134, 15, '2025-10-23 08:03:33', '10.11.8.50'),
(5135, 482, '2025-10-23 08:24:32', '10.11.2.44'),
(5136, 794, '2025-10-23 08:31:31', '10.11.2.44'),
(5137, 795, '2025-10-23 10:07:36', '10.11.3.132'),
(5138, 544, '2025-10-23 10:57:57', '10.11.2.127'),
(5139, 796, '2025-10-23 11:00:27', '10.11.2.127'),
(5140, 796, '2025-10-23 11:03:40', '10.11.2.127'),
(5141, 563, '2025-10-23 12:03:27', '10.11.2.193'),
(5142, 563, '2025-10-23 12:11:21', '10.11.2.193'),
(5143, 506, '2025-10-23 12:40:59', '10.11.3.247'),
(5144, 506, '2025-10-23 12:41:24', '10.11.3.247'),
(5145, 15, '2025-10-23 16:35:38', '10.11.8.50'),
(5146, 798, '2025-10-24 04:17:04', '10.11.3.137'),
(5147, 799, '2025-10-24 04:37:24', '10.11.0.101'),
(5148, 799, '2025-10-24 04:38:20', '10.11.0.101'),
(5149, 795, '2025-10-24 05:30:03', '10.11.1.142'),
(5150, 578, '2025-10-24 05:30:06', '10.11.1.143'),
(5151, 795, '2025-10-24 05:30:18', '10.11.1.142'),
(5152, 578, '2025-10-24 05:30:20', '10.11.1.143'),
(5153, 578, '2025-10-24 05:31:13', '10.11.1.143'),
(5154, 578, '2025-10-24 05:31:28', '10.11.1.143'),
(5155, 578, '2025-10-24 05:33:45', '10.11.1.143'),
(5156, 506, '2025-10-24 05:38:19', '10.11.1.159'),
(5157, 801, '2025-10-24 07:13:54', '10.11.2.90'),
(5158, 801, '2025-10-24 07:16:14', '10.11.2.136'),
(5159, 505, '2025-10-24 08:25:24', '10.11.3.171'),
(5160, 505, '2025-10-24 08:32:29', '10.11.3.171'),
(5161, 506, '2025-10-24 08:44:32', '10.11.1.159'),
(5162, 505, '2025-10-24 09:26:48', '10.11.3.171'),
(5163, 505, '2025-10-24 09:30:18', '10.11.3.171'),
(5164, 804, '2025-10-24 13:16:35', '10.11.3.136'),
(5165, 480, '2025-10-27 02:01:57', '10.11.1.54'),
(5166, 480, '2025-10-27 02:02:00', '10.11.1.54'),
(5167, 480, '2025-10-27 02:12:33', '10.11.1.54'),
(5168, 602, '2025-10-27 02:29:39', '10.11.1.168'),
(5169, 602, '2025-10-27 02:32:46', '10.11.1.181'),
(5170, 602, '2025-10-27 02:33:06', '10.11.1.181'),
(5171, 602, '2025-10-27 02:33:27', '10.11.1.181'),
(5172, 602, '2025-10-27 02:34:02', '10.11.1.181'),
(5173, 518, '2025-10-27 02:37:36', '10.11.1.110'),
(5174, 502, '2025-10-27 02:57:27', '10.11.1.154'),
(5175, 502, '2025-10-27 02:57:41', '10.11.1.154'),
(5176, 806, '2025-10-27 03:01:36', '10.11.1.154'),
(5177, 806, '2025-10-27 03:01:51', '10.11.1.154'),
(5178, 806, '2025-10-27 03:02:25', '10.11.1.154'),
(5179, 21, '2025-10-27 03:39:48', '10.11.8.50'),
(5180, 505, '2025-10-27 03:44:55', '10.11.1.158'),
(5181, 506, '2025-10-27 03:48:23', '10.11.2.167'),
(5182, 796, '2025-10-27 03:59:31', '10.11.2.166'),
(5183, 783, '2025-10-27 04:00:53', '10.11.2.206'),
(5184, 789, '2025-10-27 04:43:46', '10.11.2.73'),
(5185, 783, '2025-10-27 05:19:01', '10.11.2.206'),
(5186, 783, '2025-10-27 05:20:01', '10.11.2.206'),
(5187, 484, '2025-10-27 06:04:22', '10.11.3.76'),
(5188, 789, '2025-10-27 06:15:24', '10.11.2.73'),
(5189, 717, '2025-10-27 06:52:13', '10.11.0.255'),
(5190, 801, '2025-10-27 06:57:21', '10.11.2.133'),
(5191, 801, '2025-10-27 06:57:22', '10.11.2.133'),
(5192, 806, '2025-10-27 10:22:22', '10.11.0.76'),
(5193, 806, '2025-10-27 10:34:30', '10.11.0.76'),
(5194, 21, '2025-10-28 04:02:00', '10.11.8.50'),
(5195, 15, '2025-10-28 05:19:13', '10.11.8.50'),
(5196, 15, '2025-10-28 05:20:40', '10.11.8.50'),
(5197, 7, '2025-10-28 05:20:58', '10.11.8.50'),
(5198, 783, '2025-10-29 01:25:50', '10.11.0.90'),
(5199, 783, '2025-10-29 01:26:08', '10.11.0.90'),
(5200, 553, '2025-10-29 01:34:46', '10.11.0.65'),
(5201, 547, '2025-10-29 01:37:13', '10.11.0.103'),
(5202, 553, '2025-10-29 01:41:56', '10.11.0.65'),
(5203, 808, '2025-10-29 01:45:39', '10.11.0.65'),
(5204, 21, '2025-10-29 02:03:23', '10.11.8.50'),
(5205, 7, '2025-10-29 03:26:59', '10.11.8.50'),
(5206, 15, '2025-10-29 03:44:09', '10.11.8.36'),
(5207, 796, '2025-10-29 03:50:46', '10.11.1.255'),
(5208, 15, '2025-10-29 03:52:06', '10.11.8.50'),
(5209, 38, '2025-10-29 03:58:16', '10.11.8.50'),
(5210, 593, '2025-10-29 06:10:30', '10.11.1.206'),
(5211, 593, '2025-10-29 06:13:24', '10.11.1.206'),
(5212, 592, '2025-10-29 06:14:29', '10.11.1.209'),
(5213, 573, '2025-10-29 08:20:42', '10.11.0.112'),
(5214, 573, '2025-10-29 08:21:08', '10.11.0.112'),
(5215, 573, '2025-10-29 08:23:32', '10.11.0.112'),
(5216, 581, '2025-10-29 08:28:36', '10.11.3.69'),
(5217, 581, '2025-10-29 08:28:47', '10.11.3.69'),
(5218, 573, '2025-10-30 03:44:47', '10.11.2.232'),
(5219, 573, '2025-10-30 03:47:44', '10.11.2.232'),
(5220, 573, '2025-10-30 03:51:24', '10.11.2.232'),
(5221, 573, '2025-10-30 03:55:47', '10.11.2.232'),
(5222, 573, '2025-10-30 03:56:00', '10.11.2.232'),
(5223, 547, '2025-10-30 04:09:17', '10.11.3.84'),
(5224, 573, '2025-10-30 04:14:19', '10.11.2.232'),
(5225, 573, '2025-10-30 04:14:58', '10.11.2.232'),
(5226, 573, '2025-10-30 04:19:04', '10.11.2.232'),
(5227, 573, '2025-10-30 04:27:00', '10.11.2.232'),
(5228, 811, '2025-10-30 04:36:53', '10.11.2.232'),
(5229, 812, '2025-10-30 04:39:02', '10.11.3.215'),
(5230, 21, '2025-10-30 08:18:46', '10.11.8.50'),
(5231, 15, '2025-10-30 11:21:53', '10.11.8.50'),
(5232, 15, '2025-10-30 11:39:46', '10.11.8.50'),
(5233, 7, '2025-10-30 12:19:13', '10.11.8.50'),
(5234, 15, '2025-10-30 12:46:12', '10.11.8.50'),
(5235, 38, '2025-10-30 13:04:03', '10.11.8.50'),
(5236, 15, '2025-10-30 13:19:03', '10.11.8.50'),
(5237, 38, '2025-10-30 13:27:11', '10.11.8.50'),
(5238, 15, '2025-10-30 13:28:46', '10.11.8.50'),
(5239, 38, '2025-10-30 13:36:48', '10.11.8.50'),
(5240, 15, '2025-10-30 13:37:34', '10.11.8.50'),
(5241, 15, '2025-10-30 13:47:25', '10.11.8.50'),
(5242, 15, '2025-10-30 13:56:13', '10.11.8.50'),
(5243, 15, '2025-10-30 14:03:33', '10.11.8.50'),
(5244, 15, '2025-10-30 14:03:40', '10.11.8.50'),
(5245, 15, '2025-10-30 14:04:10', '10.11.8.50'),
(5246, 7, '2025-10-30 14:04:17', '10.11.8.50'),
(5247, 15, '2025-10-30 14:04:25', '10.11.8.50'),
(5248, 15, '2025-10-30 14:04:59', '10.11.8.50'),
(5249, 15, '2025-10-30 14:05:10', '10.11.8.50'),
(5250, 15, '2025-10-30 14:11:22', '10.11.8.50'),
(5251, 15, '2025-10-30 14:11:55', '10.11.8.50'),
(5252, 15, '2025-10-30 14:12:43', '10.11.8.50'),
(5253, 15, '2025-10-30 14:13:40', '10.11.8.50'),
(5254, 15, '2025-10-30 14:14:31', '10.11.8.50'),
(5255, 38, '2025-10-30 14:45:44', '10.11.8.50'),
(5256, 15, '2025-10-30 14:49:20', '10.11.8.50'),
(5257, 15, '2025-10-30 15:36:02', '10.11.8.50'),
(5258, 21, '2025-10-30 16:06:30', '10.11.8.50'),
(5259, 38, '2025-10-30 16:08:43', '10.11.8.50'),
(5260, 38, '2025-10-30 16:14:04', '10.11.8.50'),
(5261, 38, '2025-10-30 16:23:17', '10.11.8.50'),
(5262, 38, '2025-10-30 16:34:51', '10.11.8.50'),
(5263, 15, '2025-10-30 16:39:04', '10.11.8.50'),
(5264, 15, '2025-10-31 04:34:32', '10.11.8.50'),
(5265, 707, '2025-10-31 06:52:02', '10.11.0.242'),
(5266, 15, '2025-10-31 07:18:09', '10.11.8.50'),
(5267, 562, '2025-10-31 07:20:36', '10.11.1.13'),
(5268, 562, '2025-10-31 07:20:46', '10.11.1.13'),
(5269, 562, '2025-10-31 07:23:40', '10.11.1.13'),
(5270, 562, '2025-10-31 07:24:05', '10.11.1.13'),
(5271, 813, '2025-10-31 07:25:53', '10.11.1.13'),
(5272, 814, '2025-10-31 08:41:28', '10.11.3.87'),
(5273, 815, '2025-10-31 08:41:32', '10.11.3.88'),
(5274, 815, '2025-10-31 08:42:08', '10.11.3.88'),
(5275, 814, '2025-10-31 08:42:17', '10.11.3.87'),
(5276, 15, '2025-11-02 15:15:33', '10.11.8.50'),
(5277, 15, '2025-11-02 15:38:57', '10.11.8.50'),
(5278, 564, '2025-11-03 02:18:09', '10.11.1.209'),
(5279, 564, '2025-11-03 02:18:22', '10.11.1.209'),
(5280, 564, '2025-11-03 02:18:56', '10.11.1.209'),
(5281, 564, '2025-11-03 02:20:10', '10.11.1.209'),
(5282, 503, '2025-11-03 02:20:46', '10.11.1.226'),
(5283, 503, '2025-11-03 02:22:17', '10.11.1.226'),
(5284, 15, '2025-11-03 06:58:27', '10.11.8.50'),
(5285, 15, '2025-11-03 07:07:12', '10.11.8.50'),
(5286, 15, '2025-11-03 07:18:31', '10.11.8.50'),
(5287, 15, '2025-11-03 07:19:33', '10.11.8.50'),
(5288, 15, '2025-11-03 07:19:40', '10.11.8.50'),
(5289, 655, '2025-11-03 07:22:20', '10.11.0.140'),
(5290, 38, '2025-11-03 07:32:27', '10.11.8.50'),
(5291, 15, '2025-11-03 07:51:49', '10.11.8.36'),
(5292, 37, '2025-11-03 07:54:05', '10.11.8.36'),
(5293, 38, '2025-11-03 07:55:08', '10.11.8.36'),
(5294, 15, '2025-11-03 07:57:06', '10.11.8.36'),
(5295, 38, '2025-11-03 08:11:05', '10.11.8.50'),
(5296, 38, '2025-11-03 08:17:03', '10.11.8.50'),
(5297, 38, '2025-11-03 08:21:29', '10.11.8.50'),
(5298, 38, '2025-11-03 08:22:11', '10.11.8.50'),
(5299, 38, '2025-11-03 08:35:12', '10.11.8.50'),
(5300, 815, '2025-11-04 02:01:53', '10.11.1.59'),
(5301, 814, '2025-11-04 02:02:47', '10.11.1.58'),
(5302, 815, '2025-11-04 02:04:02', '10.11.1.59'),
(5303, 15, '2025-11-04 04:25:40', '10.11.8.50'),
(5304, 629, '2025-11-04 04:49:20', '10.11.3.236'),
(5305, 629, '2025-11-04 04:49:51', '10.11.3.236'),
(5306, 629, '2025-11-04 09:34:51', '10.11.3.236'),
(5307, 15, '2025-11-04 13:37:42', '10.11.8.50'),
(5308, 564, '2025-11-05 01:52:09', '10.11.3.141'),
(5309, 500, '2025-11-05 03:52:01', '10.11.0.209'),
(5310, 581, '2025-11-05 04:57:52', '10.11.1.205'),
(5311, 581, '2025-11-05 04:58:01', '10.11.1.205'),
(5312, 581, '2025-11-05 05:00:28', '10.11.1.205'),
(5313, 820, '2025-11-05 07:14:35', '10.11.2.199'),
(5314, 15, '2025-11-05 07:21:20', '10.11.8.50'),
(5315, 500, '2025-11-06 05:18:30', '10.11.0.109'),
(5316, 814, '2025-11-06 05:45:01', '10.11.0.197'),
(5317, 15, '2025-11-06 06:02:51', '10.11.8.50'),
(5318, 15, '2025-11-06 06:07:41', '10.11.8.50'),
(5319, 480, '2025-11-06 06:25:39', '10.11.1.36'),
(5320, 707, '2025-11-06 07:23:05', '10.11.2.164'),
(5321, 564, '2025-11-06 09:51:50', '10.11.1.255'),
(5322, 564, '2025-11-06 09:52:30', '10.11.1.255'),
(5323, 564, '2025-11-06 09:53:51', '10.11.3.199'),
(5324, 599, '2025-11-06 09:54:11', '10.11.1.50'),
(5325, 564, '2025-11-06 09:56:03', '10.11.1.255'),
(5326, 15, '2025-11-06 12:35:49', '10.11.8.50'),
(5327, 15, '2025-11-06 12:48:46', '10.11.8.50'),
(5328, 15, '2025-11-06 12:49:02', '10.11.8.50'),
(5329, 15, '2025-11-06 12:49:41', '10.11.8.50'),
(5330, 15, '2025-11-06 12:52:23', '10.11.8.50'),
(5331, 15, '2025-11-06 12:52:47', '10.11.8.50'),
(5332, 15, '2025-11-06 12:54:59', '10.11.8.50'),
(5333, 15, '2025-11-06 12:55:43', '10.11.8.50'),
(5334, 15, '2025-11-06 12:56:35', '10.11.8.50'),
(5335, 15, '2025-11-06 12:56:44', '10.11.8.50'),
(5336, 15, '2025-11-06 12:57:05', '10.11.8.50'),
(5337, 15, '2025-11-06 13:07:59', '10.11.8.50'),
(5338, 15, '2025-11-06 13:19:21', '10.11.8.50'),
(5339, 15, '2025-11-06 13:21:23', '10.11.8.50'),
(5340, 7, '2025-11-06 13:22:00', '10.11.8.50'),
(5341, 7, '2025-11-06 13:22:05', '10.11.8.50'),
(5342, 7, '2025-11-06 13:22:22', '10.11.8.50'),
(5343, 7, '2025-11-06 13:23:53', '10.11.8.50'),
(5344, 7, '2025-11-06 13:24:01', '10.11.8.50'),
(5345, 15, '2025-11-06 13:24:07', '10.11.8.50'),
(5346, 15, '2025-11-06 13:24:11', '10.11.8.50'),
(5347, 38, '2025-11-06 13:24:24', '10.11.8.50'),
(5348, 7, '2025-11-06 13:24:56', '10.11.8.50'),
(5349, 7, '2025-11-06 13:25:32', '10.11.8.50'),
(5350, 15, '2025-11-06 13:26:34', '10.11.8.50'),
(5351, 15, '2025-11-06 13:27:28', '10.11.8.50'),
(5352, 7, '2025-11-06 13:27:32', '10.11.8.50'),
(5353, 15, '2025-11-06 13:29:59', '10.11.8.50'),
(5354, 15, '2025-11-06 13:30:13', '10.11.8.50'),
(5355, 15, '2025-11-06 13:30:22', '10.11.8.50'),
(5356, 15, '2025-11-06 13:31:13', '10.11.8.50'),
(5357, 21, '2025-11-07 05:12:14', '10.11.8.50'),
(5358, 629, '2025-11-07 09:05:10', '10.11.1.81'),
(5359, 15, '2025-11-10 07:36:04', '10.11.8.50'),
(5360, 499, '2025-11-10 11:37:20', '10.11.2.244'),
(5361, 499, '2025-11-10 11:37:33', '10.11.2.244'),
(5362, 499, '2025-11-10 11:38:22', '10.11.2.244'),
(5363, 499, '2025-11-10 11:45:04', '10.11.2.244'),
(5364, 499, '2025-11-10 11:48:27', '10.11.2.244'),
(5365, 21, '2025-11-11 02:19:23', '10.11.8.50'),
(5366, 15, '2025-11-11 05:08:12', '10.11.8.50'),
(5367, 744, '2025-11-11 06:01:38', '10.11.2.69'),
(5368, 744, '2025-11-11 06:02:13', '10.11.2.69'),
(5369, 822, '2025-11-11 06:24:45', '10.11.2.75'),
(5370, 823, '2025-11-11 07:22:00', '10.11.2.109'),
(5371, 824, '2025-11-11 07:23:09', '10.11.2.37'),
(5372, 824, '2025-11-11 07:25:06', '10.11.2.37'),
(5373, 823, '2025-11-11 07:52:01', '10.11.2.109'),
(5374, 823, '2025-11-11 07:52:36', '10.11.2.109'),
(5375, 825, '2025-11-11 08:16:59', '10.11.2.41'),
(5376, 825, '2025-11-11 08:18:42', '10.11.2.41'),
(5377, 645, '2025-11-11 08:43:58', '10.11.1.149'),
(5378, 827, '2025-11-11 08:45:56', '10.11.0.83'),
(5379, 806, '2025-11-11 09:02:53', '10.11.0.109'),
(5380, 758, '2025-11-11 09:12:08', '10.11.0.137'),
(5381, 758, '2025-11-11 09:12:10', '10.11.0.137'),
(5382, 758, '2025-11-11 09:14:59', '10.11.0.143'),
(5383, 827, '2025-11-11 09:38:36', '10.11.0.83'),
(5384, 827, '2025-11-11 09:45:29', '10.11.0.83'),
(5385, 827, '2025-11-11 09:45:30', '10.11.0.83'),
(5386, 516, '2025-11-11 10:28:57', '10.11.1.15'),
(5387, 516, '2025-11-11 10:29:02', '10.11.1.15'),
(5388, 516, '2025-11-11 10:29:46', '10.11.1.15'),
(5389, 516, '2025-11-11 10:29:57', '10.11.1.15'),
(5390, 516, '2025-11-11 10:30:04', '10.11.1.15'),
(5391, 516, '2025-11-11 10:30:09', '10.11.1.15'),
(5392, 516, '2025-11-11 10:30:34', '10.11.1.15'),
(5393, 827, '2025-11-12 02:11:58', '10.11.2.84'),
(5394, 15, '2025-11-12 03:50:08', '10.11.8.50'),
(5395, 15, '2025-11-12 07:07:41', '10.11.8.50'),
(5396, 645, '2025-11-12 07:15:17', '10.11.2.94'),
(5397, 629, '2025-11-12 08:49:09', '10.11.0.105'),
(5398, 666, '2025-11-12 08:50:31', '10.11.0.106'),
(5399, 666, '2025-11-12 08:51:10', '10.11.0.106'),
(5400, 666, '2025-11-12 08:51:11', '10.11.0.106'),
(5401, 666, '2025-11-12 08:51:11', '10.11.0.106'),
(5402, 666, '2025-11-12 08:51:32', '10.11.0.105'),
(5403, 666, '2025-11-12 08:51:50', '10.11.0.105'),
(5404, 666, '2025-11-12 08:53:57', '10.11.0.106'),
(5405, 666, '2025-11-12 08:54:51', '10.11.0.106'),
(5406, 630, '2025-11-12 09:07:08', '10.11.0.151'),
(5407, 630, '2025-11-12 09:07:26', '10.11.0.151'),
(5408, 829, '2025-11-12 09:09:18', '10.11.0.151'),
(5409, 829, '2025-11-12 09:15:33', '10.11.0.106'),
(5410, 21, '2025-11-12 10:16:20', '10.11.8.50'),
(5411, 15, '2025-11-12 16:29:19', '10.11.8.50'),
(5412, 15, '2025-11-13 04:14:33', '10.11.8.50'),
(5413, 15, '2025-11-13 04:26:06', '10.11.8.50'),
(5414, 15, '2025-11-13 04:27:38', '10.11.8.50'),
(5415, 830, '2025-11-13 04:30:48', '10.11.0.178'),
(5416, 15, '2025-11-13 05:08:49', '10.11.8.50'),
(5417, 15, '2025-11-13 05:09:04', '10.11.8.50'),
(5418, 831, '2025-11-13 08:42:42', '10.11.2.211'),
(5419, 15, '2025-11-13 16:08:11', '10.11.8.50'),
(5420, 831, '2025-11-14 03:25:26', '10.11.1.8'),
(5421, 831, '2025-11-14 03:53:13', '10.11.1.8'),
(5422, 832, '2025-11-14 04:00:10', '10.11.1.120'),
(5423, 832, '2025-11-14 04:00:34', '10.11.1.120'),
(5424, 833, '2025-11-14 04:07:28', '10.11.1.97'),
(5425, 827, '2025-11-14 04:08:10', '10.11.1.153'),
(5426, 15, '2025-11-14 04:13:33', '10.11.8.50'),
(5427, 481, '2025-11-14 10:30:18', '10.11.0.215'),
(5428, 475, '2025-11-17 01:58:27', '10.11.2.51'),
(5429, 475, '2025-11-17 01:59:45', '10.11.2.51'),
(5430, 475, '2025-11-17 02:03:32', '10.11.2.51'),
(5431, 475, '2025-11-17 02:03:43', '10.11.2.51'),
(5432, 475, '2025-11-17 02:05:16', '10.11.2.51'),
(5433, 475, '2025-11-17 02:08:42', '10.11.2.51'),
(5434, 475, '2025-11-17 02:11:04', '10.11.2.51'),
(5435, 475, '2025-11-17 02:20:48', '10.11.2.112'),
(5436, 480, '2025-11-17 02:20:59', '10.11.2.112'),
(5437, 475, '2025-11-17 02:22:10', '10.11.2.51'),
(5438, 475, '2025-11-17 02:45:43', '10.11.2.51'),
(5439, 475, '2025-11-17 04:37:53', '10.11.2.51'),
(5440, 475, '2025-11-17 04:38:10', '10.11.2.51'),
(5441, 15, '2025-11-17 05:45:37', '10.11.8.50'),
(5442, 15, '2025-11-17 05:59:48', '10.11.8.50'),
(5443, 7, '2025-11-17 06:31:09', '10.11.8.50'),
(5444, 835, '2025-11-17 06:32:15', '10.11.8.50'),
(5445, 835, '2025-11-17 06:33:59', '10.11.8.50'),
(5446, 835, '2025-11-17 06:39:28', '10.11.8.50'),
(5447, 835, '2025-11-17 06:41:04', '10.11.8.50'),
(5448, 835, '2025-11-17 06:44:14', '10.11.8.50'),
(5449, 835, '2025-11-17 06:45:50', '10.11.8.50'),
(5450, 835, '2025-11-17 06:50:42', '10.11.8.50'),
(5451, 835, '2025-11-17 06:51:12', '10.11.8.50'),
(5452, 835, '2025-11-17 06:53:19', '10.11.8.50'),
(5453, 835, '2025-11-17 06:55:14', '10.11.8.50'),
(5454, 835, '2025-11-17 07:00:43', '10.11.8.50'),
(5455, 835, '2025-11-17 07:00:43', '10.11.8.50'),
(5456, 835, '2025-11-17 07:02:05', '10.11.8.50'),
(5457, 835, '2025-11-17 07:03:54', '10.11.8.50'),
(5458, 835, '2025-11-17 07:04:39', '10.11.8.50'),
(5459, 15, '2025-11-17 07:04:45', '10.11.8.50'),
(5460, 835, '2025-11-17 07:05:05', '10.11.8.50'),
(5461, 835, '2025-11-17 07:05:35', '10.11.8.50'),
(5462, 835, '2025-11-17 07:09:51', '10.11.8.50'),
(5463, 7, '2025-11-17 07:09:59', '10.11.8.50');
INSERT INTO `time_activity` (`ID_TIME_ACTIVITY`, `ID_LOGIN`, `TIME`, `IP_ADDRESS`) VALUES
(5464, 15, '2025-11-17 07:10:06', '10.11.8.50'),
(5465, 38, '2025-11-17 07:10:17', '10.11.8.50'),
(5466, 835, '2025-11-17 07:10:32', '10.11.8.50'),
(5467, 835, '2025-11-17 07:11:03', '10.11.8.50'),
(5468, 835, '2025-11-17 07:13:56', '10.11.8.50'),
(5469, 835, '2025-11-17 07:16:41', '10.11.8.50'),
(5470, 835, '2025-11-17 07:20:17', '10.11.8.50'),
(5471, 835, '2025-11-17 07:24:25', '10.11.8.50'),
(5472, 835, '2025-11-17 07:27:41', '10.11.8.50'),
(5473, 835, '2025-11-17 07:28:11', '10.11.8.50'),
(5474, 699, '2025-11-17 07:35:40', '10.11.2.80'),
(5475, 629, '2025-11-17 07:45:43', '10.11.0.153'),
(5476, 629, '2025-11-17 07:45:44', '10.11.0.153'),
(5477, 837, '2025-11-17 07:46:26', '10.11.0.121'),
(5478, 835, '2025-11-17 07:47:36', '10.11.8.50'),
(5479, 564, '2025-11-17 07:51:34', '10.11.3.126'),
(5480, 599, '2025-11-17 07:51:55', '10.11.3.126'),
(5481, 15, '2025-11-17 07:52:26', '10.11.8.50'),
(5482, 835, '2025-11-17 08:10:41', '10.11.8.50'),
(5483, 835, '2025-11-17 08:20:04', '10.11.8.50'),
(5484, 15, '2025-11-17 08:33:26', '10.11.8.50'),
(5485, 835, '2025-11-17 08:33:39', '10.11.8.50'),
(5486, 835, '2025-11-17 11:15:06', '10.11.8.50'),
(5487, 475, '2025-11-18 01:09:40', '10.11.0.178'),
(5488, 475, '2025-11-18 01:42:26', '10.11.0.178'),
(5489, 475, '2025-11-18 01:42:36', '10.11.0.178'),
(5490, 475, '2025-11-18 01:42:43', '10.11.0.178'),
(5491, 807, '2025-11-18 03:46:49', '10.11.0.112'),
(5492, 506, '2025-11-18 05:09:55', '10.11.1.237'),
(5493, 506, '2025-11-18 05:12:47', '10.11.1.237'),
(5494, 506, '2025-11-18 05:13:27', '10.11.1.237'),
(5495, 506, '2025-11-18 05:16:49', '10.11.1.237'),
(5496, 506, '2025-11-18 05:18:39', '10.11.1.237'),
(5497, 506, '2025-11-18 05:19:17', '10.11.1.237'),
(5498, 7, '2025-11-18 05:39:15', '10.11.8.50'),
(5499, 21, '2025-11-18 05:41:36', '10.11.8.50'),
(5500, 15, '2025-11-18 05:44:19', '10.11.8.50'),
(5501, 506, '2025-11-18 05:46:26', '10.11.1.237'),
(5502, 15, '2025-11-18 05:47:13', '10.11.8.50'),
(5503, 665, '2025-11-18 05:51:07', '10.11.2.0'),
(5504, 665, '2025-11-18 05:51:30', '10.11.2.0'),
(5505, 665, '2025-11-18 07:26:19', '10.11.3.52'),
(5506, 835, '2025-11-18 07:26:29', '10.11.8.50'),
(5507, 506, '2025-11-18 07:33:47', '10.11.1.237'),
(5508, 706, '2025-11-18 07:36:00', '10.11.2.196'),
(5509, 622, '2025-11-18 07:36:52', '10.11.2.196'),
(5510, 622, '2025-11-18 07:36:58', '10.11.2.196'),
(5511, 706, '2025-11-18 07:37:10', '10.11.2.196'),
(5512, 537, '2025-11-18 11:02:27', '10.11.0.180'),
(5513, 586, '2025-11-18 11:02:56', '10.11.1.88'),
(5514, 587, '2025-11-18 11:04:07', '10.11.1.103'),
(5515, 839, '2025-11-18 11:04:09', '10.11.0.180'),
(5516, 839, '2025-11-18 11:05:00', '10.11.0.180'),
(5517, 475, '2025-11-18 11:11:49', '10.11.0.219'),
(5518, 38, '2025-11-18 14:14:45', '10.11.6.168'),
(5519, 15, '2025-11-18 14:15:35', '10.11.6.168'),
(5520, 835, '2025-11-18 14:20:11', '10.11.8.50'),
(5521, 835, '2025-11-18 16:59:04', '10.11.8.50'),
(5522, 840, '2025-11-19 01:53:23', '10.11.2.116'),
(5523, 840, '2025-11-19 01:54:41', '10.11.2.116'),
(5524, 704, '2025-11-19 02:18:01', '10.11.2.119'),
(5525, 469, '2025-11-19 04:59:48', '10.11.0.70'),
(5526, 807, '2025-11-19 07:10:22', '10.11.0.241'),
(5527, 841, '2025-11-19 09:25:57', '10.11.1.18'),
(5528, 510, '2025-11-20 06:59:46', '10.11.2.54'),
(5529, 494, '2025-11-20 07:29:24', '10.11.2.218'),
(5530, 795, '2025-11-20 07:30:48', '10.11.2.43'),
(5531, 795, '2025-11-20 07:31:08', '10.11.2.43'),
(5532, 843, '2025-11-20 07:34:08', '10.11.2.218'),
(5533, 795, '2025-11-20 08:21:44', '10.11.2.43'),
(5534, 475, '2025-11-20 08:45:18', '10.11.3.252'),
(5535, 475, '2025-11-20 08:48:56', '10.11.0.58'),
(5536, 21, '2025-11-20 10:38:04', '10.11.8.50'),
(5537, 832, '2025-11-21 02:04:53', '10.11.3.15'),
(5538, 627, '2025-11-21 04:36:11', '10.11.1.100'),
(5539, 627, '2025-11-21 04:36:35', '10.11.1.100'),
(5540, 627, '2025-11-21 04:38:03', '10.11.1.100'),
(5541, 846, '2025-11-21 05:07:54', '10.11.1.118'),
(5542, 627, '2025-11-21 05:30:26', '10.11.1.100'),
(5543, 846, '2025-11-21 06:02:07', '10.11.1.118'),
(5544, 627, '2025-11-21 06:06:44', '10.11.1.100'),
(5545, 627, '2025-11-21 06:07:58', '10.11.1.100'),
(5546, 627, '2025-11-21 06:08:28', '10.11.1.100'),
(5547, 627, '2025-11-21 06:09:49', '10.11.1.100'),
(5548, 848, '2025-11-21 06:12:37', '10.11.1.100'),
(5549, 846, '2025-11-21 06:17:54', '10.11.1.118'),
(5550, 846, '2025-11-21 06:21:13', '10.11.1.118'),
(5551, 850, '2025-11-21 06:22:23', '10.11.1.118'),
(5552, 846, '2025-11-21 06:27:56', '10.11.1.118'),
(5553, 846, '2025-11-21 06:31:41', '10.11.1.118'),
(5554, 795, '2025-11-21 08:02:52', '10.11.3.149'),
(5555, 795, '2025-11-21 08:04:24', '10.11.3.149'),
(5556, 530, '2025-11-24 04:01:18', '10.11.2.155'),
(5557, 530, '2025-11-24 04:03:11', '10.11.2.155'),
(5558, 495, '2025-11-24 04:15:32', '10.11.2.214'),
(5559, 495, '2025-11-24 04:15:35', '10.11.2.214'),
(5560, 586, '2025-11-24 04:20:11', '10.11.2.203'),
(5561, 586, '2025-11-24 04:20:56', '10.11.2.203'),
(5562, 495, '2025-11-24 04:21:49', '10.11.2.214'),
(5563, 495, '2025-11-24 04:25:31', '10.11.2.214'),
(5564, 495, '2025-11-24 04:25:32', '10.11.2.214'),
(5565, 495, '2025-11-24 04:28:04', '10.11.2.214'),
(5566, 495, '2025-11-24 04:28:05', '10.11.2.214'),
(5567, 495, '2025-11-24 04:28:07', '10.11.2.214'),
(5568, 495, '2025-11-24 04:31:00', '10.11.2.214'),
(5569, 495, '2025-11-24 04:31:30', '10.11.2.214'),
(5570, 495, '2025-11-24 04:31:32', '10.11.2.214'),
(5571, 853, '2025-11-24 04:36:00', '10.11.2.155'),
(5572, 495, '2025-11-24 04:37:42', '10.11.2.214'),
(5573, 853, '2025-11-24 04:37:55', '10.11.2.155'),
(5574, 495, '2025-11-24 04:38:33', '10.11.2.214'),
(5575, 495, '2025-11-24 04:41:12', '10.11.2.214'),
(5576, 495, '2025-11-24 04:46:22', '10.11.2.214'),
(5577, 495, '2025-11-24 04:46:28', '10.11.2.214'),
(5578, 495, '2025-11-24 04:56:08', '10.11.2.214'),
(5579, 853, '2025-11-24 04:56:17', '10.11.2.155'),
(5580, 495, '2025-11-24 05:08:08', '10.11.2.214'),
(5581, 495, '2025-11-24 05:12:14', '10.11.2.214'),
(5582, 495, '2025-11-24 05:12:40', '10.11.2.214'),
(5583, 495, '2025-11-24 05:13:28', '10.11.2.214'),
(5584, 495, '2025-11-24 05:13:58', '10.11.2.214'),
(5585, 495, '2025-11-24 05:14:10', '10.11.2.214'),
(5586, 495, '2025-11-24 05:15:14', '10.11.2.214'),
(5587, 495, '2025-11-24 05:16:16', '10.11.2.214'),
(5588, 495, '2025-11-24 05:16:34', '10.11.2.214'),
(5589, 855, '2025-11-24 05:31:39', '10.11.3.95'),
(5590, 795, '2025-11-24 06:19:41', '10.11.3.150'),
(5591, 795, '2025-11-24 06:33:11', '10.11.3.150'),
(5592, 846, '2025-11-24 06:59:44', '10.11.3.177'),
(5593, 795, '2025-11-24 07:50:43', '10.11.3.150'),
(5594, 795, '2025-11-24 07:50:48', '10.11.3.150'),
(5595, 795, '2025-11-24 08:04:24', '10.11.13.26'),
(5596, 795, '2025-11-24 08:04:24', '10.11.13.26'),
(5597, 795, '2025-11-24 08:18:50', '10.11.3.150'),
(5598, 795, '2025-11-24 08:18:54', '10.11.3.150'),
(5599, 795, '2025-11-24 08:37:54', '10.11.3.150'),
(5600, 795, '2025-11-24 08:37:58', '10.11.3.150'),
(5601, 795, '2025-11-24 09:53:57', '10.11.3.150'),
(5602, 15, '2025-11-24 11:20:23', '10.11.8.50'),
(5603, 38, '2025-11-24 11:38:34', '10.11.8.50'),
(5604, 587, '2025-11-24 12:12:01', '10.11.8.50'),
(5605, 776, '2025-11-24 12:18:18', '10.11.8.50'),
(5606, 7, '2025-11-24 12:21:43', '10.11.8.50'),
(5607, 776, '2025-11-24 12:26:34', '10.11.8.50'),
(5608, 15, '2025-11-24 12:27:01', '10.11.8.50'),
(5609, 38, '2025-11-24 12:30:08', '10.11.8.50'),
(5610, 835, '2025-11-24 14:08:47', '10.11.1.35'),
(5611, 411, '2025-11-25 02:46:11', '10.11.3.10'),
(5612, 411, '2025-11-25 02:47:06', '10.11.3.10'),
(5613, 845, '2025-11-25 02:48:13', '10.11.3.10'),
(5614, 581, '2025-11-25 04:29:40', '10.11.3.197'),
(5615, 593, '2025-11-25 05:12:35', '10.11.0.190'),
(5616, 21, '2025-11-25 05:12:36', '10.11.8.50'),
(5617, 593, '2025-11-25 05:12:57', '10.11.0.190'),
(5618, 593, '2025-11-25 05:13:30', '10.11.0.190'),
(5619, 593, '2025-11-25 05:19:45', '10.11.0.190'),
(5620, 593, '2025-11-25 05:21:12', '10.11.8.50'),
(5621, 843, '2025-11-25 05:21:56', '10.11.0.228'),
(5622, 843, '2025-11-25 05:22:54', '10.11.0.228'),
(5623, 854, '2025-11-25 05:59:28', '10.11.0.153'),
(5624, 854, '2025-11-25 05:59:38', '10.11.0.153'),
(5625, 854, '2025-11-25 06:00:35', '10.11.0.153'),
(5626, 849, '2025-11-25 06:06:31', '10.11.1.84'),
(5627, 849, '2025-11-25 06:09:55', '10.11.1.84'),
(5628, 849, '2025-11-25 06:11:21', '10.11.1.84'),
(5629, 849, '2025-11-25 06:11:42', '10.11.1.84'),
(5630, 849, '2025-11-25 06:12:58', '10.11.1.84'),
(5631, 795, '2025-11-25 06:19:31', '10.11.1.108'),
(5632, 795, '2025-11-25 06:19:51', '10.11.1.108'),
(5633, 849, '2025-11-25 06:20:42', '10.11.1.84'),
(5634, 849, '2025-11-25 06:20:47', '10.11.1.84'),
(5635, 849, '2025-11-25 06:20:53', '10.11.1.84'),
(5636, 411, '2025-11-25 06:24:47', '10.11.1.118'),
(5637, 849, '2025-11-25 06:54:15', '10.11.1.84'),
(5638, 581, '2025-11-25 07:21:11', '10.11.3.197'),
(5639, 581, '2025-11-25 07:21:13', '10.11.3.197'),
(5640, 578, '2025-11-25 07:53:10', '10.11.2.44'),
(5641, 578, '2025-11-25 07:53:25', '10.11.2.44'),
(5642, 853, '2025-11-25 08:05:10', '10.11.1.210'),
(5643, 859, '2025-11-25 08:13:08', '10.11.2.62'),
(5644, 593, '2025-11-25 09:22:23', '10.11.2.201'),
(5645, 593, '2025-11-25 09:23:08', '10.11.2.201'),
(5646, 593, '2025-11-25 09:23:27', '10.11.2.201'),
(5647, 593, '2025-11-25 09:25:22', '10.11.2.208'),
(5648, 21, '2025-11-26 02:00:56', '10.11.8.50'),
(5649, 475, '2025-11-26 03:48:26', '10.11.1.249'),
(5650, 578, '2025-11-26 04:20:28', '10.11.2.111'),
(5651, 795, '2025-11-26 04:45:39', '10.11.1.89'),
(5652, 578, '2025-11-26 04:49:52', '10.11.2.111'),
(5653, 578, '2025-11-26 04:52:00', '10.11.2.111'),
(5654, 578, '2025-11-26 04:54:40', '10.11.1.89'),
(5655, 795, '2025-11-26 04:57:33', '10.11.1.89'),
(5656, 849, '2025-11-26 06:57:16', '10.11.3.137'),
(5657, 15, '2025-11-26 07:01:46', '10.11.8.50'),
(5658, 468, '2025-11-26 07:44:48', '10.11.0.104'),
(5659, 735, '2025-11-26 07:46:38', '10.11.0.58'),
(5660, 468, '2025-11-26 07:46:39', '10.11.0.104'),
(5661, 21, '2025-11-27 02:02:15', '10.11.8.50'),
(5662, 15, '2025-11-27 04:04:41', '10.11.8.50'),
(5663, 684, '2025-11-27 04:17:03', '10.11.1.43'),
(5664, 579, '2025-11-27 04:29:55', '10.11.1.44'),
(5665, 864, '2025-11-27 04:32:54', '10.11.1.83'),
(5666, 864, '2025-11-27 04:44:46', '10.11.1.83'),
(5667, 864, '2025-11-27 04:45:26', '10.11.1.83'),
(5668, 578, '2025-11-27 05:38:51', '10.11.2.72'),
(5669, 655, '2025-11-27 06:10:11', '10.11.2.186'),
(5670, 586, '2025-11-27 06:12:21', '10.11.2.162'),
(5671, 655, '2025-11-27 06:13:16', '10.11.2.186'),
(5672, 849, '2025-11-27 06:31:29', '10.11.2.205'),
(5673, 21, '2025-11-27 07:22:53', '10.11.8.50'),
(5674, 21, '2025-11-27 07:23:44', '10.11.8.50'),
(5675, 655, '2025-11-27 08:20:19', '10.11.1.18'),
(5676, 827, '2025-11-27 08:37:15', '10.11.3.110'),
(5677, 15, '2025-11-27 08:41:44', '10.11.8.50'),
(5678, 684, '2025-11-27 08:46:27', '10.11.8.50'),
(5679, 824, '2025-11-28 04:52:57', '10.11.1.228'),
(5680, 824, '2025-11-28 04:54:12', '10.11.1.228'),
(5681, 494, '2025-11-28 07:52:30', '10.11.3.93'),
(5682, 15, '2025-11-28 11:58:52', '10.11.8.50'),
(5683, 15, '2025-12-01 03:51:57', '10.11.8.50'),
(5684, 655, '2025-12-01 06:35:59', '10.11.1.144'),
(5685, 666, '2025-12-01 07:23:28', '10.11.1.192'),
(5686, 837, '2025-12-01 07:23:49', '10.11.1.192'),
(5687, 865, '2025-12-01 07:25:19', '10.11.1.192'),
(5688, 795, '2025-12-01 07:29:48', '10.11.1.199'),
(5689, 15, '2025-12-01 07:33:08', '10.11.8.50'),
(5690, 655, '2025-12-01 08:08:15', '10.11.1.144'),
(5691, 655, '2025-12-01 08:10:45', '10.11.1.144'),
(5692, 866, '2025-12-01 08:13:29', '10.11.1.144'),
(5693, 866, '2025-12-01 08:19:20', '10.11.1.144'),
(5694, 866, '2025-12-01 08:19:55', '10.11.1.144'),
(5695, 866, '2025-12-01 08:23:06', '10.11.1.144'),
(5696, 684, '2025-12-01 12:41:27', '10.11.2.113'),
(5697, 866, '2025-12-02 04:32:40', '10.11.3.249'),
(5698, 795, '2025-12-02 07:55:05', '10.11.1.8'),
(5699, 494, '2025-12-02 09:37:57', '10.11.1.64'),
(5700, 15, '2025-12-03 02:16:41', '10.11.8.50'),
(5701, 15, '2025-12-03 05:53:39', '10.11.8.50'),
(5702, 665, '2025-12-03 07:16:44', '10.11.3.138'),
(5703, 867, '2025-12-03 07:23:57', '10.11.3.140'),
(5704, 867, '2025-12-03 07:25:11', '10.11.3.140'),
(5705, 7, '2025-12-03 07:25:19', '10.11.8.50'),
(5706, 665, '2025-12-03 07:38:31', '10.11.3.140'),
(5707, 15, '2025-12-03 07:50:05', '10.11.8.50'),
(5708, 866, '2025-12-03 08:34:04', '10.11.3.212'),
(5709, 15, '2025-12-03 08:53:59', '10.11.8.50'),
(5710, 15, '2025-12-03 08:55:18', '10.11.8.50'),
(5711, 864, '2025-12-03 09:24:31', '10.11.0.52'),
(5712, 15, '2025-12-03 11:41:49', '10.11.8.50'),
(5713, 15, '2025-12-04 03:52:27', '10.11.8.50'),
(5714, 870, '2025-12-04 04:32:15', '10.11.1.38'),
(5715, 870, '2025-12-04 04:36:14', '10.11.1.23'),
(5716, 870, '2025-12-04 04:36:29', '10.11.1.23'),
(5717, 870, '2025-12-04 04:37:06', '10.11.1.23'),
(5718, 870, '2025-12-04 04:41:34', '10.11.1.23'),
(5719, 15, '2025-12-04 04:52:37', '10.11.8.50'),
(5720, 870, '2025-12-04 05:36:23', '10.11.1.23'),
(5721, 630, '2025-12-04 09:52:37', '10.11.1.254'),
(5722, 872, '2025-12-04 09:53:58', '10.11.1.254'),
(5723, 593, '2025-12-04 10:09:38', '10.11.1.157'),
(5724, 15, '2025-12-05 03:53:02', '10.11.8.50'),
(5725, 15, '2025-12-05 11:31:29', '10.11.8.50'),
(5726, 870, '2025-12-08 06:54:11', '10.11.0.88'),
(5727, 666, '2025-12-08 07:25:06', '10.11.1.201'),
(5728, 837, '2025-12-08 07:25:31', '10.11.1.201'),
(5729, 873, '2025-12-08 07:26:28', '10.11.1.201'),
(5730, 15, '2025-12-08 08:14:38', '10.11.8.50'),
(5731, 724, '2025-12-08 13:08:00', '10.11.2.165'),
(5732, 856, '2025-12-09 04:57:10', '10.11.2.15'),
(5733, 876, '2025-12-09 05:21:50', '10.11.2.220'),
(5734, 877, '2025-12-09 05:34:03', '10.11.3.43'),
(5735, 876, '2025-12-09 05:50:57', '10.11.2.220'),
(5736, 877, '2025-12-09 05:55:54', '10.11.3.43'),
(5737, 853, '2025-12-10 03:41:15', '10.11.0.227'),
(5738, 853, '2025-12-10 03:41:29', '10.11.0.227'),
(5739, 636, '2025-12-10 04:26:42', '10.11.2.150'),
(5740, 636, '2025-12-10 04:26:49', '10.11.2.150'),
(5741, 878, '2025-12-10 04:27:47', '10.11.2.136'),
(5742, 879, '2025-12-10 04:28:16', '10.11.2.150'),
(5743, 880, '2025-12-10 04:29:42', '10.11.2.177'),
(5744, 564, '2025-12-10 04:33:08', '10.11.2.82'),
(5745, 564, '2025-12-10 04:33:15', '10.11.2.82'),
(5746, 856, '2025-12-10 04:34:00', '10.11.2.192'),
(5747, 442, '2025-12-10 05:36:08', '10.11.3.74'),
(5748, 442, '2025-12-10 05:40:06', '10.11.3.74'),
(5749, 442, '2025-12-10 05:41:19', '10.11.3.74'),
(5750, 442, '2025-12-10 05:43:35', '10.11.3.74'),
(5751, 489, '2025-12-10 08:54:38', '10.11.1.162'),
(5752, 759, '2025-12-10 08:55:27', '10.11.1.162'),
(5753, 807, '2025-12-10 09:18:48', '10.11.2.108'),
(5754, 844, '2025-12-10 10:26:40', '10.11.3.109'),
(5755, 844, '2025-12-10 10:26:58', '10.11.3.109'),
(5756, 844, '2025-12-10 10:27:24', '10.11.3.109'),
(5757, 841, '2025-12-10 10:28:25', '10.11.3.106'),
(5758, 844, '2025-12-10 10:29:02', '10.11.3.109'),
(5759, 885, '2025-12-10 10:36:47', '10.11.2.245'),
(5760, 801, '2025-12-11 03:08:10', '10.11.2.35'),
(5761, 801, '2025-12-11 03:08:18', '10.11.2.35'),
(5762, 886, '2025-12-11 03:13:00', '10.11.2.35'),
(5763, 886, '2025-12-11 03:16:54', '10.11.2.49'),
(5764, 886, '2025-12-11 03:37:27', '10.11.2.49'),
(5765, 396, '2025-12-11 04:12:48', '10.11.3.71'),
(5766, 396, '2025-12-11 04:15:02', '10.11.3.71'),
(5767, 396, '2025-12-11 04:15:19', '10.11.3.71'),
(5768, 396, '2025-12-11 04:17:12', '10.11.3.71'),
(5769, 396, '2025-12-11 04:17:18', '10.11.3.71'),
(5770, 396, '2025-12-11 04:18:11', '10.11.3.71'),
(5771, 396, '2025-12-11 04:18:36', '10.11.3.71'),
(5772, 459, '2025-12-11 04:20:36', '10.11.3.72'),
(5773, 459, '2025-12-11 04:20:39', '10.11.3.72'),
(5774, 459, '2025-12-11 04:20:46', '10.11.3.72'),
(5775, 397, '2025-12-11 04:21:37', '10.11.3.85'),
(5776, 396, '2025-12-11 04:21:40', '10.11.3.71'),
(5777, 396, '2025-12-11 04:30:31', '10.11.3.71'),
(5778, 397, '2025-12-11 04:43:41', '10.11.3.85'),
(5779, 397, '2025-12-11 04:44:35', '10.11.3.85'),
(5780, 459, '2025-12-11 04:44:58', '10.11.3.72'),
(5781, 889, '2025-12-11 04:45:13', '10.11.3.71'),
(5782, 459, '2025-12-11 04:45:31', '10.11.3.72'),
(5783, 397, '2025-12-11 04:53:57', '10.11.3.85'),
(5784, 397, '2025-12-11 04:55:13', '10.11.3.85'),
(5785, 397, '2025-12-11 04:55:39', '10.11.3.72'),
(5786, 21, '2025-12-11 05:10:29', '10.11.8.50'),
(5787, 885, '2025-12-11 06:54:40', '10.11.1.234'),
(5788, 885, '2025-12-11 07:36:06', '10.11.1.234'),
(5789, 15, '2025-12-11 08:38:23', '10.11.8.50'),
(5790, 891, '2025-12-11 08:50:09', '10.11.2.175'),
(5791, 885, '2025-12-11 09:25:54', '10.11.1.234'),
(5792, 724, '2025-12-11 10:15:43', '10.11.0.244'),
(5793, 885, '2025-12-12 03:47:46', '10.11.0.231'),
(5794, 867, '2025-12-12 03:56:39', '10.11.1.151'),
(5795, 891, '2025-12-12 04:11:16', '10.11.2.117'),
(5796, 489, '2025-12-12 04:19:29', '10.11.3.215'),
(5797, 759, '2025-12-12 04:20:40', '10.11.3.215'),
(5798, 586, '2025-12-12 04:20:51', '10.11.0.117'),
(5799, 867, '2025-12-12 04:23:41', '10.11.1.151'),
(5800, 885, '2025-12-12 04:26:07', '10.11.0.231'),
(5801, 885, '2025-12-12 04:26:12', '10.11.0.231'),
(5802, 15, '2025-12-12 06:50:33', '10.11.8.50'),
(5803, 15, '2025-12-12 08:31:45', '10.11.8.50'),
(5804, 853, '2025-12-12 09:54:57', '10.11.2.228'),
(5805, 853, '2025-12-12 09:55:16', '10.11.2.228'),
(5806, 853, '2025-12-12 09:55:50', '10.11.2.228'),
(5807, 853, '2025-12-12 09:59:01', '10.11.2.228'),
(5808, 15, '2025-12-15 03:08:20', '10.11.8.50'),
(5809, 15, '2025-12-15 03:08:45', '10.11.8.50'),
(5810, 15, '2025-12-15 03:47:48', '10.11.8.50'),
(5811, 893, '2025-12-15 03:48:12', '10.11.3.207'),
(5812, 600, '2025-12-15 03:50:11', '10.11.8.50'),
(5813, 671, '2025-12-15 03:50:19', '10.11.3.208'),
(5814, 671, '2025-12-15 03:50:28', '10.11.3.208'),
(5815, 671, '2025-12-15 03:50:35', '10.11.3.208'),
(5816, 894, '2025-12-15 03:52:57', '10.11.3.208'),
(5817, 602, '2025-12-15 04:15:03', '10.11.0.163'),
(5818, 397, '2025-12-15 05:10:54', '10.11.0.239'),
(5819, 397, '2025-12-15 05:11:34', '10.11.0.239'),
(5820, 748, '2025-12-15 05:13:04', '10.11.0.244'),
(5821, 397, '2025-12-15 05:16:58', '10.11.0.244'),
(5822, 827, '2025-12-15 05:34:51', '10.11.1.14'),
(5823, 895, '2025-12-15 07:26:52', '10.11.3.122'),
(5824, 856, '2025-12-15 07:31:28', '10.11.3.163'),
(5825, 365, '2025-12-15 07:44:26', '10.11.5.52'),
(5826, 896, '2025-12-15 07:52:58', '10.11.5.53'),
(5827, 896, '2025-12-15 07:55:00', '10.11.5.53'),
(5828, 896, '2025-12-15 07:56:19', '10.11.5.53'),
(5829, 896, '2025-12-15 07:56:35', '10.11.5.53'),
(5830, 897, '2025-12-15 08:15:41', '10.11.3.218'),
(5831, 896, '2025-12-15 08:16:34', '10.11.5.53'),
(5832, 896, '2025-12-15 08:16:46', '10.11.5.53'),
(5833, 365, '2025-12-15 08:22:11', '10.11.5.53'),
(5834, 365, '2025-12-15 08:54:57', '10.11.5.53'),
(5835, 365, '2025-12-15 08:55:33', '10.11.5.53'),
(5836, 896, '2025-12-15 08:56:53', '10.11.5.53'),
(5837, 896, '2025-12-15 08:57:53', '10.11.3.179'),
(5838, 896, '2025-12-15 09:04:21', '10.11.3.179'),
(5839, 870, '2025-12-15 11:08:32', '10.11.1.251'),
(5840, 15, '2025-12-15 11:28:18', '10.11.8.50'),
(5841, 15, '2025-12-15 11:45:28', '10.11.8.50'),
(5842, 15, '2025-12-15 11:52:40', '10.11.8.50'),
(5843, 870, '2025-12-15 11:55:34', '10.11.1.251'),
(5844, 870, '2025-12-15 11:58:16', '10.11.8.50'),
(5845, 870, '2025-12-15 12:02:21', '10.11.1.251'),
(5846, 15, '2025-12-15 12:02:48', '10.11.8.50'),
(5847, 776, '2025-12-15 12:07:50', '10.11.8.50'),
(5848, 872, '2025-12-15 12:10:43', '10.11.8.50'),
(5849, 15, '2025-12-15 12:16:41', '10.11.8.50'),
(5850, 870, '2025-12-15 12:21:29', '10.11.1.251'),
(5851, 15, '2025-12-15 12:28:10', '10.11.8.50'),
(5852, 776, '2025-12-16 03:32:39', '10.11.8.50'),
(5853, 894, '2025-12-16 05:48:47', '10.11.3.217'),
(5854, 579, '2025-12-16 06:14:17', '10.11.2.139'),
(5855, 15, '2025-12-16 07:53:42', '10.11.3.208'),
(5856, 856, '2025-12-16 08:05:33', '10.11.3.226'),
(5857, 895, '2025-12-16 08:54:43', '10.11.0.238'),
(5858, 895, '2025-12-16 08:59:17', '10.11.0.238'),
(5859, 901, '2025-12-16 09:47:28', '10.11.0.175'),
(5860, 901, '2025-12-16 09:58:03', '10.11.0.175'),
(5861, 15, '2025-12-16 14:42:53', '10.11.8.50'),
(5862, 807, '2025-12-17 05:35:55', '10.11.2.236'),
(5863, 833, '2025-12-17 05:47:28', '10.11.2.191'),
(5864, 867, '2025-12-17 07:12:21', '10.11.1.50'),
(5865, 903, '2025-12-17 07:24:44', '10.11.1.50'),
(5866, 15, '2025-12-17 09:00:45', '10.11.8.50'),
(5867, 776, '2025-12-17 09:13:34', '10.11.8.50'),
(5868, 38, '2025-12-17 09:24:50', '10.11.8.50'),
(5869, 15, '2025-12-17 09:33:03', '10.11.8.50'),
(5870, 15, '2025-12-18 04:02:07', '10.11.0.98'),
(5871, 629, '2025-12-18 08:18:24', '10.11.3.139'),
(5872, 904, '2025-12-18 08:20:55', '10.11.3.139'),
(5873, 905, '2025-12-18 12:38:48', '10.11.0.170'),
(5874, 15, '2025-12-18 15:33:03', '10.11.8.50'),
(5875, 15, '2025-12-19 04:45:09', '10.11.8.50'),
(5876, 21, '2025-12-19 09:18:50', '10.11.8.50'),
(5877, 599, '2025-12-19 10:48:57', '10.11.2.121'),
(5878, 599, '2025-12-19 10:49:13', '10.11.2.121'),
(5879, 599, '2025-12-19 10:51:22', '10.11.2.121'),
(5880, 684, '2025-12-22 04:24:43', '10.11.0.228'),
(5881, 15, '2025-12-22 05:19:21', '10.11.8.50'),
(5882, 15, '2025-12-22 05:19:36', '10.11.8.50'),
(5883, 15, '2025-12-22 07:06:15', '10.11.2.243'),
(5884, 865, '2025-12-22 08:05:48', '10.11.1.196'),
(5885, 837, '2025-12-22 08:09:17', '10.11.1.196'),
(5886, 837, '2025-12-22 08:09:28', '10.11.1.196'),
(5887, 907, '2025-12-22 08:10:36', '10.11.1.196'),
(5888, 908, '2025-12-22 08:16:31', '10.11.1.196'),
(5889, 909, '2025-12-22 08:33:35', '10.11.1.204'),
(5890, 908, '2025-12-23 07:52:39', '10.11.3.242'),
(5891, 804, '2025-12-24 11:51:36', '10.11.1.150'),
(5892, 804, '2025-12-24 11:52:05', '10.11.1.150'),
(5893, 804, '2025-12-24 11:52:20', '10.11.1.150'),
(5894, 15, '2025-12-29 04:13:06', '10.11.8.50'),
(5895, 776, '2025-12-29 04:35:18', '10.11.8.50'),
(5896, 776, '2025-12-29 04:36:57', '10.11.8.50'),
(5897, 776, '2025-12-29 11:36:09', '10.11.8.50'),
(5898, 776, '2025-12-29 11:36:51', '10.11.8.50'),
(5899, 776, '2025-12-30 04:21:20', '10.11.8.50'),
(5900, 776, '2025-12-30 08:58:14', '10.11.8.50'),
(5901, 38, '2025-12-30 09:07:36', '10.11.8.50'),
(5902, 7, '2025-12-30 09:09:43', '10.11.8.50'),
(5903, 15, '2025-12-30 09:10:18', '10.11.8.50'),
(5904, 776, '2025-12-30 09:11:06', '10.11.8.50'),
(5905, 7, '2025-12-30 09:11:28', '10.11.8.50'),
(5906, 38, '2025-12-30 09:11:44', '10.11.8.50'),
(5907, 7, '2026-01-02 07:57:23', '10.11.8.50'),
(5908, 910, '2026-01-02 07:58:49', '10.11.8.233'),
(5909, 911, '2026-01-02 08:00:18', '10.11.1.13'),
(5910, 910, '2026-01-02 08:02:13', '10.11.8.233'),
(5911, 910, '2026-01-02 08:02:34', '10.11.8.233'),
(5912, 910, '2026-01-02 08:04:04', '10.11.8.50'),
(5913, 910, '2026-01-02 08:06:07', '10.11.8.233'),
(5914, 910, '2026-01-02 08:14:34', '10.11.8.233'),
(5915, 911, '2026-01-02 08:18:31', '10.11.1.13'),
(5916, 37, '2026-01-02 08:25:47', '10.11.8.50'),
(5917, 911, '2026-01-02 08:29:02', '10.11.1.13'),
(5918, 15, '2026-01-02 08:33:13', '10.11.8.50'),
(5919, 37, '2026-01-02 08:34:36', '10.11.8.50'),
(5920, 910, '2026-01-02 08:37:20', '10.11.8.50'),
(5921, 15, '2026-01-02 08:38:38', '10.11.8.50'),
(5922, 37, '2026-01-02 08:39:01', '10.11.8.50'),
(5923, 910, '2026-01-02 08:39:51', '10.11.8.233'),
(5924, 910, '2026-01-02 08:40:14', '10.11.8.233'),
(5925, 15, '2026-01-02 08:48:39', '10.11.8.50'),
(5926, 37, '2026-01-02 08:50:09', '10.11.8.50'),
(5927, 910, '2026-01-02 08:52:51', '10.11.8.233'),
(5928, 912, '2026-01-02 09:27:31', '10.11.0.255'),
(5929, 7, '2026-01-02 09:27:46', '10.11.0.130'),
(5930, 913, '2026-01-02 09:28:58', '10.11.0.255'),
(5931, 913, '2026-01-02 09:52:35', '10.11.0.255'),
(5932, 913, '2026-01-02 09:53:01', '10.11.0.255'),
(5933, 910, '2026-01-02 10:15:15', '10.11.8.233'),
(5934, 37, '2026-01-02 11:24:21', '10.11.8.50'),
(5935, 776, '2026-01-02 11:25:32', '10.11.8.50'),
(5936, 910, '2026-01-05 01:56:47', '10.11.8.233'),
(5937, 910, '2026-01-05 03:10:58', '10.11.8.233'),
(5938, 910, '2026-01-05 03:11:15', '10.11.8.233'),
(5939, 910, '2026-01-05 03:58:38', '10.11.8.233'),
(5940, 676, '2026-01-05 04:08:26', '10.11.1.224'),
(5941, 676, '2026-01-05 04:08:40', '10.11.1.224'),
(5942, 676, '2026-01-05 04:09:16', '10.11.1.224'),
(5943, 684, '2026-01-05 04:11:35', '10.11.1.225'),
(5944, 676, '2026-01-05 04:13:54', '10.11.1.234'),
(5945, 676, '2026-01-05 04:14:15', '10.11.1.234'),
(5946, 676, '2026-01-05 04:14:35', '10.11.1.234'),
(5947, 676, '2026-01-05 04:16:32', '10.11.1.234'),
(5948, 914, '2026-01-05 04:24:14', '10.11.1.225'),
(5949, 916, '2026-01-05 05:04:43', '10.11.2.25'),
(5950, 916, '2026-01-05 05:09:05', '10.11.2.25'),
(5951, 916, '2026-01-05 05:17:07', '10.11.2.25'),
(5952, 910, '2026-01-05 05:38:31', '10.11.8.233'),
(5953, 916, '2026-01-05 05:40:30', '10.11.2.25'),
(5954, 917, '2026-01-05 05:57:11', '10.11.2.72'),
(5955, 918, '2026-01-05 06:00:37', '10.11.2.55'),
(5956, 15, '2026-01-05 06:10:23', '10.11.8.50'),
(5957, 38, '2026-01-05 06:10:47', '10.11.8.50'),
(5958, 7, '2026-01-05 06:11:14', '10.11.8.50'),
(5959, 38, '2026-01-05 06:12:01', '10.11.8.50'),
(5960, 15, '2026-01-05 06:12:19', '10.11.8.50'),
(5961, 7, '2026-01-05 06:13:53', '10.11.8.50'),
(5962, 686, '2026-01-05 07:13:11', '10.11.2.114'),
(5963, 686, '2026-01-05 07:13:36', '10.11.2.114'),
(5964, 919, '2026-01-05 07:13:37', '10.11.2.22'),
(5965, 920, '2026-01-05 07:13:49', '10.11.2.111'),
(5966, 921, '2026-01-05 07:15:03', '10.11.2.23'),
(5967, 919, '2026-01-05 07:15:04', '10.11.2.22'),
(5968, 921, '2026-01-05 07:16:26', '10.11.2.23'),
(5969, 910, '2026-01-05 07:19:04', '10.11.8.233'),
(5970, 910, '2026-01-05 07:19:11', '10.11.8.233'),
(5971, 921, '2026-01-05 07:23:46', '10.11.2.23'),
(5972, 686, '2026-01-05 07:26:38', '10.11.2.114'),
(5973, 922, '2026-01-05 07:42:02', '10.11.2.23'),
(5974, 923, '2026-01-05 08:15:14', '10.11.2.143'),
(5975, 910, '2026-01-05 08:35:31', '10.11.8.233'),
(5976, 910, '2026-01-05 08:35:39', '10.11.8.233'),
(5977, 924, '2026-01-05 10:06:42', '10.11.2.188'),
(5978, 925, '2026-01-05 10:06:50', '10.11.2.187'),
(5979, 611, '2026-01-05 10:11:53', '10.11.2.190'),
(5980, 611, '2026-01-05 10:12:01', '10.11.2.190'),
(5981, 611, '2026-01-05 10:12:10', '10.11.2.190'),
(5982, 926, '2026-01-05 10:13:12', '10.11.2.190'),
(5983, 926, '2026-01-05 10:35:19', '10.11.2.190'),
(5984, 594, '2026-01-05 12:57:42', '10.11.2.213'),
(5985, 905, '2026-01-05 12:58:28', '10.11.2.215'),
(5986, 905, '2026-01-05 12:58:53', '10.11.2.215'),
(5987, 905, '2026-01-05 12:59:41', '10.11.2.215'),
(5988, 927, '2026-01-05 13:04:35', '10.11.2.216'),
(5989, 905, '2026-01-05 13:09:36', '10.11.2.215'),
(5990, 918, '2026-01-05 13:35:35', '10.11.2.218'),
(5991, 918, '2026-01-05 13:36:52', '10.11.2.218'),
(5992, 928, '2026-01-05 13:56:23', '10.11.2.220'),
(5993, 929, '2026-01-05 13:59:13', '10.11.2.218'),
(5994, 928, '2026-01-05 14:01:31', '10.11.2.219'),
(5995, 928, '2026-01-05 14:04:11', '10.11.2.220'),
(5996, 918, '2026-01-05 14:11:18', '10.11.2.220'),
(5997, 928, '2026-01-05 14:14:24', '10.11.2.220'),
(5998, 928, '2026-01-05 14:35:23', '10.11.2.220'),
(5999, 929, '2026-01-05 14:35:54', '10.11.2.218'),
(6000, 918, '2026-01-05 14:43:33', '10.11.2.218'),
(6001, 918, '2026-01-05 14:43:34', '10.11.2.220'),
(6002, 930, '2026-01-06 00:34:08', '10.11.3.48'),
(6003, 930, '2026-01-06 00:39:58', '10.11.3.48'),
(6004, 910, '2026-01-06 02:06:25', '10.11.8.233'),
(6005, 922, '2026-01-06 05:10:16', '10.11.3.78'),
(6006, 922, '2026-01-06 05:38:18', '10.11.3.78'),
(6007, 922, '2026-01-06 05:54:20', '10.11.3.78'),
(6008, 922, '2026-01-06 06:47:42', '10.11.3.78'),
(6009, 922, '2026-01-06 06:54:10', '10.11.3.78'),
(6010, 924, '2026-01-06 07:54:59', '10.11.3.149'),
(6011, 924, '2026-01-06 08:29:51', '10.11.3.149'),
(6012, 931, '2026-01-06 08:45:43', '10.11.3.163'),
(6013, 910, '2026-01-06 08:51:07', '10.11.8.233'),
(6014, 924, '2026-01-06 09:01:13', '10.11.3.149'),
(6015, 932, '2026-01-06 11:48:39', '10.11.3.207'),
(6016, 932, '2026-01-06 14:43:03', '10.11.3.207'),
(6017, 929, '2026-01-07 03:53:52', '10.11.0.124'),
(6018, 918, '2026-01-07 03:54:57', '10.11.0.124'),
(6019, 929, '2026-01-07 03:56:02', '10.11.0.124'),
(6020, 910, '2026-01-07 03:58:17', '10.11.8.233'),
(6021, 928, '2026-01-07 03:59:57', '10.11.0.124'),
(6022, 928, '2026-01-07 04:00:23', '10.11.0.124'),
(6023, 918, '2026-01-07 04:00:49', '10.11.0.124'),
(6024, 929, '2026-01-07 04:03:30', '10.11.0.124'),
(6025, 7, '2026-01-07 04:08:10', '10.11.8.50'),
(6026, 15, '2026-01-07 04:15:11', '10.11.8.50'),
(6027, 933, '2026-01-07 05:04:16', '10.11.0.158'),
(6028, 910, '2026-01-07 05:04:49', '10.11.8.233'),
(6029, 910, '2026-01-07 05:05:00', '10.11.8.233'),
(6030, 932, '2026-01-07 12:07:39', '10.11.1.27'),
(6031, 932, '2026-01-07 12:12:19', '10.11.1.27'),
(6032, 932, '2026-01-07 12:15:51', '10.11.1.27'),
(6033, 934, '2026-01-07 12:49:06', '10.11.1.32'),
(6034, 910, '2026-01-08 02:53:22', '10.11.8.233'),
(6035, 15, '2026-01-08 02:56:50', '10.11.8.50'),
(6036, 7, '2026-01-08 03:11:06', '10.11.8.50'),
(6037, 935, '2026-01-08 03:11:54', '10.11.1.167'),
(6038, 935, '2026-01-08 03:13:47', '10.11.1.167'),
(6039, 15, '2026-01-08 03:22:57', '10.11.8.50'),
(6040, 910, '2026-01-08 03:31:57', '10.11.8.233'),
(6041, 926, '2026-01-08 04:39:33', '10.11.2.110'),
(6042, 936, '2026-01-08 04:50:13', '10.11.2.127'),
(6043, 849, '2026-01-08 05:03:13', '10.11.2.137'),
(6044, 849, '2026-01-08 05:03:20', '10.11.2.137'),
(6045, 937, '2026-01-08 05:08:41', '10.11.2.135'),
(6046, 938, '2026-01-08 05:09:54', '10.11.2.138'),
(6047, 926, '2026-01-08 05:10:35', '10.11.2.132'),
(6048, 609, '2026-01-08 05:15:13', '10.11.2.133'),
(6049, 849, '2026-01-08 05:18:51', '10.11.2.137'),
(6050, 849, '2026-01-08 05:19:06', '10.11.2.137'),
(6051, 937, '2026-01-08 05:27:23', '10.11.2.135'),
(6052, 938, '2026-01-08 05:27:26', '10.11.2.138'),
(6053, 684, '2026-01-08 05:29:12', '10.11.2.158'),
(6054, 940, '2026-01-08 05:31:19', '10.11.2.135'),
(6055, 609, '2026-01-08 05:34:48', '10.11.2.133'),
(6056, 937, '2026-01-08 05:39:22', '10.11.2.135'),
(6057, 941, '2026-01-08 05:53:33', '10.11.2.137'),
(6058, 15, '2026-01-08 07:27:58', '10.11.8.50'),
(6059, 942, '2026-01-08 07:29:51', '10.11.2.251'),
(6060, 943, '2026-01-08 07:30:42', '10.11.2.181'),
(6061, 37, '2026-01-08 07:31:14', '10.11.8.50'),
(6062, 897, '2026-01-08 07:44:00', '10.11.3.2'),
(6063, 897, '2026-01-08 07:44:14', '10.11.3.2'),
(6064, 920, '2026-01-08 07:44:24', '10.11.2.251'),
(6065, 37, '2026-01-08 08:06:17', '10.11.8.50'),
(6066, 944, '2026-01-08 08:07:44', '10.11.2.251'),
(6067, 910, '2026-01-08 08:21:29', '10.11.8.233'),
(6068, 37, '2026-01-08 08:35:54', '10.11.8.50'),
(6069, 37, '2026-01-08 08:36:10', '10.11.8.50'),
(6070, 37, '2026-01-08 08:36:52', '10.11.8.50'),
(6071, 37, '2026-01-08 08:37:45', '10.11.8.50'),
(6072, 37, '2026-01-08 08:38:38', '10.11.8.50'),
(6073, 37, '2026-01-08 08:39:24', '10.11.8.50'),
(6074, 15, '2026-01-08 09:10:06', '10.11.8.50'),
(6075, 910, '2026-01-09 05:25:18', '10.11.8.233'),
(6076, 920, '2026-01-09 05:26:03', '10.11.0.227'),
(6077, 920, '2026-01-09 05:28:02', '10.11.0.227'),
(6078, 945, '2026-01-09 05:31:19', '10.11.0.244'),
(6079, 945, '2026-01-09 05:32:06', '10.11.0.244'),
(6080, 919, '2026-01-09 05:32:23', '10.11.0.221'),
(6081, 946, '2026-01-09 05:36:46', '10.11.0.222'),
(6082, 920, '2026-01-09 05:50:19', '10.11.0.220'),
(6083, 942, '2026-01-09 05:51:03', '10.11.0.220'),
(6084, 946, '2026-01-09 05:53:53', '10.11.0.215'),
(6085, 945, '2026-01-09 05:58:26', '10.11.0.244'),
(6086, 919, '2026-01-09 05:58:33', '10.11.0.221'),
(6087, 920, '2026-01-09 05:58:37', '10.11.0.227'),
(6088, 945, '2026-01-09 05:58:38', '10.11.0.244'),
(6089, 920, '2026-01-09 05:59:21', '10.11.0.227'),
(6090, 920, '2026-01-09 05:59:57', '10.11.0.227'),
(6091, 947, '2026-01-09 06:24:29', '10.11.0.202'),
(6092, 919, '2026-01-09 06:43:33', '10.11.0.221'),
(6093, 919, '2026-01-09 06:43:55', '10.11.0.221'),
(6094, 919, '2026-01-09 06:45:13', '10.11.0.221'),
(6095, 947, '2026-01-09 06:56:24', '10.11.0.202'),
(6096, 910, '2026-01-09 07:36:57', '10.11.8.233'),
(6097, 926, '2026-01-09 07:37:03', '10.11.2.132'),
(6098, 933, '2026-01-09 08:22:04', '10.11.0.171'),
(6099, 948, '2026-01-09 08:45:08', '10.11.1.9'),
(6100, 948, '2026-01-09 08:49:23', '10.11.1.9'),
(6101, 948, '2026-01-09 09:12:39', '10.11.1.9'),
(6102, 926, '2026-01-09 09:44:01', '10.11.2.132'),
(6103, 949, '2026-01-09 10:31:24', '10.11.1.32'),
(6104, 950, '2026-01-09 10:32:44', '10.11.1.31'),
(6105, 949, '2026-01-09 10:32:48', '10.11.1.32'),
(6106, 951, '2026-01-11 06:51:59', '10.11.1.152'),
(6107, 15, '2026-01-12 04:24:51', '10.11.8.50'),
(6108, 934, '2026-01-12 04:24:57', '10.11.2.22'),
(6109, 934, '2026-01-12 04:25:07', '10.11.2.22'),
(6110, 910, '2026-01-12 04:37:51', '10.11.8.233'),
(6111, 934, '2026-01-12 04:49:32', '10.11.2.22'),
(6112, 21, '2026-01-12 05:37:15', '10.11.21.22'),
(6113, 952, '2026-01-12 05:44:35', '10.11.2.73'),
(6114, 943, '2026-01-12 05:56:44', '10.11.2.80'),
(6115, 952, '2026-01-12 06:17:10', '10.11.2.73'),
(6116, 952, '2026-01-12 06:17:23', '10.11.2.73'),
(6117, 943, '2026-01-12 06:32:55', '10.11.2.80'),
(6118, 952, '2026-01-12 06:39:37', '10.11.2.73'),
(6119, 943, '2026-01-12 06:48:56', '10.11.2.80'),
(6120, 943, '2026-01-12 06:49:09', '10.11.2.80'),
(6121, 7, '2026-01-12 07:06:59', '10.11.8.50'),
(6122, 953, '2026-01-12 07:07:44', '10.11.8.50'),
(6123, 943, '2026-01-12 07:12:34', '10.11.2.80'),
(6124, 926, '2026-01-12 07:14:48', '10.11.2.61'),
(6125, 926, '2026-01-12 07:23:50', '10.11.2.61'),
(6126, 15, '2026-01-12 07:25:43', '10.11.8.50'),
(6127, 954, '2026-01-12 07:27:33', '10.11.2.73'),
(6128, 954, '2026-01-12 07:28:26', '10.11.2.73'),
(6129, 735, '2026-01-12 07:29:40', '10.11.2.130'),
(6130, 955, '2026-01-12 07:30:07', '10.11.2.136'),
(6131, 953, '2026-01-12 07:33:10', '10.11.8.50'),
(6132, 956, '2026-01-12 07:40:48', '10.11.2.95'),
(6133, 926, '2026-01-12 07:42:24', '10.11.2.61'),
(6134, 910, '2026-01-12 07:43:19', '10.11.8.233'),
(6135, 954, '2026-01-12 07:58:58', '10.11.2.73'),
(6136, 37, '2026-01-12 07:59:53', '10.11.8.50'),
(6137, 910, '2026-01-12 08:03:52', '10.11.8.233'),
(6138, 952, '2026-01-12 08:09:31', '10.11.2.73'),
(6139, 954, '2026-01-12 08:15:04', '10.11.2.73'),
(6140, 952, '2026-01-12 08:16:30', '10.11.2.73'),
(6141, 628, '2026-01-12 08:18:45', '10.11.2.100'),
(6142, 628, '2026-01-12 08:21:05', '10.11.2.100'),
(6143, 628, '2026-01-12 08:22:48', '10.11.2.100'),
(6144, 628, '2026-01-12 08:27:53', '10.11.2.100'),
(6145, 926, '2026-01-12 09:26:59', '10.11.2.61'),
(6146, 24, '2026-01-12 09:47:46', '10.11.8.223'),
(6147, 7, '2026-01-12 09:50:51', '10.11.1.227'),
(6148, 957, '2026-01-12 10:00:46', '10.11.8.223'),
(6149, 9, '2026-01-12 10:03:22', '10.11.8.223'),
(6150, 910, '2026-01-12 10:03:37', '10.11.8.233'),
(6151, 957, '2026-01-12 10:03:58', '10.11.8.223'),
(6152, 957, '2026-01-12 10:08:38', '10.11.8.223'),
(6153, 9, '2026-01-12 10:09:00', '10.11.8.223'),
(6154, 910, '2026-01-12 10:11:23', '10.11.8.223'),
(6155, 9, '2026-01-12 10:14:00', '10.11.8.223'),
(6156, 38, '2026-01-12 11:44:10', '10.11.8.50'),
(6157, 15, '2026-01-12 14:18:53', '10.11.8.50'),
(6158, 15, '2026-01-12 14:26:34', '10.11.8.50'),
(6159, 37, '2026-01-12 14:28:46', '10.11.8.50'),
(6160, 15, '2026-01-12 14:33:54', '10.11.4.173'),
(6161, 910, '2026-01-13 01:56:01', '10.11.8.233'),
(6162, 910, '2026-01-13 04:20:16', '10.11.8.233'),
(6163, 958, '2026-01-13 04:43:04', '10.11.3.111'),
(6164, 958, '2026-01-13 04:43:22', '10.11.3.111'),
(6165, 921, '2026-01-13 04:43:47', '10.11.3.87'),
(6166, 959, '2026-01-13 04:44:50', '10.11.3.116'),
(6167, 959, '2026-01-13 04:45:32', '10.11.3.116'),
(6168, 959, '2026-01-13 04:52:27', '10.11.3.116'),
(6169, 960, '2026-01-13 04:55:20', '10.11.3.112'),
(6170, 624, '2026-01-13 05:44:03', '10.11.3.160'),
(6171, 624, '2026-01-13 05:44:35', '10.11.3.160'),
(6172, 623, '2026-01-13 05:44:38', '10.11.3.161'),
(6173, 624, '2026-01-13 05:44:45', '10.11.3.160'),
(6174, 624, '2026-01-13 05:45:47', '10.11.3.160'),
(6175, 961, '2026-01-13 05:46:49', '10.11.3.159'),
(6176, 623, '2026-01-13 05:47:39', '10.11.3.160'),
(6177, 624, '2026-01-13 05:48:07', '10.11.3.163'),
(6178, 623, '2026-01-13 05:49:45', '10.11.3.160'),
(6179, 624, '2026-01-13 06:40:55', '10.11.3.163'),
(6180, 947, '2026-01-13 06:45:54', '10.11.3.185'),
(6181, 623, '2026-01-13 07:01:29', '10.11.3.160'),
(6182, 624, '2026-01-13 07:03:49', '10.11.3.163'),
(6183, 910, '2026-01-13 07:24:49', '10.11.8.233'),
(6184, 961, '2026-01-13 07:41:47', '10.11.3.159'),
(6185, 961, '2026-01-13 07:41:58', '10.11.3.159'),
(6186, 964, '2026-01-13 07:42:20', '10.11.3.213'),
(6187, 961, '2026-01-13 07:43:44', '10.11.3.159'),
(6188, 910, '2026-01-13 07:54:55', '10.11.8.233'),
(6189, 961, '2026-01-13 07:58:13', '10.11.3.159'),
(6190, 965, '2026-01-13 08:05:20', '10.11.3.224'),
(6191, 965, '2026-01-13 08:05:21', '10.11.3.224'),
(6192, 966, '2026-01-13 08:05:55', '10.11.3.223'),
(6193, 965, '2026-01-13 08:06:00', '10.11.3.224'),
(6194, 966, '2026-01-13 08:06:12', '10.11.3.223'),
(6195, 910, '2026-01-13 08:28:30', '10.11.8.233'),
(6196, 15, '2026-01-13 09:27:33', '10.11.3.217'),
(6197, 37, '2026-01-13 09:27:57', '10.11.3.217'),
(6198, 910, '2026-01-13 09:54:11', '10.11.8.233'),
(6199, 38, '2026-01-13 14:00:39', '10.11.8.50'),
(6200, 961, '2026-01-13 14:37:27', '10.11.8.50'),
(6201, 38, '2026-01-13 14:48:15', '10.11.8.50'),
(6202, 964, '2026-01-13 14:51:10', '10.11.8.50'),
(6203, 37, '2026-01-13 14:53:40', '10.11.8.50'),
(6204, 15, '2026-01-13 14:55:00', '10.11.8.50'),
(6205, 37, '2026-01-13 14:56:54', '10.11.8.50'),
(6206, 910, '2026-01-13 15:12:07', '10.11.8.50'),
(6207, 37, '2026-01-13 15:23:34', '10.11.4.171'),
(6208, 37, '2026-01-13 15:35:16', '10.11.4.171'),
(6209, 967, '2026-01-14 02:58:37', '10.11.0.133'),
(6210, 919, '2026-01-14 03:47:28', '10.11.0.180'),
(6211, 968, '2026-01-14 04:13:14', '10.11.0.196'),
(6212, 969, '2026-01-14 04:31:33', '10.11.0.205'),
(6213, 969, '2026-01-14 04:32:31', '10.11.0.205'),
(6214, 970, '2026-01-14 04:49:11', '10.11.0.214'),
(6215, 972, '2026-01-14 04:50:24', '10.11.0.216'),
(6216, 971, '2026-01-14 04:55:33', '10.11.0.201'),
(6217, 969, '2026-01-14 04:55:59', '10.11.0.205'),
(6218, 38, '2026-01-14 05:01:10', '10.11.8.50'),
(6219, 972, '2026-01-14 05:01:51', '10.11.8.50'),
(6220, 972, '2026-01-14 05:02:07', '10.11.0.216'),
(6221, 971, '2026-01-14 05:15:03', '10.11.0.201'),
(6222, 910, '2026-01-14 05:24:31', '10.11.8.233'),
(6223, 910, '2026-01-14 06:07:00', '10.11.8.233'),
(6224, 910, '2026-01-14 07:24:48', '10.11.8.233'),
(6225, 975, '2026-01-14 08:15:52', '10.11.1.42'),
(6226, 976, '2026-01-14 08:16:10', '10.11.1.40'),
(6227, 978, '2026-01-14 08:16:37', '10.11.1.43'),
(6228, 977, '2026-01-14 08:16:48', '10.11.1.39'),
(6229, 978, '2026-01-14 08:17:23', '10.11.1.43'),
(6230, 978, '2026-01-14 08:17:48', '10.11.1.43'),
(6231, 977, '2026-01-14 08:18:00', '10.11.1.39'),
(6232, 977, '2026-01-14 08:19:24', '10.11.1.39'),
(6233, 975, '2026-01-14 08:21:44', '10.11.1.42'),
(6234, 910, '2026-01-14 08:38:24', '10.11.8.233'),
(6235, 910, '2026-01-14 09:32:23', '10.11.8.233'),
(6236, 15, '2026-01-14 14:10:45', '10.11.8.50'),
(6237, 38, '2026-01-14 14:11:09', '10.11.8.50'),
(6238, 15, '2026-01-14 14:19:39', '10.11.8.50'),
(6239, 38, '2026-01-14 14:19:46', '10.11.8.50'),
(6240, 15, '2026-01-14 14:53:55', '10.11.8.50'),
(6241, 38, '2026-01-14 14:57:41', '10.11.3.217'),
(6242, 910, '2026-01-15 03:22:46', '10.11.8.233'),
(6243, 957, '2026-01-15 03:33:32', '10.11.8.223'),
(6244, 24, '2026-01-15 03:34:41', '10.11.8.223'),
(6245, 9, '2026-01-15 03:36:08', '10.11.8.223'),
(6246, 957, '2026-01-15 03:41:59', '10.11.8.223'),
(6247, 953, '2026-01-15 03:42:44', '10.11.8.223'),
(6248, 957, '2026-01-15 03:45:51', '10.11.8.223'),
(6249, 979, '2026-01-15 03:48:39', '10.11.8.223'),
(6250, 979, '2026-01-15 03:50:47', '10.11.8.223'),
(6251, 979, '2026-01-15 03:51:13', '10.11.8.223'),
(6252, 960, '2026-01-15 04:15:34', '10.11.1.202'),
(6253, 959, '2026-01-15 04:17:45', '10.11.1.201'),
(6254, 960, '2026-01-15 04:48:41', '10.11.1.202'),
(6255, 960, '2026-01-15 04:49:12', '10.11.1.202'),
(6256, 965, '2026-01-15 04:56:07', '10.11.1.227'),
(6257, 965, '2026-01-15 04:57:33', '10.11.1.227'),
(6258, 628, '2026-01-15 04:57:40', '10.11.1.244'),
(6259, 910, '2026-01-15 05:04:53', '10.11.8.233'),
(6260, 38, '2026-01-15 05:15:25', '10.11.8.50'),
(6261, 965, '2026-01-15 05:15:28', '10.11.1.227'),
(6262, 624, '2026-01-15 05:19:11', '10.11.2.18'),
(6263, 624, '2026-01-15 05:19:30', '10.11.2.18'),
(6264, 623, '2026-01-15 05:19:34', '10.11.2.19'),
(6265, 919, '2026-01-15 05:28:46', '10.11.2.31'),
(6266, 919, '2026-01-15 05:29:40', '10.11.2.31'),
(6267, 624, '2026-01-15 05:34:23', '10.11.2.18'),
(6268, 628, '2026-01-15 05:37:41', '10.11.1.244'),
(6269, 910, '2026-01-15 05:38:18', '10.11.8.233'),
(6270, 442, '2026-01-15 05:39:36', '10.11.2.9'),
(6271, 624, '2026-01-15 05:42:55', '10.11.2.18'),
(6272, 442, '2026-01-15 05:45:20', '10.11.2.9'),
(6273, 624, '2026-01-15 05:47:40', '10.11.2.18'),
(6274, 624, '2026-01-15 06:09:57', '10.11.2.18'),
(6275, 37, '2026-01-15 07:05:59', '10.11.8.50'),
(6276, 38, '2026-01-15 07:08:16', '10.11.8.50'),
(6277, 38, '2026-01-15 07:09:05', '10.11.8.50'),
(6278, 38, '2026-01-15 07:13:09', '10.11.8.50'),
(6279, 936, '2026-01-15 07:13:54', '10.11.2.69'),
(6280, 37, '2026-01-15 07:15:41', '10.11.8.50'),
(6281, 910, '2026-01-15 07:22:07', '10.11.8.233'),
(6282, 910, '2026-01-15 07:22:32', '10.11.8.233'),
(6283, 910, '2026-01-15 07:26:01', '10.11.8.233'),
(6284, 936, '2026-01-15 07:34:58', '10.11.2.69'),
(6285, 982, '2026-01-15 07:35:49', '10.11.2.99'),
(6286, 940, '2026-01-15 07:47:29', '10.11.2.69'),
(6287, 910, '2026-01-15 08:01:47', '10.11.8.233'),
(6288, 37, '2026-01-15 08:03:51', '10.11.4.243'),
(6289, 37, '2026-01-15 08:07:55', '10.11.8.50'),
(6290, 37, '2026-01-15 08:16:09', '10.11.4.243'),
(6291, 15, '2026-01-15 08:27:04', '10.11.8.50'),
(6292, 952, '2026-01-15 08:45:07', '10.11.2.161'),
(6293, 947, '2026-01-15 08:45:16', '10.11.2.160'),
(6294, 920, '2026-01-15 08:47:36', '10.11.2.159'),
(6295, 979, '2026-01-15 09:08:46', '10.11.8.223'),
(6296, 979, '2026-01-15 09:56:52', '10.11.8.223'),
(6297, 910, '2026-01-15 10:06:43', '10.11.8.233'),
(6298, 910, '2026-01-15 10:06:48', '10.11.8.233'),
(6299, 910, '2026-01-15 10:07:11', '10.11.8.233'),
(6300, 910, '2026-01-15 10:08:06', '10.11.8.233'),
(6301, 910, '2026-01-15 10:27:06', '10.11.8.233'),
(6302, 910, '2026-01-19 02:45:03', '10.11.8.233'),
(6303, 37, '2026-01-19 02:52:27', '10.11.8.50'),
(6304, 15, '2026-01-19 02:56:15', '10.11.8.50'),
(6305, 37, '2026-01-19 02:59:05', '10.11.8.50'),
(6306, 15, '2026-01-19 03:29:10', '10.11.8.50'),
(6307, 982, '2026-01-19 03:39:53', '10.11.1.20'),
(6308, 983, '2026-01-19 03:41:40', '10.11.1.18'),
(6309, 984, '2026-01-19 03:41:47', '10.11.1.19'),
(6310, 37, '2026-01-19 03:51:36', '10.11.8.50'),
(6311, 985, '2026-01-19 03:53:35', '10.11.1.22'),
(6312, 986, '2026-01-19 04:11:25', '10.11.1.25'),
(6313, 910, '2026-01-19 04:21:08', '10.11.8.233'),
(6314, 987, '2026-01-19 06:36:25', '10.11.1.70'),
(6315, 15, '2026-01-19 06:48:57', '10.11.8.50'),
(6316, 988, '2026-01-19 07:03:18', '10.11.1.89'),
(6317, 910, '2026-01-19 07:03:44', '10.11.8.233'),
(6318, 989, '2026-01-19 07:21:33', '10.11.1.97'),
(6319, 972, '2026-01-19 07:21:48', '10.11.1.163'),
(6320, 989, '2026-01-19 07:22:00', '10.11.1.97'),
(6321, 990, '2026-01-19 07:23:13', '10.11.1.76'),
(6322, 990, '2026-01-19 07:26:40', '10.11.1.76'),
(6323, 991, '2026-01-19 07:48:16', '10.11.1.53'),
(6324, 991, '2026-01-19 08:12:37', '10.11.1.53'),
(6325, 992, '2026-01-19 09:47:49', '10.11.1.225'),
(6326, 992, '2026-01-19 09:49:14', '10.11.1.225'),
(6327, 992, '2026-01-19 09:50:26', '10.11.1.225'),
(6328, 992, '2026-01-19 10:04:11', '10.11.1.227'),
(6329, 744, '2026-01-19 11:28:19', '10.11.2.16'),
(6330, 744, '2026-01-19 11:29:45', '10.11.2.16'),
(6331, 910, '2026-01-20 02:53:27', '10.11.8.233'),
(6332, 926, '2026-01-20 03:03:42', '10.11.0.254'),
(6333, 990, '2026-01-20 03:05:45', '10.11.2.155'),
(6334, 972, '2026-01-20 03:12:35', '10.11.2.156'),
(6335, 15, '2026-01-20 03:14:12', '10.11.8.50'),
(6336, 990, '2026-01-20 03:56:02', '10.11.2.155'),
(6337, 15, '2026-01-20 04:26:19', '10.11.8.50'),
(6338, 969, '2026-01-20 04:39:56', '10.11.2.243'),
(6339, 885, '2026-01-20 04:49:19', '10.11.2.215'),
(6340, 885, '2026-01-20 04:50:15', '10.11.2.215'),
(6341, 885, '2026-01-20 04:54:19', '10.11.2.215'),
(6342, 885, '2026-01-20 04:55:12', '10.11.2.215'),
(6343, 995, '2026-01-20 05:01:46', '10.11.3.2'),
(6344, 995, '2026-01-20 05:03:01', '10.11.3.2'),
(6345, 995, '2026-01-20 05:03:31', '10.11.3.2'),
(6346, 952, '2026-01-20 05:10:27', '10.11.3.21'),
(6347, 996, '2026-01-20 05:10:28', '10.11.3.6'),
(6348, 969, '2026-01-20 05:15:28', '10.11.2.243'),
(6349, 996, '2026-01-20 05:19:28', '10.11.3.4'),
(6350, 952, '2026-01-20 05:19:50', '10.11.3.21'),
(6351, 946, '2026-01-20 05:28:06', '10.11.3.18'),
(6352, 946, '2026-01-20 05:29:31', '10.11.3.38'),
(6353, 996, '2026-01-20 05:52:51', '10.11.3.6'),
(6354, 885, '2026-01-20 05:56:33', '10.11.2.215'),
(6355, 969, '2026-01-20 06:15:33', '10.11.2.243'),
(6356, 996, '2026-01-20 06:17:16', '10.11.3.6'),
(6357, 946, '2026-01-20 06:32:29', '10.11.3.38'),
(6358, 938, '2026-01-20 06:47:01', '10.11.3.104'),
(6359, 922, '2026-01-20 06:47:40', '10.11.3.115'),
(6360, 958, '2026-01-20 06:51:31', '10.11.3.104'),
(6361, 931, '2026-01-20 07:01:24', '10.11.3.130'),
(6362, 997, '2026-01-20 07:03:04', '10.11.3.129'),
(6363, 997, '2026-01-20 07:03:59', '10.11.3.129'),
(6364, 931, '2026-01-20 07:04:16', '10.11.3.130'),
(6365, 997, '2026-01-20 07:05:26', '10.11.3.129'),
(6366, 998, '2026-01-20 07:05:32', '10.11.3.131'),
(6367, 938, '2026-01-20 07:06:15', '10.11.3.104'),
(6368, 919, '2026-01-20 07:07:23', '10.11.3.132'),
(6369, 922, '2026-01-20 07:07:33', '10.11.3.115'),
(6370, 910, '2026-01-20 07:10:29', '10.11.8.233'),
(6371, 999, '2026-01-20 07:12:52', '10.11.3.132'),
(6372, 997, '2026-01-20 07:16:23', '10.11.3.129'),
(6373, 998, '2026-01-20 07:17:04', '10.11.3.131'),
(6374, 1000, '2026-01-20 07:18:56', '10.11.3.21'),
(6375, 995, '2026-01-20 07:18:57', '10.11.3.2'),
(6376, 998, '2026-01-20 07:18:58', '10.11.3.131'),
(6377, 995, '2026-01-20 07:19:43', '10.11.3.2'),
(6378, 989, '2026-01-20 07:27:25', '10.11.3.144'),
(6379, 989, '2026-01-20 07:27:59', '10.11.3.144'),
(6380, 1001, '2026-01-20 07:28:54', '10.11.3.142'),
(6381, 1002, '2026-01-20 07:30:06', '10.11.3.145'),
(6382, 989, '2026-01-20 07:31:35', '10.11.3.144'),
(6383, 1002, '2026-01-20 07:47:55', '10.11.3.145'),
(6384, 989, '2026-01-20 07:55:21', '10.11.3.144'),
(6385, 1002, '2026-01-20 07:57:51', '10.11.3.145'),
(6386, 1002, '2026-01-20 07:58:18', '10.11.3.145'),
(6387, 1002, '2026-01-20 07:59:05', '10.11.3.145'),
(6388, 15, '2026-01-20 08:17:41', '10.11.8.50'),
(6389, 37, '2026-01-20 08:23:44', '10.11.8.50'),
(6390, 21, '2026-01-20 08:28:40', '10.11.8.50'),
(6391, 37, '2026-01-20 09:19:00', '10.11.8.50'),
(6392, 37, '2026-01-20 09:20:25', '10.11.8.50'),
(6393, 991, '2026-01-20 10:22:35', '10.11.3.225'),
(6394, 991, '2026-01-20 10:25:12', '10.11.3.227'),
(6395, 37, '2026-01-20 15:20:34', '10.11.8.50'),
(6396, 910, '2026-01-21 03:05:59', '10.11.8.233'),
(6397, 1003, '2026-01-21 03:22:21', '10.11.0.137'),
(6398, 1003, '2026-01-21 03:22:24', '10.11.0.137'),
(6399, 1003, '2026-01-21 03:23:04', '10.11.0.137'),
(6400, 988, '2026-01-21 03:23:57', '10.11.0.184'),
(6401, 910, '2026-01-21 03:39:37', '10.11.8.233'),
(6402, 37, '2026-01-21 03:48:09', '10.11.8.50'),
(6403, 942, '2026-01-21 04:01:30', '10.11.0.214'),
(6404, 944, '2026-01-21 04:01:44', '10.11.0.215'),
(6405, 910, '2026-01-21 04:03:47', '10.11.8.233'),
(6406, 944, '2026-01-21 04:05:43', '10.11.0.217'),
(6407, 15, '2026-01-21 04:09:45', '10.11.8.50'),
(6408, 37, '2026-01-21 04:10:36', '10.11.8.50'),
(6409, 942, '2026-01-21 04:13:31', '10.11.0.211'),
(6410, 1004, '2026-01-21 04:18:03', '10.11.0.224'),
(6411, 1005, '2026-01-21 04:18:05', '10.11.0.225'),
(6412, 438, '2026-01-21 04:26:36', '10.11.0.151'),
(6413, 438, '2026-01-21 04:27:37', '10.11.0.151'),
(6414, 438, '2026-01-21 04:27:57', '10.11.0.151'),
(6415, 438, '2026-01-21 04:28:21', '10.11.0.151'),
(6416, 438, '2026-01-21 04:31:05', '10.11.0.151'),
(6417, 15, '2026-01-21 04:31:34', '10.11.0.151'),
(6418, 438, '2026-01-21 04:33:24', '10.11.0.151'),
(6419, 1005, '2026-01-21 04:50:20', '10.11.0.225'),
(6420, 1004, '2026-01-21 04:50:57', '10.11.0.224'),
(6421, 679, '2026-01-21 04:51:49', '10.11.0.254'),
(6422, 1005, '2026-01-21 04:52:02', '10.11.0.225'),
(6423, 679, '2026-01-21 04:52:09', '10.11.0.254'),
(6424, 437, '2026-01-21 04:52:30', '10.11.0.242'),
(6425, 679, '2026-01-21 04:52:59', '10.11.0.254'),
(6426, 679, '2026-01-21 04:57:27', '10.11.0.254'),
(6427, 438, '2026-01-21 04:57:59', '10.11.0.151'),
(6428, 437, '2026-01-21 05:01:13', '10.11.0.242'),
(6429, 988, '2026-01-21 05:02:47', '10.11.0.184'),
(6430, 15, '2026-01-21 05:03:49', '10.11.8.50'),
(6431, 679, '2026-01-21 05:03:51', '10.11.0.254'),
(6432, 910, '2026-01-21 05:44:56', '10.11.8.233'),
(6433, 1007, '2026-01-21 05:56:15', '10.11.1.43'),
(6434, 1007, '2026-01-21 05:56:29', '10.11.1.43'),
(6435, 1007, '2026-01-21 06:12:08', '10.11.1.43'),
(6436, 1007, '2026-01-21 06:12:13', '10.11.1.43'),
(6437, 1007, '2026-01-21 06:33:25', '10.11.1.43'),
(6438, 1007, '2026-01-21 06:33:27', '10.11.1.43'),
(6439, 1007, '2026-01-21 06:38:25', '10.11.1.43'),
(6440, 37, '2026-01-21 06:42:52', '10.11.8.50'),
(6441, 38, '2026-01-21 06:47:28', '10.11.8.50'),
(6442, 1001, '2026-01-21 07:10:59', '10.11.1.87'),
(6443, 1001, '2026-01-21 07:11:01', '10.11.1.87'),
(6444, 1001, '2026-01-21 07:12:08', '10.11.1.87'),
(6445, 989, '2026-01-21 07:12:10', '10.11.1.88'),
(6446, 910, '2026-01-21 07:57:21', '10.11.8.233'),
(6447, 1008, '2026-01-21 08:58:20', '10.11.1.143'),
(6448, 1008, '2026-01-21 08:58:21', '10.11.1.143'),
(6449, 1009, '2026-01-21 08:59:56', '10.11.1.144'),
(6450, 1009, '2026-01-21 09:03:08', '10.11.1.144'),
(6451, 979, '2026-01-21 09:06:41', '10.11.8.223'),
(6452, 1009, '2026-01-21 09:39:43', '10.11.1.144'),
(6453, 1009, '2026-01-21 09:40:40', '10.11.1.144'),
(6454, 1009, '2026-01-21 09:40:58', '10.11.1.144'),
(6455, 1009, '2026-01-21 09:43:06', '10.11.1.144'),
(6456, 910, '2026-01-21 09:46:52', '10.11.8.233'),
(6457, 910, '2026-01-21 09:47:06', '10.11.8.233'),
(6458, 1008, '2026-01-21 09:49:13', '10.11.1.143'),
(6459, 643, '2026-01-21 10:22:34', '10.11.1.170'),
(6460, 643, '2026-01-21 10:22:50', '10.11.1.170'),
(6461, 643, '2026-01-21 10:23:06', '10.11.1.170'),
(6462, 37, '2026-01-21 11:26:06', '10.11.8.50'),
(6463, 7, '2026-01-21 11:28:52', '10.11.8.50'),
(6464, 979, '2026-01-22 03:07:21', '10.11.2.237'),
(6465, 1010, '2026-01-22 03:09:38', '10.11.2.117'),
(6466, 910, '2026-01-22 03:23:42', '10.11.8.233'),
(6467, 910, '2026-01-22 03:41:04', '10.11.8.233'),
(6468, 1010, '2026-01-22 04:27:53', '10.11.2.117'),
(6469, 983, '2026-01-22 04:51:55', '10.11.2.238'),
(6470, 982, '2026-01-22 04:55:29', '10.11.2.238'),
(6471, 37, '2026-01-22 05:02:15', '10.11.8.50'),
(6472, 7, '2026-01-22 05:04:20', '10.11.8.50'),
(6473, 983, '2026-01-22 05:04:38', '10.11.2.238'),
(6474, 15, '2026-01-22 05:04:49', '10.11.8.50'),
(6475, 1011, '2026-01-22 05:13:47', '10.11.2.253'),
(6476, 1012, '2026-01-22 05:13:57', '10.11.2.254'),
(6477, 910, '2026-01-22 05:18:56', '10.11.8.233'),
(6478, 1013, '2026-01-22 05:37:24', '10.11.3.17'),
(6479, 910, '2026-01-22 07:20:22', '10.11.8.233'),
(6480, 1002, '2026-01-22 07:25:59', '10.11.3.94'),
(6481, 989, '2026-01-22 07:27:11', '10.11.3.96'),
(6482, 1014, '2026-01-22 07:28:14', '10.11.3.95'),
(6483, 989, '2026-01-22 07:44:10', '10.11.3.96'),
(6484, 910, '2026-01-22 07:47:56', '10.11.8.233'),
(6485, 1015, '2026-01-22 07:52:05', '10.11.3.107'),
(6486, 643, '2026-01-22 07:55:43', '10.11.2.201'),
(6487, 1015, '2026-01-22 08:06:15', '10.11.3.107'),
(6488, 1017, '2026-01-22 08:06:19', '10.11.3.113'),
(6489, 1017, '2026-01-22 08:06:44', '10.11.3.113'),
(6490, 964, '2026-01-22 08:09:36', '10.11.3.107'),
(6491, 1015, '2026-01-22 08:10:47', '10.11.3.107'),
(6492, 910, '2026-01-22 08:24:23', '10.11.8.233'),
(6493, 7, '2026-01-22 08:55:33', '10.11.8.50');
INSERT INTO `time_activity` (`ID_TIME_ACTIVITY`, `ID_LOGIN`, `TIME`, `IP_ADDRESS`) VALUES
(6494, 15, '2026-01-22 08:55:48', '10.11.8.50'),
(6495, 910, '2026-01-22 10:01:57', '10.11.8.233'),
(6496, 910, '2026-01-22 10:02:05', '10.11.8.233'),
(6497, 1018, '2026-01-22 10:02:12', '10.11.3.172'),
(6498, 1017, '2026-01-22 10:02:29', '10.11.3.113'),
(6499, 1018, '2026-01-22 10:03:51', '10.11.3.172'),
(6500, 1018, '2026-01-22 10:03:52', '10.11.3.172'),
(6501, 1018, '2026-01-22 10:03:53', '10.11.3.172'),
(6502, 744, '2026-01-22 10:12:00', '10.11.3.125'),
(6503, 910, '2026-01-22 10:16:26', '10.11.8.233'),
(6504, 1020, '2026-01-22 10:26:53', '10.11.3.123'),
(6505, 568, '2026-01-22 10:26:55', '10.11.3.124'),
(6506, 1018, '2026-01-22 10:27:18', '10.11.3.172'),
(6507, 1018, '2026-01-22 10:27:18', '10.11.3.172'),
(6508, 1019, '2026-01-22 10:27:41', '10.11.3.124'),
(6509, 1019, '2026-01-22 10:33:40', '10.11.3.124'),
(6510, 15, '2026-01-22 13:04:08', '10.11.8.50'),
(6511, 7, '2026-01-22 13:04:40', '10.11.8.50'),
(6512, 37, '2026-01-22 13:10:54', '10.11.8.50'),
(6513, 15, '2026-01-22 13:49:21', '10.11.8.50'),
(6514, 37, '2026-01-22 13:56:56', '10.11.8.50'),
(6515, 15, '2026-01-22 13:58:01', '10.11.8.50'),
(6516, 15, '2026-01-22 14:10:58', '10.11.8.50'),
(6517, 37, '2026-01-22 14:11:17', '10.11.8.50'),
(6518, 37, '2026-01-22 14:20:59', '10.11.8.50'),
(6519, 15, '2026-01-22 14:21:18', '10.11.8.50'),
(6520, 15, '2026-01-22 14:21:24', '10.11.8.50'),
(6521, 15, '2026-01-22 14:21:46', '10.11.8.50'),
(6522, 15, '2026-01-22 14:22:00', '10.11.8.50'),
(6523, 15, '2026-01-22 14:22:36', '10.11.8.50'),
(6524, 37, '2026-01-22 14:22:52', '10.11.8.50'),
(6525, 37, '2026-01-22 14:23:11', '10.11.8.50'),
(6526, 15, '2026-01-22 14:23:32', '10.11.8.50'),
(6527, 37, '2026-01-22 14:24:11', '10.11.8.50'),
(6528, 15, '2026-01-22 14:30:22', '10.11.8.50'),
(6529, 37, '2026-01-22 14:37:42', '10.11.8.50'),
(6530, 986, '2026-01-23 02:32:39', '10.11.0.127'),
(6531, 1021, '2026-01-23 03:21:55', '10.11.0.167'),
(6532, 910, '2026-01-23 03:29:40', '10.11.8.233'),
(6533, 979, '2026-01-23 03:31:25', '10.11.8.223'),
(6534, 957, '2026-01-23 03:31:56', '10.11.8.223'),
(6535, 979, '2026-01-23 03:32:34', '10.11.8.223'),
(6536, 910, '2026-01-23 03:48:57', '10.11.8.233'),
(6537, 910, '2026-01-23 03:50:37', '10.11.8.233'),
(6538, 1021, '2026-01-23 03:51:15', '10.11.0.167'),
(6539, 38, '2026-01-23 03:56:43', '10.11.8.50'),
(6540, 1021, '2026-01-23 03:59:32', '10.11.8.50'),
(6541, 1021, '2026-01-23 04:03:26', '10.11.0.167'),
(6542, 1021, '2026-01-23 04:03:58', '10.11.8.50'),
(6543, 15, '2026-01-23 04:04:18', '10.11.8.50'),
(6544, 37, '2026-01-23 04:04:31', '10.11.8.50'),
(6545, 950, '2026-01-23 04:04:54', '10.11.0.227'),
(6546, 38, '2026-01-23 04:05:53', '10.11.8.50'),
(6547, 1021, '2026-01-23 04:08:52', '10.11.8.50'),
(6548, 1020, '2026-01-23 04:11:28', '10.11.8.50'),
(6549, 950, '2026-01-23 04:14:34', '10.11.0.227'),
(6550, 1021, '2026-01-23 04:14:50', '10.11.8.50'),
(6551, 1021, '2026-01-23 04:15:54', '10.11.8.50'),
(6552, 910, '2026-01-23 04:16:33', '10.11.8.233'),
(6553, 38, '2026-01-23 04:18:10', '10.11.8.50'),
(6554, 1020, '2026-01-23 04:19:05', '10.11.8.50'),
(6555, 1019, '2026-01-23 04:20:42', '10.11.8.50'),
(6556, 1021, '2026-01-23 04:21:08', '10.11.8.50'),
(6557, 950, '2026-01-23 04:43:54', '10.11.0.227'),
(6558, 910, '2026-01-23 04:52:03', '10.11.8.233'),
(6559, 1022, '2026-01-23 05:17:42', '10.11.1.35'),
(6560, 1023, '2026-01-23 05:44:46', '10.11.1.50'),
(6561, 1023, '2026-01-23 05:46:06', '10.11.1.50'),
(6562, 1023, '2026-01-23 05:57:07', '10.11.1.50'),
(6563, 910, '2026-01-23 07:33:54', '10.11.8.233'),
(6564, 1024, '2026-01-23 07:36:03', '10.11.1.81'),
(6565, 1025, '2026-01-23 07:38:36', '10.11.1.84'),
(6566, 1026, '2026-01-23 07:44:38', '10.11.1.83'),
(6567, 1026, '2026-01-23 07:45:44', '10.11.1.83'),
(6568, 1026, '2026-01-23 07:46:09', '10.11.1.83'),
(6569, 1024, '2026-01-23 07:56:09', '10.11.1.81'),
(6570, 989, '2026-01-23 08:04:21', '10.11.1.95'),
(6571, 989, '2026-01-23 08:04:29', '10.11.1.95'),
(6572, 989, '2026-01-23 08:04:33', '10.11.1.95'),
(6573, 910, '2026-01-23 10:06:33', '10.11.8.233'),
(6574, 910, '2026-01-23 10:09:26', '10.11.8.233'),
(6575, 910, '2026-01-23 10:13:16', '10.11.8.233'),
(6576, 910, '2026-01-23 10:17:19', '10.11.8.233'),
(6577, 1027, '2026-01-24 04:38:52', '10.11.1.246'),
(6578, 1027, '2026-01-24 05:37:25', '10.11.1.246'),
(6579, 1027, '2026-01-24 05:40:23', '10.11.1.246'),
(6580, 37, '2026-01-24 09:21:41', '10.11.3.159'),
(6581, 37, '2026-01-24 09:53:09', '10.11.3.159'),
(6582, 37, '2026-01-24 13:57:53', '10.11.8.50'),
(6583, 15, '2026-01-24 14:08:09', '10.11.8.50'),
(6584, 37, '2026-01-24 14:10:30', '10.11.8.50'),
(6585, 37, '2026-01-24 16:29:51', '10.11.3.159'),
(6586, 37, '2026-01-24 16:41:45', '10.11.3.159'),
(6587, 1028, '2026-01-26 02:33:35', '10.11.2.182'),
(6588, 1028, '2026-01-26 02:34:50', '10.11.2.182'),
(6589, 1029, '2026-01-26 02:44:14', '10.11.2.209'),
(6590, 910, '2026-01-26 02:47:41', '10.11.8.233'),
(6591, 910, '2026-01-26 02:49:21', '10.11.8.233'),
(6592, 467, '2026-01-26 02:54:22', '10.11.2.194'),
(6593, 1029, '2026-01-26 03:13:49', '10.11.2.209'),
(6594, 1031, '2026-01-26 03:39:17', '10.11.2.244'),
(6595, 1032, '2026-01-26 03:40:59', '10.11.2.253'),
(6596, 1032, '2026-01-26 03:42:00', '10.11.2.253'),
(6597, 910, '2026-01-26 03:42:51', '10.11.8.233'),
(6598, 1031, '2026-01-26 03:43:17', '10.11.2.244'),
(6599, 1031, '2026-01-26 03:54:23', '10.11.2.244'),
(6600, 910, '2026-01-26 04:00:28', '10.11.8.233');

-- --------------------------------------------------------

--
-- Struktur dari tabel `tujuan`
--

CREATE TABLE `tujuan` (
  `ID_TUJUAN` int(11) NOT NULL,
  `NAMA_TUJUAN` varchar(50) NOT NULL
) ENGINE=InnoDB DEFAULT CHARSET=utf8mb4 COLLATE=utf8mb4_general_ci ROW_FORMAT=DYNAMIC;

--
-- Dumping data untuk tabel `tujuan`
--

INSERT INTO `tujuan` (`ID_TUJUAN`, `NAMA_TUJUAN`) VALUES
(1, 'PIMPINAN'),
(2, 'KETUA'),
(3, 'DIREKTUR'),
(4, 'KEPALA'),
(5, 'KADIV'),
(6, 'KASUB');

-- --------------------------------------------------------

--
-- Struktur dari tabel `user`
--

CREATE TABLE `user` (
  `ID_PEGAWAI` int(11) NOT NULL,
  `NAMA_PEGAWAI` varchar(100) NOT NULL,
  `NIP_PEGAWAI` varchar(30) NOT NULL,
  `GOLONGAN` int(11) NOT NULL,
  `ID_LOGIN` int(11) NOT NULL,
  `ID_RULE` int(11) NOT NULL,
  `ID_PRODI` int(11) NOT NULL,
  `NO_TLP` varchar(20) NOT NULL,
  `E_MAIL` varchar(50) NOT NULL,
  `ALAMAT` varchar(100) NOT NULL,
  `TMT` date NOT NULL
) ENGINE=InnoDB DEFAULT CHARSET=utf8mb4 COLLATE=utf8mb4_general_ci ROW_FORMAT=DYNAMIC;

--
-- Dumping data untuk tabel `user`
--

INSERT INTO `user` (`ID_PEGAWAI`, `NAMA_PEGAWAI`, `NIP_PEGAWAI`, `GOLONGAN`, `ID_LOGIN`, `ID_RULE`, `ID_PRODI`, `NO_TLP`, `E_MAIL`, `ALAMAT`, `TMT`) VALUES
(8, 'Yulianto Heli S', '2147483647', 0, 7, 1, 1, '082139415889', 'yuliantoheli@staf.unair.ac.id', '', '0000-00-00'),
(9, 'Adhimas Paramadina Mahdi', '2147483647', 3, 9, 3, 7, '082230576769', 'paramadina.mahdi@gmail.com', 'Jalan Babatan III-B No. 67', '2022-01-01'),
(10, 'Nuryadi', '2147483647', 0, 10, 3, 9, '', '', '', '0000-00-00'),
(11, 'Yossy Imam Candika, S.E., M.SM., PFM', '2147483647', 0, 11, 2, 2, '', '', '', '0000-00-00'),
(13, 'Hestiningrum', '0', 0, 13, 4, 1, '', '', '', '0000-00-00'),
(14, 'Sarjuno', '0', 0, 14, 4, 1, '', '', '', '0000-00-00'),
(15, 'yuli', '2147483647', 0, 15, 3, 2, '', '', '', '0000-00-00'),
(16, 'Fiki Hermawan', '12', 0, 16, 3, 12, '', '', '', '0000-00-00'),
(19, 'yuny tisya', '2147483647', 0, 18, 3, 13, '', '', '', '0000-00-00'),
(20, 'siswoko', '0', 0, 20, 3, 14, '', '', '', '0000-00-00'),
(21, 'ismawan', '0', 0, 21, 3, 3, '', '', '', '0000-00-00'),
(22, 'Rio Meka', '2147483647', 0, 22, 3, 5, '', '', '', '0000-00-00'),
(23, 'D4 Perbankan dan Keuangan', '0', 0, 23, 2, 2, '', '', '', '0000-00-00'),
(24, 'Departemen Bisnis', '0', 0, 24, 5, 15, '', '', '', '0000-00-00'),
(27, 'nungky', '123456', 0, 26, 1, 1, '123456', '', '', '0000-00-00'),
(28, 'Novyandri Taufik Bahtera.,SE.,M.Sc', '2147483647', 0, 28, 2, 2, '', '', '', '0000-00-00'),
(30, 'azalina', '2147483647', 0, 30, 3, 6, '', '', '', '0000-00-00'),
(37, 'Nikita', '0', 0, 37, 4, 1, '', '', '', '0000-00-00'),
(38, 'yunita', '12345678910', 0, 38, 6, 2, '082139415889', 'yunita@gmail.com', 'ngagel madya 2/17', '2023-08-21'),
(695, 'Qurrotul Aini', '423231100', 0, 535, 6, 2, '085852741319', 'aqurrotul275@gmail.com', 'Dsn Guyangan, Dsa Kemlagigede, kecamatan Turi, Kabupaten Lamongan', '2025-07-12'),
(696, 'Muhammad Nur Rahmadani', '423231110', 0, 696, 6, 2, '085216732414', 'muhamadnurahmadani@gmail.com', 'Jl Hartono No.93', '2025-07-15'),
(697, 'Christie Natalia', '13231076', 0, 697, 6, 3, '081259405128', 'christienatalia523@gmail.com', 'Perum Graha Candi AG-05', '2025-07-16'),
(698, 'Ardi Candra Ramadhany ', '13231011', 0, 504, 6, 3, '082139792751', 'ardi.cr1105@gmail.com', 'Menjing Jenawi Karanganyar', '2025-07-17'),
(699, 'ALKEN ANDIANT BERLIANDO', '423231043', 0, 699, 6, 2, '085231880890', 'alkenberliando22@gmail.com', 'Perum GTA, Mojoagung', '2025-07-18'),
(700, 'Annisa Nur Swastika', '2147483647', 0, 700, 6, 2, '085784495679', 'haesanrs@gmail.com', 'Jln Raya Gudo-Blimbing, Dsn Sukowati, RT/RW 03/02, Ds Sukoiber, Kec Gudo, Kab Jombang, Jatim', '2025-07-21'),
(701, 'Sitoresmi Andayani', '423221078', 0, 701, 6, 2, '0882005737676', 'sitmndyn@gmail.com', 'Semarang', '2025-07-22'),
(702, 'Meylina Putri Maulidya ', '13231135', 0, 702, 6, 3, '0859171637299', 'meylina.putri.m-2023@vokasi.unair.ac.id', 'Jetis Wetan 6/21', '2025-07-24'),
(703, 'SHINTYA PUTRI RAMADHANI', '423231020', 0, 703, 6, 2, '085755244052', 'shintya.putri.ramadhani-2023@vokasi.unair.ac.id', 'Sidotopo sekolahann 8/8', '2025-07-28'),
(704, 'NAFTHALINE ARVELLIA CAHYADEVI', '13231038', 0, 704, 6, 3, '081217911098', 'arvelliacahyadevi08@gmail.com', 'JALAN JAMBU DUSUN TUGU RT 001 RW 002, KEC BOYOLANGU, KAB TULUNGAGUNG 66234', '2025-07-28'),
(705, 'Tika Nuriya Sari', '423231074', 0, 705, 6, 2, '088996801198', 'tikanuriyasari11@gmail.com', 'Kebraon II No.166, Kebraon, karang pilang, Surabaya', '2025-07-29'),
(706, 'Iklimatul Fauriyah ', '423231105', 0, 706, 6, 2, '085707309951', 'Iklimatul.fauriyah-2023@vokasi.unair.ac.id', 'Sidoarjo', '2025-07-29'),
(707, 'moch alfani rozikin', '2147483647', 0, 707, 6, 2, '0881026643088', 'alfanirozikin8@gmail.com', 'desa sugihwaras rt 01 rw 01 candi sidoarjo', '2025-07-29'),
(708, 'Theresia Chintia Avilia Buka', '13231033', 0, 470, 6, 0, '082144243343', 'theresiachintiaaviliabuka@gmail.com', 'Kolijana,Kelurahan Watuneso, Kec.Lio Timur RT005/RW005', '2025-07-31'),
(709, 'Jonathan William Yunior Tloim', '13231072', 0, 686, 6, 3, '085706311336', 'jonathantloim@gmail.com', 'Menanggal 03 Gg Jeruk no 06', '2025-08-01'),
(710, 'Theresia Chintia Avilia Buka', '13231033', 0, 710, 6, 3, '082144243343', 'theresia.chintia.avilia-2023@vokasi.unair.ac.id', 'Jalan Wonorejo Indah No.72', '2025-08-01'),
(711, 'FAHMI IDRIS', '423221044', 0, 711, 6, 2, '082123456274', 'idrisfahmi963@gmail.com', 'JETAK 001/002 PACIRAN, KEC. PACIRAN, KAB. LAMONGAN, JAWA TIMUR 62264', '2025-08-04'),
(712, 'Siti Nur Rohmawati', '2147483647', 0, 313, 6, 2, '0895364757110', 'sitinurr945@gmail.com', 'Ngaglik Kuburan No.8A', '2025-08-06'),
(713, 'Moh. Rendra Budi Utama', '2147483647', 0, 713, 6, 2, '081775438264', 'rendrabudiutama54@gmail.com', 'Jl. KH. Wahid Hasyim no.124 Genteng, Banyuwangi', '2025-08-06'),
(714, 'Astri Maulidina', '2147483647', 0, 714, 6, 2, '087768374101', 'astriimda@gmail.com', 'Jl. mbah wali kedinding ngamplesari rt.03/01, Candi Sidoarjo', '2025-08-06'),
(715, 'Annisa Nur Swastika', '423221029', 0, 715, 6, 2, '085784495679 ', 'haesanrs@gmail.com', 'Jln Raya Gudo-Blimbing, Dsn Sukowati, RT/RW 03/02, Ds Sukoiber, Kec Gudo, Kab Jombang, Jatim ', '2025-08-06'),
(716, 'Faishal Aji Panuju', '423221055', 0, 689, 6, 2, '087709387868', 'faishalajipanuju8@gmail.com', 'Sarirogo Rt09 Rw02', '2025-08-06'),
(717, 'Putri Aurella S S', '43221077', 0, 717, 6, 2, '082136967013', 'putriaurellaa82@gmail.com', 'Gg Masjid Tretes', '2025-08-06'),
(718, 'Dany Faturrozi ', '423221026', 0, 629, 6, 2, '082169433083', 'dany.faturrozi-2022@vokasi.unair.ac.id', 'dsn sumberkembar ds wonodadi kecamatan kutorejo mojokerto', '2025-08-06'),
(719, 'M. Afifuddin Suryadinata', '2147483647', 0, 719, 6, 2, '085755503253', 'afifuddin.masda@yahoo.com', 'Jl. Masjid No. 31 RT 03, RW 01, Tambak Oso, Waru, Sidoarjo', '2025-08-06'),
(720, 'Yeshika Ainun Nirhaliza Supardi', '13231117', 0, 720, 6, 3, '087863307094', 'yeshikaainun15@gmail.com', 'Kedungturi Permai 1 Jl.Biliton blok L4', '2025-08-11'),
(721, 'SELLA AMELIA', '423231115', 0, 721, 6, 2, '082240002412', 'sellaameliiia@gmail.com', 'Jl. H. Ipin, Pondok Labu, Cilandak, Jakarta Selatan', '2025-08-12'),
(722, 'M. Bintang Aji Pangestu', '2147483647', 0, 336, 6, 2, '085331721169', 'bintangajipangestu1@gmail.com', 'Perum Citra Sentosa Blok D-4, Lakarsantri, Surabaya', '2025-08-13'),
(723, 'Gilang Dwi Permana', '2147483647', 0, 723, 6, 2, '082143451765', 'gilangpramana61@gmail.com', 'Jl.Tegal Mulyorejo Baru 96', '2025-08-13'),
(724, 'Harum Puspitasari', '423221042', 0, 724, 6, 2, '085179855326', 'harumpusss@gmail.com', 'Menganti Permai B4/4, Hulaan, Menganti, Gresik', '2025-08-13'),
(725, 'Muhamad Dody Firmansyah', '2147483647', 0, 725, 6, 2, '088228578233', 'dodyfirmansyahhh@gmail.com', 'Menur II B no 17', '2025-08-18'),
(726, 'Muhamad Dody Firmansyah', '2147483647', 0, 726, 6, 2, '088228578233', 'dodyfirmansyahhh@gmail.com', 'Menur II B no 17', '2025-08-18'),
(727, 'Safira Az Zahra', '423221005', 0, 612, 6, 2, '085180980047', 'safira.az.zahra-2022@vokasi.unair.ac.id', 'Perum. Kebonsari Regency B-17', '2025-08-19'),
(728, 'Erlia Pramita Sari', '2147483647', 0, 728, 6, 2, '085791197774', 'erliapramita27@gmail.com', 'Perumnas Candirejo blok S no. 23', '2025-08-20'),
(729, 'Miranda Nathania Setiawan', '2147483647', 0, 729, 6, 2, '085236021122', 'mirandanathania25@gmail.com', 'Graha Suryanata E4/21', '2025-08-20'),
(730, 'Dicky Pandu Lodi Ardika', '2147483647', 0, 730, 6, 2, '083159463983', 'ardikapandu4@gmail.com', 'Dsn. Balong Kebek Ds. Gempollegundi Kec. Gudo Kab. Jombang', '2025-08-21'),
(731, 'MOH. RIZQI WAHYUDI', '2147483647', 0, 731, 6, 2, '082142182898', 'rizqiwahyudi2717@gmail.com', 'DS. MAGUAN, KEC. BERBEK, KAB. NGANJUK, JAWA TIMUR', '2025-08-21'),
(732, 'John Martin Mikael Bobo ', '2147483647', 0, 732, 6, 2, '081615031819', 'martin170600@gmail.com', 'DS Ngumpak Dalem RT 12 RW 03 Kec.Dander Kab.Bojonegoro Jawa Timur ', '2025-08-21'),
(733, 'Muckamad Dafit Firdos', '423231049', 0, 594, 6, 2, '0881026768440', 'muckamad.dafit.firdos-2023@vokasi.unair.ac.id', 'Jalan Gubeng Airlangga 6 No 12A', '2025-08-22'),
(735, 'syafina atha risma', '423221023', 0, 735, 6, 2, '089616135649', 'syafinaatha8@gmail.com', 'wonorejo rungkut 20', '2025-08-22'),
(736, 'Farrel Zerlina Miranda', '2147483647', 0, 351, 6, 2, '085859406514', 'zerlinamirandafarrel@gmail.com', 'Darmokali 4/24', '2025-08-24'),
(737, 'Adisya Dewi Kelara', '2147483647', 0, 737, 6, 2, '085600175593', 'adisyakelara@gmail.com', 'Ds. Gadu RT 003 RW 003, Kecamatan Sambong', '2025-08-25'),
(738, 'Nurul Mufidah', '423231046', 0, 677, 6, 2, '081234627741', 'nurulmfdh19@gmail.com', 'Jl. Raya Menganti No. 67', '2025-08-25'),
(739, 'Marshya Putri Artikasari', '423241009', 0, 739, 6, 2, '0895342211196', '4belovin@gmail.com', 'Jalan Gubeng Kertajaya 7F, No. 47', '2025-09-08'),
(740, 'I Gede Arya Dharma Yudha', '423231012', 0, 740, 6, 2, '082143565507', 'arya21.dharmayudha@gmail.com', 'Taman Wiguna Selatan XII / 8', '2025-09-10'),
(741, 'Novi Afifah Budi Syaharani ', '423241054', 0, 741, 6, 2, '089613948835', 'novi.afifah.budi-2024@vokasi.unair.ac.id', 'Jl. Raden Prawoto No.19 Gedangan Sidoarjo ', '2025-09-10'),
(742, 'Aurellia salsabila maheswari', '13231037', 0, 480, 6, 3, '085607278204', 'aurelliasalsa19@gmail.com', 'Gubeng Kertajaya 7c no 6', '2025-09-15'),
(743, 'RIDA ZAHRANI RASYD', '423231068', 0, 680, 6, 2, '08561857158', 'ridazhrn@gmail.com', 'GUBENG JAYA LANGGAR NO. 30A, Surabaya Jawa Timur', '2025-09-16'),
(744, 'Nurul Halimah', '423231029', 0, 744, 6, 2, '085755186535', 'nurulhalimah461@gmail.com', 'Jl. Gubeng Airlangga VII No.30', '2025-09-16'),
(745, 'Sunshine Alicia Revlonya', '423241032', 0, 745, 6, 2, '085331935948', 'vlonyaa123@gmail.com', 'Jl. MT Haryono No. 43B RT 017/RW 006 Kelurahan Sumbergedong Kecamatan Sumbergedong Provinsi Jawa Tim', '2025-09-22'),
(746, 'Anastasya Nabila', '13231015', 0, 474, 6, 3, '083849545349', 'anstsya.nbila@gmail.com', 'Rungkut Tengah Gg IV no 10', '2025-09-22'),
(747, 'Najmi Fayruz Wijaya', '2147483647', 0, 395, 6, 2, '087837465917', 'najmifayruz27@gmail.com', 'Jl. Pangandaran I no. 36 RT. 1/RW. 8, Sepanjang Jaya, Rawalumbu', '2025-09-23'),
(748, 'Hibban Maulana', '423231032', 0, 748, 6, 2, '081553815823', 'akuiban2005@gmail.com', 'Asem Jaya 4 No 37a', '2025-09-25'),
(749, 'Siti Alifatul Miladiyah', '423231007', 0, 749, 6, 2, '082233721005', 'alifatulmiladiyah@gmail.com', 'Jl Budi Santoso Sembayat, Manyar, Gresik , Jawa Timur', '2025-09-30'),
(750, 'Thania Audrey Gieta Siregar ', '423231112', 0, 571, 6, 2, '089604286082', 'thania.audrey.gieta-2023@vokasi.unair.ac.id', 'Jl. Tebet timur raya No. 3D', '2025-09-30'),
(751, 'Trizetta Syar Angesti ', '423241019', 0, 751, 6, 2, '082245444500', 'trizetta.syar.angesti-2024@vokasi.unair.ac.id', 'Perumahan Delta Mandala 2 no.21 Semambung, Gedangan - Sidoarjo', '2025-10-02'),
(752, 'Mutiara syailah putri setiawan', '423221035', 0, 579, 6, 2, '087865151108', 'mutiarasyaila314@gmail.com', 'Sidoarjo', '2025-10-02'),
(753, 'Zalva russiva', '423221031', 0, 684, 6, 2, '081977352168', 'zalfarussiva1008@gmail.com', 'Blitar', '2025-10-02'),
(754, 'Shelly Rifania Rahmadhani', '423221016', 0, 754, 6, 2, '085707813324', 'shelly.rifania.rahmadhani-2022@vokasi.unair.ac.id', 'Jl. Kebraon Praja Barat RC 28, Karang Pilang, Surabaya', '2025-10-02'),
(755, 'Ghina Salsabila Qurrakhman', '13231127', 0, 755, 6, 3, '085891558200', 'ghinaqurrakhman@gmail.com', 'Nginden VI G/39', '2025-10-06'),
(756, 'IKKO RIZKY PRADITIO', '13231043', 0, 547, 6, 3, '089687891865', 'ikkorizky65@gmail.com', 'Griya Asri Kalitengah 1L - 19', '2025-10-06'),
(757, 'Ghina Salsabila Qurrakhman', '13231127', 0, 755, 6, 3, '085891558200', 'ghinaqurrakhman@gmail.com', 'Nginden VI G/39', '2025-10-06'),
(758, 'Hibran Arya Adhiaksa', '13231087', 0, 758, 6, 3, '085955017551', 'hibranaryadh@gmail.com', 'JL UBI II RT 02 RW 10 Desa Wage - Kecamatan Taman', '2025-10-06'),
(759, 'Helda Okta Diah Putri Rahmadani', '13231125', 0, 759, 6, 3, '082143161052', 'leehaedoo55@gmail.com', 'Gubeng Kertajaya 13 C ', '2025-10-06'),
(760, 'Muhammad Fatoni', '13231048', 0, 760, 6, 3, '081216463224', 'muhamadfatoni2015@gmail.com', 'Jl. Soedirman RT01/RW04, Bulubrangsi, Laren, Lamongan', '2025-10-07'),
(761, 'Shintya Putri Ramadhani ', '423231020', 0, 494, 6, 2, '085755244052', 'shintyapr12@gmail.com', 'Sidotopo sekolahan 8/8', '2025-10-07'),
(762, 'Helda Okta Diah Putri Rahmadani', '13231125', 0, 759, 6, 3, '082143161052', 'helda.okta.diah-2023@vokasi.unair.ac.id', 'Gubeng Kertajaya 13 C ', '2025-10-10'),
(763, 'Firdausiah Salsabila', '423221010', 0, 763, 6, 2, '085230704965', 'firdausiahsalsabila127@gmail.com', 'Probolinggo', '2025-10-10'),
(764, 'Arsa Sarjana', '13231109', 0, 527, 6, 3, '081232378823', 'arsa.sarjana45@gmail.com', 'Pondok wage indah 2', '2025-10-13'),
(765, 'Silvia Hardinasari ', '423241089', 0, 765, 6, 2, '081334719441', 'silvia.hardina-2024@vokasi.unair.ac.id', 'Dusun Sukorejo, RT 28/RW06, Karangsoko, Trenggalek, Jawa Timur ', '2025-10-13'),
(766, 'Oktavi Amali Putri Andhika ', '423241048', 0, 766, 6, 2, '082132512205', 'oktaviamaliputriandhika@gmail.com', 'DS. Sambibulu Taman ', '2025-10-13'),
(767, 'Aulia Iklila El Hamada ', '423241049', 0, 767, 6, 2, '085888555414', 'auliaverse@gmail.com', 'Dsn. Gedangrowo, RT 04 RW 02, Prambon, Sidoarjo', '2025-10-13'),
(768, 'Fera Crismala Sari', '13231040', 0, 518, 6, 3, '083119294459', 'fera.crismala.sari-2023@vokasi.unair.ac.id', 'Ds. Ngentrong RT 01 RW 04 Kec. Campuradarat Kab. Tulungagung', '2025-10-13'),
(769, 'Ega Dwi Novita', '13231026', 0, 769, 6, 3, '085328616712', 'egadwinovitaa@gmail.com', 'Dsn Duran RT 01/ RW 02, Desa karangpuri, Wonoayu, Kab Sidoarjo, Jawa timur', '2025-10-13'),
(770, 'Eviolina Tiara Anggraini ', '13231029', 0, 476, 6, 3, '0838345719151', 'eviolinatiara0401@gmail.com', 'Cakarayam Baru No. 10 Kota Mojokerto ', '2025-10-13'),
(771, 'azzah shabihah', '2147483647', 0, 771, 6, 3, '085934749258', 'azzahshabiha7@gmail.com', 'jl krakatau no 16 surabaya', '2025-10-13'),
(772, 'Syifa Calista Cahyawati ', '13231025', 0, 478, 6, 3, '085230292223', 'calistasyifa04@gmail.com', 'Tambak Wedi Baru GG XI/75b', '2025-10-14'),
(773, 'Ayu Candrakanti', '13231123', 0, 585, 6, 3, '085708525311', 'ayuuucandra@gmail.com', 'Bagong Ginayan 1/28', '2025-10-14'),
(774, 'Adistiara Aqilla Putri Haki', '13231126', 0, 587, 6, 3, '087805817435', 'adistiaraaaqillaa12@gmail.com', 'Taman Indah Regency BC-16, Geluran, Taman, Sidoarjo ', '2025-10-15'),
(775, 'Ayu Candrakanti', '13231123', 0, 586, 6, 3, '085708525311', 'ayuuucandra@gmail.com', 'Bagong Ginayan 1/28', '2025-10-15'),
(776, 'Elnina Revalin', '13231070', 0, 776, 6, 3, '088235727737', 'ninarvln456@gmail.com', 'Jl Bratang gede kalisumo no.67', '2025-10-15'),
(777, 'Putri Sofia Nabila', '423241101', 0, 777, 6, 2, '085802772084', 'putrisofianabila0907@gmail.com', 'Kavling Permata Alam Lestari Blok A6, Desa Keboan Anom, Kecamatan Gedangan, Kabupaten Sidoarjo ', '2025-10-15'),
(778, 'Vinka Cleodya Arnindifa Palma', '13231090', 0, 521, 6, 3, '081331165135', 'vinka.cleodya.arnindifa-2023@vokasi.unair.ac.id', 'Perumahan Griya Sepanjang Blok B-40, Kedungturi, Sidoarjo', '2025-10-15'),
(779, 'Ekka Putri Widya Maharani', '13231014', 0, 520, 6, 3, '087879267195', 'ekkaputri18@gmail.com', 'Banjarkemantren RT.02 RW.04 Buduran Sidoarjo No. 20, Kab. Sidoarjo, Buduran, Jawa Timur, ID 61252', '2025-10-15'),
(780, 'Dinda gadis roswidta', '423241066', 0, 780, 6, 2, '085853944440', 'dinda.roswidta2019@gmail.com', 'Rungkut mejoyo utara 5 AE 28', '2025-10-16'),
(781, 'Naila Maiza Putri', '423241056', 0, 781, 6, 2, '082340240553', 'nailamaizaputri@gmail.com', 'Dukuh Krajan, RT/RW 001/004 Kec. Ngebel, Kab. Ponorogo, Jawa Timur ', '2025-10-16'),
(782, 'Nanda Zahratun nisa', '423221041', 0, 442, 6, 2, '082132500828', 'nandazahra281105@gmail.com', 'Dsn.Klampisan RT.03 RW.01 Ds.Wirobiting Kec.Prambon-Kab. Sidoarjo', '2025-10-16'),
(783, 'Dimas aradhana putra witarsa ', '13231136', 0, 783, 6, 3, '081279888267', 'tigerbunnydj@gmail.com', 'Taman pinang asri M3/28', '2025-10-16'),
(784, 'Ariel Cristian Dajero Tarigan', '13231060', 0, 784, 6, 3, '081331191898', 'meraariel50@gmail.com', 'Perum. Citra Fajar Golf AT 3000 Blok B no 3068', '2025-10-20'),
(785, 'Zakiyah Nailul Muna', '423241097', 0, 785, 6, 2, '085707654239', 'Zakiyah.nailul.muna-2024@vokasi.unair.ac.id', 'Ds. Nglebur, kec Kedungpring kabupaten Lamongan ', '2025-10-20'),
(786, 'Muhammad Fatoni', '13231048', 0, 786, 6, 3, '081216463224', 'muhamadfatoni2015@gmail.com', 'Jl. Soedirman RT01/RW04, Bulubrangsi, Laren, Lamongan', '2025-10-20'),
(787, 'Renita Agustin', '13231058', 0, 492, 6, 3, '085806036949', 'renita.agustin-2023@vokasi.unair.ac.id', 'Raya Lontar No 21', '2025-10-22'),
(788, 'FAHMI IDRIS', '423221044', 0, 711, 6, 2, '082123456274', 'idrisfahmi963@gmail.com', 'JETAK 001/002 PACIRAN, KAB. LAMONGAN, JAWA TIMUR 62264', '2025-10-22'),
(789, 'Marzuqoh Nabilah Hadi Putri Dmk', '423221079', 0, 789, 6, 2, '085257973300', 'marzuqoh.nabilah.hadi-2022@vokasi.unair.ac.id', 'Penggalangan, Serdang Bedagai, Sumatera Utara ', '2025-10-23'),
(792, 'ari', '12365456', 0, 792, 6, 2, '0587223363233', 'arisaja@gmail.com', 'surabaya', '2025-10-23'),
(793, 'Marzuqoh Nabilah Hadi Putri Dmk', '423221079', 0, 789, 6, 2, '085257973300', 'marzuqoh.nabilah.hadi-2022@vokasi.unair.ac.id', 'Penggalangan, Serdang Bedagai, Sumatera Utara', '2025-10-23'),
(794, 'Dian Debbi Anna Billah', '13231129', 0, 794, 6, 3, '081945015341', 'dian.debbi.anna-2023@vokasi.unair.ac.id', 'JL KYAI GHOZALI GG IV / NO 75 RT001/RW004, ROGOTRUNAN, KABUPATEN LUMAJANG, JAWA TIMUR', '2025-10-23'),
(795, 'Ratih Kintan Umari ', '423231017', 0, 795, 6, 2, '081216220996', 'ratih.kintan.umari-2023@vokasi.unair.ac.id', 'Jln. Kalijudan Barat 1A/09', '2025-10-23'),
(796, 'putri widya valsha dewi aura ', '13231121', 0, 796, 6, 3, '081334835757', 'valshadewiaura@gmail.com', 'jalan dharmawangsa barat 1 no 10', '2025-10-23'),
(797, 'Eveny Angelita Hendri Putri', '13231082', 0, 563, 6, 3, '0895404869911', 'eveny.angelita.hendri-2023@vokasi.unair.ac.id', 'Jl. Pucangan IV No.5, Gubeng Kertajaya', '2025-10-23'),
(798, 'PIETY JOEL NANDA TITO', '423231069', 0, 798, 6, 2, '087761554335', 'piety.joel.nanda-2023@vokasi.unair.ac.id', 'Jl. Kebonsari Manunggal 15', '2025-10-24'),
(799, 'Rista Apriliana', '13231059', 0, 799, 6, 3, '085791401499', 'ristaapriliana22@gmail.com', 'Ds. Tambakrejo Kec. Magetan Kab. Magetan', '2025-10-24'),
(800, 'Resa Dwi Anggreini ', '423231041', 0, 578, 6, 2, '085784071631', 'resa.dwi.anggreini-2023@vokasi.unair.ac.id', 'Ds. Ngadirejo, RT:003/RW:001, Kec. Tanjunganom, Kab. Nganjuk', '2025-10-24'),
(801, 'Muhammad Ilham Rusydi', '13231130', 0, 801, 6, 3, '08568511231', 'muhammad.ilham.rusydi-2023@vokasi.unair.ac.id', 'Jl Ubi 1 No 15E', '2025-10-24'),
(802, 'INTAN RAHMAWATI ', '13231104', 0, 505, 6, 3, '081232065904', 'intan.rahmawati-2023@vokasi.unair.ac.id', 'LEBAK JAYA UTARA 4-A/34', '2025-10-24'),
(803, 'ARTIKA SALSABILA PUTRI', '13231107', 0, 506, 6, 3, '081358682612', 'artika.salsabila.putri-2023@vokasi.unair.ac.id', 'Griya Permata Hijau R. 27 RT. 08 RW. 03, Candi, Sidoarjo ', '2025-10-24'),
(804, 'Junnah Nur Lathifah', '13231021', 0, 804, 6, 3, '087787470838', 'junnahnurlathifah@gmail.com', 'Siwalankerto Timur IV/12, Wonocolo, Surabaya', '2025-10-24'),
(805, 'LATIFAH NURJAMILA', '13231050', 0, 602, 6, 3, '082234394261', 'milajml88@gmail.com', 'PONDOK MARENGAN INDAH BLOK D NO.9 ', '2025-10-27'),
(806, 'Muhammad Fauzan Rafi Saputra ', '13231128', 0, 806, 6, 3, '085854766265', 'frafi841@gmail.com', 'Dusun Krajan 2 RT 02 RW 05, Boreng, Lumajang ', '2025-10-27'),
(807, 'Billa Insan Lahiria', '423231008', 0, 807, 6, 2, '081366711551', 'billainsan12@gmail.com', 'Jl. Jamrud III No 28 PPS', '2025-10-28'),
(808, 'Novalita Dwi Putri Anjani', '13231097', 0, 808, 6, 3, '089685332040', 'noovalitaa@gmail.com', 'Jalan Telaga Indah, Ganting, Gedangan', '2025-10-29'),
(809, 'adivti dwi sicilia', '13231078', 0, 593, 6, 3, '083850546911', 'adivtidwi@gmail.com', 'Jl. Abu Bakar Sidiq', '2025-10-29'),
(810, 'Hikmatul Hasana', '13231053', 0, 592, 6, 3, '087846891687', 'hikmatlhsn@gmail.com', 'Dusun Palebunan, Desa Karanganyar, Kec. Kalianget, Kab. Sumenep', '2025-10-29'),
(811, 'Hilwa Dhafira Ali', '13231073', 0, 811, 6, 3, '081331970037', 'hilwadhafira21@gmail.com', 'Jl semampir barat Pondok tanjung permai blok A no 63', '2025-10-30'),
(812, 'Mohammad Riyanto', '152110783041', 0, 812, 6, 2, '089685533343', 'rian.m38061@gmail.com', 'Jalan Dupak Bandarejo 3/19a', '2025-10-30'),
(813, 'Dinar Fajriah Rahman', '013231114', 0, 813, 6, 3, '085850749165', 'dinar.fajriah.rahman-2023@vokasi.unair.ac.id', 'Dusun Pandean RT/RW 001/003 Winongan kidul WINONGAN, KAB. PASURUAN, JAWA TIMUR', '2025-10-31'),
(814, 'syam firmansyah nur', '423221040', 0, 814, 6, 2, '081222566678', 'syam.firmansyah.nur-2022@vokasi.unair.ac.id', 'kencanasari timur XV/3', '2025-10-31'),
(815, 'Racka Batavia Dialek Tiawan', '423221036', 0, 815, 6, 2, '083129354329', 'racka.batavia.dialek-2022@vokasi.unair.ac.id', 'Jl.Gubeng Klingsingan 1KA/39C', '2025-10-31'),
(816, 'Avia Sus Rahma Qayuum', '013231108', 0, 503, 6, 3, '087879596768', 'aviaaasr@gmail.com', 'JL.ABD.RACHMAN 80 RT 012/RW 005, Kel.Pabean, Kec.Sedati, Kab.Sidoarjo', '2025-11-03'),
(817, 'ALKEN ANDIANT BERLIANDO', '423231043', 0, 655, 6, 2, '0085231880890', 'alken.andiant.berliando-2023@vokasi.unair.ac.id', 'DSN GRIYO TRISNO ASRI', '2025-11-03'),
(818, 'Graceia Febiana Pramita', '013231057', 0, 500, 6, 3, '081233787454', 'graceiafebianap@gmail.com', 'Kendung Jaya VIA/4', '2025-11-05'),
(819, 'Aulia Nareswari Kusuma Wardhani', '013231083', 0, 581, 6, 3, '087878335349', 'nareswarikartanagara@gmail.com', 'Jl Mliwis No. 38 Kota Madiun', '2025-11-05'),
(820, 'ARUNA BUDIARTI', '13231039', 0, 820, 6, 3, '081998620372', 'aruna.budiarti-2023@vokasi.unair.ac.id', 'gubeng kertajaya 9D no. 3', '2025-11-05'),
(821, 'Rifqy Andika', '013231017', 0, 499, 6, 3, '085843807659', 'rifqyandika15@gmail.com', 'MANUKAN TENGAH 6E No 19', '2025-11-10'),
(822, 'Ade Mar\'atus Sholihah', '423231056', 0, 822, 6, 2, '082143873131', 'msadeee28@gmail.com', 'Jalan Mojo Kidul No. 117', '2025-11-11'),
(823, 'bima arya mahendra', '42322115', 0, 823, 6, 2, '087855951328', 'bima.arya.mahen-2022@vokasi.unair.ac.id', 'jln manukan ranu blok 21K no 08', '2025-11-11'),
(824, 'Nurdin Widyo Arifw', '423221066', 0, 824, 6, 2, '08884104968', 'nurdin.widyo.arifwicaksono-2022@vokasi.unair.ac.id', 'bratang binangun III', '2025-11-11'),
(825, 'Lutviona Fransquensya ', '423231003', 0, 825, 6, 2, '085895218767', 'lutfionafransqueensya@gmail.com', 'Jl. Gubeng Kertajaya VII E No. 10', '2025-11-11'),
(826, 'salisa haffafas salsabila', '013231046', 0, 645, 6, 3, '085607727482', 'salsabilasalisa7@gmail.com', 'jl stasiun baureno rt 06 rw 03 blongsong, baureno, bojonegoro', '2025-11-11'),
(827, 'Nisa Muntafingah ', '423231026', 0, 827, 6, 2, '088983080547', 'nisa.muntafingah-2023@vokasi.unair.ac.id', 'Dharmahusada Dalam No 20, Pacar Kembang, Tambaksari', '2025-11-11'),
(828, 'Helmi Hidayat ', '423221033', 0, 666, 6, 2, '081775244970', 'helmihidayat198@gmail.com', 'Jalan Kedungsari RT 03 rw 02 Kelurahan gunung gedangan kecamatan Magersari kota Mojokerto ', '2025-11-12'),
(829, 'Billy Sugiarto', '423221037', 0, 829, 6, 2, '0895351845150', 'billysugiarto20@gmail.com', 'Perumahan Tenggulunan Mega Asri B9', '2025-11-12'),
(830, 'FAISHAL AJI PANUJU', '424221055', 0, 830, 6, 2, '087709387868', 'faishalajipanuju8@gmail.com', 'Luwung Sarirogo, Sidoarjo, Jawa Timur, Indonesia.', '2025-11-13'),
(831, 'Sri Utami', '423241123', 0, 831, 6, 2, '085891307864', 'utamiisrii94@gmail.com', 'Kp. Cibuntu Rt 001/003 Kec. Cibitung Kab. Bekasi', '2025-11-13'),
(833, 'Fatimatuz Zahro\'', '423231093', 0, 833, 6, 2, '082257055008', 'zahrofatimatuz008@gmail.com', 'Jl. Ronggojalu Gg Ky Arjo No. 242, Kabupaten Probolinggo', '2025-11-14'),
(834, 'Wildan Widiantoro', '013231131', 0, 475, 6, 3, '085780601427', 'wildan.widiantoro-2023@vokasi.unair.ac.id', 'Prima Harapan Regency Blok H5 no 15', '2025-11-17'),
(835, 'yusron', '12345678', 0, 835, 8, 1, '082139415889', 'email@gmail.com', '', '0000-00-00'),
(836, 'ALKEN ANDIANT BERLIANDO', '423231043', 0, 699, 6, 2, '085231880890', 'alken.andiant.berliando-2023@vokasi.unair.ac.id', 'Perum GTA, Mojoagung', '2025-11-17'),
(837, 'Helmi Hidayat ', '423221033', 0, 837, 6, 2, '081775244970', 'schacer33@gmail.com', 'Jalan Kedungsari RT 03 rw 02 Kelurahan gunung gedangan kecamatan Magersari kota Mojokerto ', '2025-11-17'),
(838, 'ARTIKA SALSABILA PUTRI ', '013231107', 0, 506, 6, 3, '081358682612', 'artika.salsabila.putri-2023@vokasi.unair.ac.id', 'Griya Permata Hijau R.27 RT.08 RW.03, Candi, Sidoarjo ', '2025-11-18'),
(839, 'Shofia Risnadiar', '013231105', 0, 839, 6, 3, '081252224674', 'shofia.risnadiar-2023@vokasi.unair.ac.id', 'Puri Indah CI 01', '2025-11-18'),
(840, 'KAYLLA GISCA ZAHRA PUTRI ANDRIANTO ', '423241036', 0, 840, 6, 2, '085933503903', 'kayllagiscazahraputri@gmail.con', 'Dsn. Cangkring, Ds. Pacekulon, Kec. Pace, Kab. Nganjuk ', '2025-11-19'),
(841, 'Amanda Firda Raisha ', '423231007', 0, 841, 6, 2, '081331931787', 'amanda.firda.raisha-2023@vokasi.unair.ac.id', 'Dsn. Murangagung, Ds. Kebondalem', '2025-11-19'),
(842, 'NADILLA NUR AULIA', '13231112', 0, 510, 6, 3, '087704778614', 'nadilaxaulia@gmail.com', 'Dsn. kangkungan rt 001 rw 002', '2025-11-20'),
(843, 'WIDIA PRATIWI', '423231014', 0, 843, 6, 2, '085855129167', 'widiapratiwi604@gmail.com', 'Jl. pucang kerep no 1', '2025-11-20'),
(848, 'Tika Nuriya Sari', '423231074', 0, 848, 6, 2, '088996801198', 'tikanuriyasari11@gmail.com', 'Kebraon II/166, Surabaya, Jawa Timur', '2025-11-21'),
(850, 'ALVI WULANDARI ', '423131035', 0, 850, 6, 2, '085776403768', 'alviwulandari2004@gmail.com', 'Wetan Embong Suwayuwo RT 02 RW 08 Suwayuwo Kecamatan Sukorejo Kabupaten Pasuruan', '2025-11-21'),
(853, 'Niken Putri Hersalina ', '013231093 ', 0, 853, 6, 3, '083831225999', 'kennyph2205@gmail.com', 'Jl. Margorukun IV No. 17 ', '2025-11-24'),
(855, 'Nabila Salma Agustriana ', '013231075', 0, 855, 6, 3, '087842733305', 'nabilasalmaagustriana@gmail.com', 'Jl Musi No 12 Gg. 2, Kota Blitar ', '2025-11-24'),
(856, 'Miftakhul Septia Ningrum', '423221047', 0, 856, 6, 2, '082244081780', 'miftahulseptya@gmail.com', 'Jalan Raya Sidodadi, Gempol RT.02 RW.04 Desa Sidodadi, Kec. Sukosewu, Kab. Bojonegoro, Jawa Timur', '2025-11-25'),
(857, 'adivti dwi sicilia', '013231078', 0, 593, 6, 3, '083850546911', 'adivti.dwi.sicilia-2023@vokasi.ac.id', 'Jl. Abu Bakar Sidiq', '2025-11-25'),
(858, 'Shallom Tesalonika', '013231094', 0, 854, 6, 3, '081931106222', 'shallomtesalonika22@gmail.com', 'Kalijudan Madya VI no. 2', '2025-11-25'),
(859, 'SELPIYA', 'SALSABILA', 0, 859, 6, 3, '082342813169', 'selpiya.salsabila-2023@vokasi.unair.ac.id', 'Jln Dharmawangsa 8', '2025-11-25'),
(860, 'Miftakhul Septia Ningrum', '423221047', 0, 856, 6, 2, '082244081780', 'miftahulseptya@gmail.com', 'Jalan Raya Sidodadi, Gempol RT.02 RW.04 Desa Sidodadi, Kec. Sukosewu, Kab. Bojonegoro, Jawa Timur', '2025-11-26'),
(861, 'Syafina Atha Risma', '423221023', 0, 735, 6, 2, '089616135649', 'syafinaatha8@gmail.com', 'Wonorejo Rungkut 20', '2025-11-26'),
(862, 'Arbaatin Mauliddah', '423221064', 0, 468, 6, 2, '085784430204', 'arbaatin.mauliddah.atin-2022@vokasi.unair.ac.id', 'Gubeng Kertajaya 7J. No 10B', '2025-11-26'),
(863, 'Mutiara syailah putri setiawan', '423221035', 0, 579, 6, 2, '087865151108', 'Mutiara.syailah.putri-2022@vokasi.unair.ac.id', 'Jl sawunggaling 6', '2025-11-27'),
(864, 'Paulo Fernando Arthur Dugis', '423221068', 0, 864, 6, 2, '082127372953', 'paulo.fernando.arthur-2022@vokasi.unair.ac.id', 'Green Park Regency N-9 Sidoarjo', '2025-11-27'),
(865, 'Anggi salsabilla', '423221034', 0, 865, 6, 2, '081775244970', 'chacaasalsabilla03@gmail.com', 'Jalan Kedungsari RT 03 rw 02 Kelurahan gunung gedangan kecamatan Magersari kota Mojokerto ', '2025-12-01'),
(866, 'ALKEN ANDIANT BERLIANDO', '423231043', 0, 866, 6, 2, '085231880890', 'alkenberliando22@gmail.com', 'Jl. Jagir Sidomukti VI No.40a, Kec. Wonokromo, Surabaya 60244', '2025-12-01'),
(867, 'Ardiyanta Nugraha ', '423221074', 0, 867, 6, 2, '085816099621', 'ardiyanta.nugraha-2022@vokasi.unair.ac.id', 'Bratang Binangun 6/31A', '2025-12-03'),
(868, 'achmad imannaufan', '423221006', 0, 665, 6, 2, '081217004012', 'achmad.imannaufan-2022@vokasi.unair.ac.id', 'taman raya tahap 2 blok df no 19', '2025-12-03'),
(869, 'ALKEN ANDIANT BERLIANDO', '423231043', 0, 866, 6, 2, '085231880890', 'alkenberliando22@gmail.com', 'Jl. Jagir Sidomukti VI No.40a, Jagir, Kec. Wonokromo, Surabaya 60244', '2025-12-03'),
(870, 'Ahmada Harir Ats Tsaqofi Bima A.', '423221046', 0, 870, 6, 2, '081233918983', 'ahmada.harir.atsaqovi-2022@vokasi.unair.ac.id', 'Mojokerto', '2025-12-04'),
(872, 'Billy Sugiarto', '423221037', 0, 872, 6, 2, '0895351845150', 'billy. sugiarto-2022@vokasi.unair.ac.id', 'Sidoarjo', '2025-12-04'),
(873, 'Helmi Hidayat ', '423221033', 0, 873, 6, 2, '081775244970', 'helmihidayat198@gmail.com', 'Jalan Kedungsari RT 03 rw 02 Kelurahan gunung gedangan kecamatan Magersari kota Mojokerto ', '2025-12-08'),
(874, 'Harum Puspitasari', '423231042', 0, 724, 6, 2, '085179855326', 'harum.puspitasari-2022@vokasi.unair.ac.id', 'Menganti Permai B4/4, Hulaan, Menganti, Gresik', '2025-12-08'),
(875, 'Miftakhul Septia Ningrum', '423221047', 0, 856, 6, 2, '085335663803', 'miftahulseptya@gmail.com', 'Jalan Raya Sidodadi, Gempol RT.02 RW.04 Desa Sidodadi, Kec. Sukosewu, Kab. Bojonegoro, Jawa Timur', '2025-12-09'),
(876, 'Putri Febrianti ', '13241003', 0, 876, 6, 3, '085807178461', 'putrifebrianti889@gmail.com', 'Dusun Kedungboto RT5 RW7, Desa Kedungotok, Kec. Tembelang, Kab. Jombang', '2025-12-09'),
(877, 'SARZY SIFRA SEPTIANA ', '013241020', 0, 877, 6, 3, '082141623106', 'sarzyseptiana@gmail.com', 'Balong Rawe Baru, RT.5/RW.5, Gg. Alkausar 2, Kel. Kedundung, Kec. Magersari, Kota Mojokerto, Jawa Ti', '2025-12-09'),
(878, 'shelanda arya noramitha akbar ', '013231042', 0, 878, 6, 3, '087795225200', 'shelanda.arya@gmail.com', 'dusun gempal RT.03 RW.01 desa wunut Kecamatan Mojoanyar Kabupaten Mojokerto Jawa timur ', '2025-12-10'),
(879, 'Dinda Amelya Rafika Putri', '013231024', 0, 879, 6, 3, '0895710531000', 'dindaamelyaa51@gmail.com', 'Jl.P.Diponegoro IV/58', '2025-12-10'),
(880, 'Mei Nila Anggraini', '013231028', 0, 880, 6, 3, '083189890839', 'nilameianggraini@gmail.com', 'Betet RT 002 RW 001 Kec Kasiman Bojonegoro', '2025-12-10'),
(881, 'Tsurayya Zahirah Rusli', '13231100', 0, 564, 6, 3, '083851216263', 'tsurayyazahirahrusli@gmail.com', 'Jl. Kutilang V No. 18 GKA Gresik', '2025-12-10'),
(882, 'Helda Okta Diah Putri Rahmadani', '013231125', 0, 759, 6, 3, '082143161052', 'heldaokta30@gmail.com', 'Gubeng Kertajaya 13 C ', '2025-12-10'),
(883, 'Amanda Firda Raisha ', '423231006', 0, 841, 6, 2, '081331931787', 'amanda.firda.raisha-2023@vokasi.unair.ac.id', 'Dsn. Murangagung, Ds. Kebondalem', '2025-12-10'),
(884, 'Imanda Noora Agusti ', '423231096', 0, 844, 6, 2, '085748147392', 'imanda.noora.agusti-2023@vokasi.unair.ac.id', 'Jl. Dewi Sartika, Sengon, Jombang, Jawa Timur ', '2025-12-10'),
(885, 'Shelia Anggita Fransiska', '423221021', 0, 885, 6, 2, '085776228913', 'shelia.anggita.fransiska-2022@vokasi.unair.ac.id', 'Jl. Gubeng Airlangga 3 No. 8', '2025-12-10'),
(886, 'Johan Rudy Kurniawan', '013231085', 0, 886, 6, 3, '089688236789', 'johanrudy8@gmail.com', 'Jl. Sunan Giri Gg. Pusaka no.26 Sukorejo Lamongan', '2025-12-11'),
(887, 'Hibban Maulana', '423231032', 0, 397, 6, 2, '081553815823', 'akuiban2005@gmail.com', 'Asem Jaya 4 No 37a', '2025-12-11'),
(888, 'Devi Aprilia putri', '423231050', 0, 459, 6, 2, '0881027720674', 'apriliadevi788@gmail.com', 'Jalan Ronggolawe RT 05 RW 02 Ds Kedungadem kec kedungadem', '2025-12-11'),
(889, 'Ega Aisha Ibah Oktavia', '423231047', 0, 889, 6, 2, '081217814156', 'ega.aisha.ibah-2023@vokasi.unair.ac.id', 'Jalan Pagesangan IV No 66', '2025-12-11'),
(890, 'Shelia Anggita Fransiska ', '423221021', 0, 885, 6, 2, '085776228913', 'sheliaanggita5@gmail.com', 'Jl. Gubeng Airlangga No. 8', '2025-12-11'),
(891, 'ALKEN ANDIANT BERLIANDO', '423231043', 0, 891, 6, 2, '085231880890', 'alkenberliando22@gmail.com', 'Jl. Jagir Sidomukti VI No.40a, Kec. Wonokromo, Surabaya 60244', '2025-12-11'),
(892, 'AdindaKhairunnisa', '423221056', 0, 892, 6, 2, '085776246698', 'Adinda.khirunnida-2022@vokasi.unair.ac.id', 'jalan kubis iii no 112', '2025-12-12'),
(893, 'Rivanda azaria widyadhana', '423221030', 0, 893, 6, 2, '081331322000', 'rivanda.azaria.widyadhana-2022@vokasi.unair.ac.id', 'Griya bhayangkara j5/26 masangan kulon sukodono', '2025-12-15'),
(894, 'LUHUT BUTAR BUTAR', '423221050', 0, 894, 6, 2, '085697134037', 'luhut.butar.butar-2022@vokasi.unair.ac.id', 'TAMAN KENARI JAGORAWI BLOK 10A NO 12A', '2025-12-15'),
(895, 'Cahya Ningrum Aurellia', '423231061', 0, 895, 6, 2, '081336048703', 'caaafaa23@gmail.com', 'Tanjungsari RT 08 RW 01, Kecamatan Taman, Kabupaten Sidoarjo', '2025-12-15'),
(896, 'ARUM HADI WARDANI', '152110783005', 0, 896, 6, 2, '089613361515', 'arum.hadi.wardani-2021@vokasi.unair.ac.id', 'JL. KEDUNG TARUKAN BARU 3C/6 SURABAYA', '2025-12-15'),
(897, 'Niken Putri Hersalina ', '013231093 ', 0, 897, 6, 3, '083831225999', 'nkeanph0505@gmail.com', 'Jl. Margorukun IV No. 17 ', '2025-12-15'),
(898, 'Hervin Apriliana Musmiati', '152110783053', 0, 365, 6, 2, '089530282901', 'hervin.apriliana.musmiati-2021@vokasi.unair.ac.id', 'Ds. Sidomulyo kecamatan wonosalam kabupaten Demak ', '2025-12-15'),
(899, 'LUHUT BUTAR BUTAR ', '423221059', 0, 894, 6, 2, '085697134037', 'luhut.butar.butar-2022@vokasi.unair.ac.id', 'TAMAN KENARI JAGORAWI BLOK 10A NO 12A', '2025-12-16'),
(900, 'Mutiara syailah putri setiawan', '423221035', 0, 579, 6, 2, '087865151108', 'mutiarasyaila314@gmail.com', 'Sidoarjo', '2025-12-16'),
(901, 'Adinda Khairunnisa', '423221056', 0, 901, 6, 2, '085776246698', 'Adinda.khirunnisa-2022@vokasi.unair.ac.id', 'Jalan manyar indah V no 19', '2025-12-16'),
(902, 'Fatimatuz Zahro\'', '423231093', 0, 833, 6, 2, '082257055008', 'zahrofatimatuz008@gmail.com', 'Jl. Ronggojalu Gg Ky Arjo No. 242, Kabupaten Probolinggo', '2025-12-17'),
(903, 'Muhammad Fadhil Priyambodo ', '423221024', 0, 903, 6, 2, '085655213116', 'muhammad.fadhil.p-2022@vokasi.unair.ac.id', 'Jl. Bratang Satu I D no 50a', '2025-12-17'),
(904, 'Dany Faturrozi ', '423221026', 0, 904, 6, 2, '082169433083', 'danyfaturrozy@gmail.com', 'Dsn. Sumberkembar, Ds. Wonodadi, Kec. Kutorejo, Kab. Mojokerto ', '2025-12-18'),
(905, 'Diana Aprilia Silaen', '013231064', 0, 905, 6, 3, '082143772570', 'diana.aprilia.silaen-2023@vokasi.unair.ac.id', 'Jl. Saphire V No. 2, Gresik', '2025-12-18'),
(906, 'Nadila Puspa Hardini', '013231098', 0, 599, 6, 3, '085928379460', 'dilanadila806@gmail.com', 'JL. Abdul Rochim IV NO.25, Yosowilangun, Manyar, Gresik', '2025-12-19'),
(907, 'Anggi salsabilla', '423221034', 0, 907, 6, 2, '081775244970', 'chacaasalsabilla03@gmail.com', 'Jalan Kedung sari RT 03 rw 02 Kelurahan gunung Gedangan kec Magersari kota Mojokerto', '2025-12-22'),
(908, 'helmi hidayat', '423221033', 0, 908, 6, 2, '081775244970', 'helmihidayat198@gmail.com', 'Jalan Kedung sari RT 03 rw 02 Kelurahan gunung Gedangan kec Magersari kota Mojokerto', '2025-12-22'),
(909, 'Argya Fauza Arsha', '423221009', 0, 909, 6, 2, '082137143660', 'argyafauza1@gmail.com', 'Pejantran Rt.6 Rw.4, Wonoplintahan, Prambon, Sidoarjo', '2025-12-22'),
(910, 'freski', '', 0, 910, 4, 1, '', '', '', '0000-00-00'),
(911, 'Muhammad Daffa Athaya Seno', '421241054', 0, 911, 6, 8, '0895421114480', 'muhammad.daffa.athaya-2024@vokasi.unair.ac.id', 'Gubeng Jaya 6 Nomor 24 Surabaya', '2026-01-02'),
(912, 'Moh. Haidar Ali Zulfansyah ', '421241065', 0, 912, 6, 8, '0882010077913', 'haidaralizulfansyah34@gmail.com', 'Jl. Raya Kletek No.91, Menyanggong, Kletek, Kec. Taman, Kabupaten Sidoarjo', '2026-01-02'),
(913, 'Moh. Haidar Ali Zulfansyah ', '421241065', 0, 913, 6, 8, '0882010077913', 'haidaralizulfansyah34@gmail.com', 'Jl. Raya Kletek No.91, Menyanggong, Kletek, Kec. Taman, Kabupaten Sidoarjo', '2026-01-02'),
(914, 'Naila Salwa Salsabila', '423221017', 0, 914, 6, 2, '081946337925', 'naila.salwa.salsabila-2022@vokasi.unair.ac.id', 'Jl kh moh toha gg III no 05', '2026-01-05'),
(915, 'Siti Nadia', '423221025', 0, 676, 6, 2, '089606916789', 'siti.nadia-2022@gmail.com', 'Jalan Ikan Gurami 1 no 17B', '2026-01-05'),
(916, 'Moh Hamdani', '423241093', 0, 916, 6, 2, '082239493546', 'moh.hamdani-2024@vokasi.unair.ac.id', 'Bima Karya', '2026-01-05'),
(917, 'Gunawan Maulana', '421201049', 0, 917, 6, 8, '081932331704', 'gunaw2275@gmail.com', 'Jalan Kedung Pengkol VI No.6, RT.5/RW.4, Mojo, Gubeng, Surabaya, Jawa Timur', '2026-01-05'),
(918, 'Marifa Ramadhini Hartanti ', '433221066', 0, 918, 6, 4, '08983328007', 'marifa.ramadhini.hartanti.383341-2022@vokasi.unair', 'Jl. Kendangsari 8/3', '2026-01-05'),
(919, 'AZAHRA SITA WARDANI', '422221013', 0, 919, 6, 9, '0895365893504', 'azahrasitawardani@gmail.com', 'Perum Alam Bukit Raya Blok E8 No. 24', '2026-01-05'),
(920, 'Nur Laela Azizah', '422221016', 0, 920, 6, 9, '081554690222', 'nurlaelaazizah15@gmail.com', 'Desa Pasinan Lemahputih RT.003/RW.001 Kecamatan Wringinanom Kabupat Gresik', '2026-01-05'),
(921, 'Alifiyah Rosada', '422221035', 0, 921, 6, 9, '081238352152', 'alifiyahrosada27@gmail.com', 'Jl. Tambak Asri Gg. Anggrek 19 No. 26, RT/RW 15/06, Krembangan, Morokrembangan, Surabaya', '2026-01-05'),
(922, 'Valerio Septanziilal Da Conceicao', '422221006', 0, 922, 6, 9, '087864576566', 'valeseptan24@gmail.com', 'Trosobo rt/rw 03/06, Kec. Taman, Kabupaten Sidoarjo, Jawa Timur 61257', '2026-01-05'),
(923, 'Maulina Nur Hamidah ', '002241002', 0, 923, 6, 10, '083847558305', 'hamidahmaulinanur@gmail.com ', 'Dukuh Kupang Barat 31/10', '2026-01-05'),
(924, 'Ayundik Permata Surya Ramadhani', '422221067', 0, 924, 6, 9, '0895321502288', 'ayundik.permata.surya-2022@vokasi.unair.ac.id', 'Jl. Kapasari 9 no.8', '2026-01-05'),
(925, 'Safira Az Zahra', '423221005', 0, 925, 6, 2, '085180980047', 'safira.az.zahra-2022@vokasi.unair.ac.id', 'Perum. Kebonsari Regency B-17', '2026-01-05'),
(926, 'Apriza Windrasari ', '423221048', 0, 926, 6, 2, '081231473069', 'aprizawindrasari@gmail.com', 'Griyo Wage Asri 1 Blok L-3', '2026-01-05'),
(927, 'Muhamad Maulana ', '00223005', 0, 927, 6, 10, '083846496383', 'muhamad.maulana-2023@vokasi.unair.ac.id', 'Kodo II', '2026-01-05'),
(928, 'Novanda Dwi Ramadhani', '433221059', 0, 928, 6, 4, '085859159307', 'novanda.dwi.ramadhani.383252-2022@vokasi.unair.ac.', 'DSN PATRANREJO DESA PATRANREJO RT 02 RW 01 KECAMATAN BERBEK KABUPATEN NGANJUK', '2026-01-05'),
(929, 'Eka Ayu Rahmawati', '433221067', 0, 929, 6, 4, '081216264082', 'eka.ayu.rahmawati.383342-2022@vokasi.unair.ac.id', 'Dsn. Babatan RT.03/RW.02 Ds.Babatan Kec.Balongpanggang Kab.Gresik', '2026-01-05'),
(930, 'Abigail Cheryl Antoinette Berhitoe', '002231031', 0, 930, 6, 10, '08113197591', 'cheryl.berhitoe@gmail.com', 'Perumahan Green Semanggi Mangrove, Cluster Osbornia, Blok D1/31', '2026-01-06'),
(931, 'omega meliana', '422221056', 0, 931, 6, 9, '081333328392', 'omegameliana12@gmail.com', 'Graha Sunan Ampel Blok A-37', '2026-01-06'),
(932, 'Safira Az Zahra', '423221005', 0, 932, 6, 2, '085180980047', 'safira.az.zahra-2022@vokasi.unair.ac.id', 'Perum. Kebonsari Regency B-17', '2026-01-06'),
(933, 'Lukas Amadeus Jakub', '1671060501050006', 0, 933, 6, 9, '081217598745', 'lukas.amadeus.jakub-2022@vokasi.unair.ac.id', 'Jalan Gubeng Kertajaya Ix G No. 24, Kertajaya, Gubeng (kosn Bu Fitri), KOTA SURABAYA, GUBENG, JAWA T', '2026-01-07'),
(934, 'Feby Reza Anggraini', '433221082', 0, 934, 6, 4, '087804617831', 'feby.reza.anggraini.383357-2022@vokasi.unair.ac.id', 'Graha Mutiara B7/10', '2026-01-07'),
(935, 'Azzrinaz Shafana', '433241142', 0, 935, 6, 4, '082132427534', 'azzrinazshafana@gmail.com', 'Rungkut Asri Tengah XVIII No 14 ', '2026-01-08'),
(936, 'Savira Ismining Putri', '422221031', 0, 936, 6, 9, '087827031938', 'savira.ismining.putri-2022@vokasi.unair.ac.id', 'Jl. Ngaglik Kuburan no. 25 C', '2026-01-08'),
(937, 'Aditya Wahyu Nurrochman', '422221029', 0, 937, 6, 9, '081216522159', 'adityawhyy01@gmail.com', 'Jember', '2026-01-08'),
(938, 'Nurmelia shifa almaun', '422221038', 0, 938, 6, 9, '08125530043', 'nurmelia.ifa.almaun-2022@vokasi.unair.ac.id', 'Simorejo sari B V/25', '2026-01-08'),
(939, 'Salsabila Taharah Kundari', '423231057', 0, 609, 6, 2, '081223886886', 'ssalsabilath@gmail.com', 'Dusun Genengan, RT 001/RW 016, Desa Banjaragung, Kecamatan Puri', '2026-01-08'),
(940, 'Raihana Dwiyunanda', '422221020', 0, 940, 6, 9, '081224044446', 'raihanadwiyunanda@gmail.com', 'Kp.pangkalan rt008/rw002 No.3 semanan kalideres jakarta barat 11850', '2026-01-08'),
(941, 'Alvi Wulandari ', '423231035', 0, 941, 6, 2, '085776403768', 'alviwulandari2004@gmail.com', 'Desa Suwayuwo Wetan Embong RT 02 RW 08 Kecamatan Sukorejo Kabupaten Pasuruan ', '2026-01-08'),
(942, 'RIAN ARIYANTO', '422221065', 0, 942, 6, 9, '088996257371', 'rian.ariyanto-2022@vokasi.unair.ac.id', 'Lingkungan Sidokumpul, RT.002/RW.012, Kelurahan Blimbing, Kecamatan Paciran, Kabupaten Lamongan', '2026-01-08'),
(943, 'Yagzan Adhiraja ', '152111813017', 0, 943, 6, 5, '087853708735', 'yagzanadhiraja11@gmail.com', 'Jl. Taman kendangsari no 8', '2026-01-08'),
(944, 'GINA PRAMUDITA DINDA WIJAYA', '422221048', 0, 944, 6, 9, '085648911848', 'gina.pramudita.dinda-2022@vokasi.unair.ac.id', 'Desa Jogodayuh Koripan RT.14/RW.03, Kec. Geger, Kab. Madiun', '2026-01-08'),
(945, 'Laetycia Naomi Mulia', '422221022', 0, 945, 6, 9, '089685647965', 'laetycia.123@gmail.com', 'Jl. Bongso Wetan No. 13, Pengalangan, Menganti, Gresik', '2026-01-09'),
(946, 'Rifda Nasywatul ‘Athiyyah', '422221004', 0, 946, 6, 9, '085231668644', 'rifda.nasywatul.athiyyah-2022@vokasi.unair.ac.id', 'Jl. Bina Mulya E/14 Kavling Rejomulyo, Kartoharjo, Kota Madiun', '2026-01-09'),
(947, 'Nova Rizmadhani Permata Putri', '422221053', 0, 947, 6, 9, '089503968866', 'novarizmadhani10@gmail.com', 'Jl Gubeng Kertajaya 5D no 37 Surabaya', '2026-01-09'),
(948, 'Clara Reint Nita Fitri Isyantoro ', '003231066', 0, 948, 6, 5, '085852458287', 'clraareint@gmail.com', 'Jl. Tales 1 No. 11 Surabaya ', '2026-01-09'),
(949, 'Calvin Briliant Arda Putra', '422221062', 0, 949, 6, 9, '085608714042', 'calvin.briliant.arda-2022@vokasi.unair.ac.id', 'Desa Puri, RT 4, RW 4, Kecamatan Pati, Kabupaten Pati', '2026-01-09'),
(950, 'Mohammad Maghfur Ibrahim', '003231024', 0, 950, 6, 5, '081336020112', 'justrufgham@gmail.com', 'Gresim', '2026-01-09'),
(951, 'Galuh Fajar Firda Maharani', '423221019', 0, 951, 6, 2, '081553070458', 'galuhfajartrulala@gmail.com', 'Jl.Pattimura V/C/48', '2026-01-11'),
(952, 'ELVINA PUTRI RAMADHANI', '422221061', 0, 952, 6, 9, '081335843494', 'relvina275@gmail.com', 'Jl. Kh. M. Masrur Yusuf, Mengelo Utara, RT 03/RW 09, Sooko, Kabupaten Mojokerto, Jawa Timur 61361', '2026-01-12'),
(953, 'adhi', '', 0, 953, 3, 5, '', '', '', '0000-00-00'),
(954, 'Rafif Fazila Diwanty', '422221037', 0, 954, 6, 9, '081252050621', 'rafif.fazila.diwanty-2022@vokasi.unair.ac.id', 'Medokan Semampir AWS ', '2026-01-12'),
(955, 'Raihanesya Cleo Okdity', '422221033', 0, 955, 6, 9, '082238721709', 'raihanesyacleo@gmail.com', 'Jl. Bogangin Baru Blok K no 16-17', '2026-01-12'),
(956, 'Santika Aurora Salsabill ', '422221057', 0, 956, 6, 9, '082245153143', 'santika.aurora.salsabil-2022@vokasi.unair.ac.id', 'Sidosermo II blok E no.7', '2026-01-12'),
(957, 'Adhimas', '', 0, 957, 1, 1, '', '', '', '0000-00-00'),
(958, 'Ingtana Okta', '422221055', 0, 958, 6, 9, '085159122573', 'ingtana.okta-2022@vokasi.unair.ac.id', 'BCF Jl Sekawan Indah F/19, Rangkah Kidul, Sidoarjo', '2026-01-13'),
(959, 'Rizki Andi Pratama ', '422221014', 0, 959, 6, 9, '085232477617', 'rizkiandii.17@gmail.com', 'Citra Harmoni G5-26', '2026-01-13'),
(960, 'RANU PANJI SATRIYO', '422221009', 0, 960, 6, 9, '0895379200427', 'ranupanji45@gmail.com', 'Kalijaten RT 21 RW 03', '2026-01-13'),
(961, 'SHELLY CHRISTANTI ', '422221007', 0, 961, 6, 9, '081334932671', 'shellychristanti@gmail.com', 'Jl. Brigjen Katamso No.161, Waru, Sidoarjo', '2026-01-13'),
(962, 'NIA DWI ANGGRAENI', '423221003', 0, 624, 6, 2, '081331812098', 'nia.dwi.anggraeni-2022@vokasi.unair.ac.id', 'Bligo Rt 08 Rw 03 Candi Sidoarjo', '2026-01-13'),
(963, 'Erika Julia Putri', '423221062', 0, 623, 6, 2, '081326024968', 'erika.julia.putri-2022@vokasi.unair.ac.id', 'Taman Waru Permai No. A118, Medaeng, Waru', '2026-01-13'),
(964, 'AZZARAH PRAMESTIA', '422221025', 0, 964, 6, 9, '081330329577', 'azzarah.pramestia-2022@vokasi.unair.ac.id', 'Bluru Permai FB 27', '2026-01-13'),
(965, 'avinia sakinah rahma', '422221060', 0, 965, 6, 9, '082228359138', 'avinnyegee@gmail.com', 'bagong ginayan II Nno 1', '2026-01-13'),
(966, 'Rayvansyah Romeo Satria Wijaya', '422221034', 0, 966, 6, 9, '081336398517', 'rayvansyaah.romeo24@gmail.com', 'jl raya kenongo no 81 mlirip jetis mojokerto', '2026-01-13'),
(967, 'Aulia Rizky Dwi Maharani', '422221012', 0, 967, 6, 9, '089612596954', 'auliarz2730@gmail.com', 'Jl. Dupak Bangunsari No.44c Surabaya', '2026-01-14'),
(968, 'Jeany Aufa Baiano Junior', '422221021', 0, 968, 6, 9, '0895330590300', 'jeanybaiano711@gmail.com', 'Perum Bumi Koperasi Blok B/65', '2026-01-14'),
(969, 'Mochamad Irfan Imansyah ', '003231028', 0, 969, 6, 5, '0895405481929', 'mochamad.fan.imansyah-2023@vokasi.unair.ac.id', 'GHWP+JFH, Jl. Syaikh Muhammad Al-Khidhir, Cangkring Kulon, Cangkringturi, Kec. Prambon, Kabupaten Si', '2026-01-14'),
(970, 'Ihda Noverisa Azizah', '013241081', 0, 970, 6, 3, '082228292760', 'ihdanoverisaazizah@gmail.com', 'Dsn. Ngompro RT. 002 RW. 001 Ds. Ngompro Kec. Pangkur Kab. Ngawi', '2026-01-14'),
(971, 'Muchammad Andre Maulana', '003231009', 0, 971, 6, 5, '089528479175', 'andremaulanaa024@gmail.com', 'Kloposepuluh Rt 12 Rw 03', '2026-01-14'),
(972, 'Febian Kenia Nazzarina', '013221017', 0, 972, 6, 3, '08818499235', 'febian.kenia.nazzarina-2022@vokasi.unair.ac.id', 'Jl. Jaksa Agung Suprapto no 06, kel. Mangkujayan, kec. Ponorogo, kab. Ponorogo', '2026-01-14'),
(973, 'Muchammad Andre Maulana', '003231009', 0, 971, 6, 5, '089528479175', 'andremaulanaa024@gmail.com', 'Kloposepuluh Rt 12 Rw 03', '2026-01-14'),
(974, 'Muchammad Andre Maulana', '003231009', 0, 971, 6, 5, '089528479175', 'muchammad.andre.maulana-2023@vokasi.unair.ac.id', 'Kloposepuluh Rt 12 Rw 03', '2026-01-14'),
(975, 'DIO PRATAMA ANUGERAH NIODE ', '422221019', 0, 975, 6, 9, '085157771927', 'dio.pratama.anugerah-2022@vokasi.unair.ac.id', 'JL. TENGGILIS MEJOYO SELATAN III NO.12', '2026-01-14'),
(976, 'Yussa Tahta Mahendra ', '422221058', 0, 976, 6, 9, '089503426489', 'yussa.tahta.mahen-2022@vokasi.unair.ac.id', 'Perum Grisimai Blok CJ no 09 Mangunsuman, Siman, Ponorogo ', '2026-01-14'),
(977, 'Vito Andrean Apriliano', '422221068', 0, 977, 6, 9, '081387509546', 'vitoandrean79@gmail.com', 'Jl. Jimbaran G1/8 Purimas, Gunung Anyar, Surabaya', '2026-01-14'),
(978, 'Gaveriel Cristofer', '422221023', 0, 978, 6, 9, '089687842766', 'alvierojosantos@gmail.com', 'Rungkut Asri utara VII no. 15', '2026-01-14'),
(979, 'paramadina', '', 0, 979, 4, 1, '', '', '', '0000-00-00'),
(980, 'RAMDHANI MAULANA DIVANO SUSANTO', '423221008', 0, 628, 6, 2, '0895377249709', 'ramdhanimds@gmail.com', 'Jl. Siwalankerto Utara No.46', '2026-01-15'),
(981, 'Arya Risqi Niko Pratama', '433241008', 0, 982, 6, 4, '085885181580', 'arya.risqi.niko-2024@vokasi.unair.ac.id', 'Dukuh Kayen RT/RW 007/006, Desa Krebet, Kecamatan Jambon, Kabupaten Ponorogo', '2026-01-15'),
(982, 'Ficky Yulianto Tri Saputra', '433241024', 0, 983, 6, 4, '085161252920', 'fickyyulianto31@gmail.com', 'Jl. Pertukangan Barat RT.03 RW.06, Purwosari, Pasuruan', '2026-01-19'),
(983, 'Delatistya Dwi Ariyanti', '433241022', 0, 984, 6, 4, '082245025119', 'delatistya19@gmail.com', 'Jl. Jelidro RT 001/RW 001, No.29', '2026-01-19'),
(984, 'Al Kavaritzmi Rakhma Yuriansyah', '003231043', 0, 985, 6, 5, '085745891046', 'alkavary123@gmail.com', 'Jl. Gajah Mada Sekolah No.43', '2026-01-19'),
(985, 'Tarita Eka Chandra Dewi', '007231099', 0, 986, 6, 7, '085852515730', 'taritaaeka@gmail.com', 'Jl Gubeng Kertajaya IX A No. 7, RT 003/RW 05, Kelurahan Airlangga, Kecamatan Gubeng, Kota Surabaya, ', '2026-01-19'),
(986, 'Rr.Bradiva Dewi Syaidatinah', '152110783007', 0, 987, 6, 2, '085336207784', 'bradivadewi@gmail.com', 'Jl.Pesantren Tarate Pandian Sumenep', '2026-01-19'),
(987, 'Nabila Wisnu Shafira', '003231042', 0, 988, 6, 5, '085855959278', 'nbilawsnu24@gmail.com', 'Wiyung II no. 17 ', '2026-01-19'),
(988, 'Rifqi Naufal rian tama putra', '007231053', 0, 989, 6, 7, '08979644817', 'Rifqinoufal185@gmail.com', 'Rungkut asri Timur 13 no 20', '2026-01-19'),
(989, 'Achmad Dwi Putra Andhika', '007231081', 0, 990, 6, 7, '082138180053', 'andika19450@gmail.com', 'Wates RT5 RW2, Kedensari, Tanggulangin, Sidoarjo, Jawa Timur, 61272', '2026-01-19'),
(990, 'Krisogonus Reno', '013231071', 0, 991, 6, 3, '085708485759', 'krisoreno@gmail.com', 'Jalan 28 Oktober Gg. Marga Utama No.11, Siantan Hulu, Kec. Pontianak Utara, Kota Pontianak, Kalimant', '2026-01-19'),
(991, 'Fariza Hisanah Balqis ', '007231041', 0, 992, 6, 7, '085732532371', 'farizahisanahbalqis@gmail.com', 'Perumahan Bukit Randuagung Indah Jl. Thoriq bin Zaid Blok AL 3 No. 3 RT 005 RW 009 Kel. Randuagung, ', '2026-01-19'),
(992, 'Putri Aulia Isnaini ', '423221050', 0, 993, 6, 2, '081216246190', 'wutzhakanalia@gmail.com', 'Jl. jatisari no.47 rt05 rw04 kecamatan waru, sidoarjo, masuk gang sebelah rumah no.47, sampai bertem', '2026-01-20'),
(993, 'Shelia Anggita Fransiska', '423221021', 0, 885, 6, 2, '085776228913', 'shelia.anggita.fransiska-2022@vokasi.unair.ac.id', 'Jl. Gubeng Airlangga 3 No.8', '2026-01-20'),
(994, 'Rida mukhasyafah', '007231064', 0, 995, 6, 7, '089677263728', 'mukhasyafahr@gmail.com', 'Kepadangan-Tulangan-Sidoarjo', '2026-01-20'),
(995, 'Aurellia Cathlin Titania', '422221042', 0, 996, 6, 9, '081327772488', 'aurellia.cathlin17@gmail.com', 'Simo Sidomulyo 6/22', '2026-01-20'),
(996, 'Shaikha Dhiya Ulhaq', '3578186605040001', 0, 997, 6, 9, '081231431738', 'shaikhadhiya26@gmail.com', 'Lidah Wetan Gg. VIINo. 24A', '2026-01-20'),
(997, 'Al Mufiidah Iltizam Sabilillah', '3578086601040006', 0, 998, 6, 9, '085607800755', 'mufidailtizam@gmail.com', 'Karang Menjangan 1/26-A', '2026-01-20'),
(998, 'Azahra Sita Wardani', '422221013', 0, 999, 6, 9, '0895365893504', 'azahrasitawardani@gmail.com', 'Perum Alam Bukit Raya Blok E8 No. 24', '2026-01-20'),
(999, 'Elvina Putri Ramadhani', '422221061', 0, 1000, 6, 9, '081335843494', 'elvina.putri.ramadhani-2022@vokasi.unair.ac.id', ' Jl. Kh. M. Masrur Yusuf, Mengelo Utara, RT 03/RW 09, Sooko, Kabupaten Mojokerto, Jawa Timur.', '2026-01-20');
INSERT INTO `user` (`ID_PEGAWAI`, `NAMA_PEGAWAI`, `NIP_PEGAWAI`, `GOLONGAN`, `ID_LOGIN`, `ID_RULE`, `ID_PRODI`, `NO_TLP`, `E_MAIL`, `ALAMAT`, `TMT`) VALUES
(1000, 'linus amr ridho', '007231038', 0, 1001, 6, 7, '088803417144', 'linusridho59@gmail.com', 'jl.rungkut tengah gang v no 3', '2026-01-20'),
(1001, 'muhammad maajid hibatullah', '007231066', 0, 1002, 6, 7, '082143399476', 'muhammadmaajid27@gmail.com', 'putra bangsa 3 blok d no 31b medokan ayu rungkut Surabaya', '2026-01-20'),
(1002, 'Nazlah Naufilah Abdiah', '002231093', 0, 1003, 6, 10, '081359684938', 'naufilahnazlah2003@gmail.com', 'Jl. Kartini No.549, Kepanjen, Kota Sumenep', '2026-01-21'),
(1003, 'Dian Maharani Kusuma', '007231098', 0, 1004, 6, 7, '081297117235', 'dianmaharani1502@gmail.com', 'Wonokusumo Gg VII, RT 002/RW 001, Kec. Mojosari, Kab. Mojokerto', '2026-01-21'),
(1004, 'Nanda Titta Zaharani', '007231097', 0, 1005, 6, 7, '081554529432', 'nandatita78@gmail.com', 'Rt. 008 Rw. 004 Dsn. Jagalan Ds. Kanigoro Kec. Kras Kab. Kediri Jawa Timur 64172', '2026-01-21'),
(1005, 'Dhona Eristya Nabila ', '423221007', 0, 438, 6, 2, '081323880678', 'dhona.eristya.nabila-2022@vokasi.unair.ac.id', 'sumur welut rt 07 rw 01 kec Lakarsantri Surabaya ', '2026-01-21'),
(1006, 'Lanika Avriel Andertha ', '007231014', 0, 1007, 6, 7, '085755662320', 'lanika.avriel.andertha-2023@vokasi.unair.ac.id', 'Jl. Sukolegok III, Gg. Kemuning I No.7 RT 16/RW 06, Kel. Suko, Kec. Sukodono, Kab. Sidoarjo - 61258', '2026-01-21'),
(1007, 'wildan naufadi putra haki', '007231086', 0, 1008, 6, 7, '082132086294', 'wildannaufaldi615@gmail.com', 'Taman Indah Regency BC-16 Geluran, Taman, Sidoarjo', '2026-01-21'),
(1008, 'Naufal Zain Nandawiansyah ', '007231095', 0, 1009, 6, 7, '0881026638513', 'znaufal138@gmail.com', 'Jl.Dr Nugroho Blok IV Medaeng Waru Sidoarjo', '2026-01-21'),
(1009, 'Achmad Ulin Nuha', '433231100', 0, 1010, 6, 4, '083115517357', 'achmad.ulin.nuha-2023@vokasi.unair.ac.id', 'Karangwungu RT 002/RW 001, Desa Wonokarang, Kec. Balongbendo, Kab. Sidoarjo', '2026-01-22'),
(1010, 'Steffy Anggrita Arthamevia ', '007231019', 0, 1011, 6, 7, '085730494880', 'steffyarthamevia3430@gmail.com', 'jalan empunala no 453', '2026-01-22'),
(1011, 'shella eliya pranata sari ', '007231011', 0, 1012, 6, 7, '0857 3517 5967', 'shellaeliya86@gmail.com ', 'dsn. kecapangan ds. ngoro kab. mojokerto ', '2026-01-22'),
(1012, 'Zafira Syahlam Razaniaputri', '003231036', 0, 1013, 6, 5, '0895340301678', 'zafirasyahlam11@gmail.com', 'Gunung Anyar Asri ', '2026-01-22'),
(1013, 'Irfan Rizqullah ', '007231036', 0, 1014, 6, 7, '085161194297', 'irfanrizqullah04@gmail.com', 'jl rungkut kidul 1 no 14 surabaya', '2026-01-22'),
(1014, 'Ervina Tri Yuniar', '422221018', 0, 1015, 6, 9, '081234217661', 'ervina1534@gmail.com', 'Ds Kemiri Dsn Kemiri rt/rw 003/001 kec. Pacet Kab. Mojokerto', '2026-01-22'),
(1015, 'Gabriel Mikadelfia Kristiyanto', '423221032', 0, 643, 6, 2, '081333383581', 'gabrielmikadelfia@gmail.com', 'Jl. Medokan Sawah Timur 2 gg 106 A', '2026-01-22'),
(1016, 'Neina Risdiana', '013241063', 0, 1017, 6, 3, '081259689973', 'neinarisdiana24@gmail.com', 'Wonosari Wetan Baru 10/4', '2026-01-22'),
(1017, 'Ardian Razaqa Putra', '422221028', 0, 1018, 6, 9, '081230760981', 'fdama644@gmail.com', 'Pondok Buana Blok F23', '2026-01-22'),
(1018, 'Elsa Dewi Cantika', '423231039', 0, 1019, 6, 2, '0895339725181', 'elsa.dewi.cantika-2023@vokasi.unair.ac.id', 'Jalan Gubeng Kertajaya IX Raya No 61 Airlangga Gubeng Surabaya ', '2026-01-22'),
(1019, 'Sefira Anggraeni Rohmah', '423231028', 0, 1020, 6, 2, '081930632312', 'sefira.anggraeni.rohmah-2023@vokasi.unair.ac.id', 'Gubeng airlangga IV', '2026-01-22'),
(1020, 'Fernaldy Owen Soekamto', '007231013', 0, 1021, 6, 7, '082276767630', 'owensoekamto@gmail.com', 'Jl.Kedungdoro VI No.50A, Kecamatan Sawahan, SURABAYA', '2026-01-23'),
(1021, 'AZZARAH PRAMESTIA', '422221025', 0, 1022, 6, 9, '081330329577', 'azzarahpramestia@gmail.com', 'Bluru Permai FB 27', '2026-01-23'),
(1022, 'Triyafita Normawati ', '007231023', 0, 1023, 6, 7, '085853262794', 'triyafita.normawati-2023@vokasi.unair.ac.id', 'Jl. Bandeng, Desa. Lukrejo, Kec. Kalitengah, Kab. Lamongan ', '2026-01-23'),
(1023, 'MOCH RAFI MIFTAQUL FIRDAUS', '007231043', 0, 1024, 6, 7, '089530458559', 'rapiaja140@gmail.com', 'Jl. Mulyorejo utara 117', '2026-01-23'),
(1024, 'akmal bai haki', '007231080', 0, 1025, 6, 7, '087744118521', 'akmalbhaki1@gmail.com', 'jalan putrabangsa III blok C no 58', '2026-01-23'),
(1025, 'Fitra Ramadhani', '007231083', 0, 1026, 6, 7, '082143881980', 'Fitrahramadhani39@gmail.com', 'Jl Tenggilis Kauman III no 14', '2026-01-23'),
(1026, 'Maulana Wijang Robbani', '007231046', 0, 1027, 6, 7, '089691844794', 'maulanawijang@gmail.com', 'JL. Arif Rahman Hakim No.05', '2026-01-24'),
(1027, 'AFIKA DWI MAIMUNA', '007231091', 0, 1028, 6, 7, '081932711573', 'afika.dwi.maimuna-2023@vokasi.unair.ac.id', 'PERUM THE ORCHID C4/07 TULANGAN, SIDOARJO', '2026-01-26'),
(1028, 'Nurul Amalia Rizky', '007231094', 0, 1029, 6, 7, '082257683454', 'amalia123.kc@gmail.com', 'Glagah Pasar, RT 001/RW 003, Desa Glagah, Kecamatan Glagah, Kabupaten Lamongan', '2026-01-26'),
(1029, 'Wenseslaus Wesheyuom Baru Momo', '013221094', 0, 467, 6, 3, '0812‑3225‑5187‬', 'wenseslaus.wesheyuom.baru-2022@vokasi.unair.ac.id', 'Jl Sutorejo Tengah no. 12, Surabaya', '2026-01-26'),
(1030, 'Luzia Ramadhani', '007231090', 0, 1031, 6, 7, '081231486635', 'luziaramadhani0@gmail.com', 'Desa Katerungan RT 12 / RW 02, Kec. Krian, Kab. Sidoarjo', '2026-01-26'),
(1031, 'Bening gadis arivia', '007231062', 0, 1032, 6, 7, '08990104820', 'beninggadisariviaa@gmail.com', 'Prum mutiara kebonagung, blok d-05, rt 24, rw 07.', '2026-01-26');

--
-- Indexes for dumped tables
--

--
-- Indeks untuk tabel `ambil_data`
--
ALTER TABLE `ambil_data`
  ADD PRIMARY KEY (`ID_AMBIL_DATA`) USING BTREE;

--
-- Indeks untuk tabel `bekas_akademik`
--
ALTER TABLE `bekas_akademik`
  ADD PRIMARY KEY (`ID_BERKAS_AKD`) USING BTREE;

--
-- Indeks untuk tabel `berkas_borang`
--
ALTER TABLE `berkas_borang`
  ADD PRIMARY KEY (`ID_BERKAS_BORANG`) USING BTREE;

--
-- Indeks untuk tabel `berkas_mahasiswa`
--
ALTER TABLE `berkas_mahasiswa`
  ADD PRIMARY KEY (`ID_BERKAS`);

--
-- Indeks untuk tabel `berkas_pegawai`
--
ALTER TABLE `berkas_pegawai`
  ADD PRIMARY KEY (`ID_BERKAS`) USING BTREE;

--
-- Indeks untuk tabel `borang_akreditasi`
--
ALTER TABLE `borang_akreditasi`
  ADD PRIMARY KEY (`ID_BORANG`) USING BTREE;

--
-- Indeks untuk tabel `bukti_borang`
--
ALTER TABLE `bukti_borang`
  ADD PRIMARY KEY (`ID_BUKTI_BORANG`) USING BTREE;

--
-- Indeks untuk tabel `bukti_perusahaan`
--
ALTER TABLE `bukti_perusahaan`
  ADD PRIMARY KEY (`ID_BUKTI_TERIMA`);

--
-- Indeks untuk tabel `bukti_yudisium`
--
ALTER TABLE `bukti_yudisium`
  ADD PRIMARY KEY (`ID_BUKTI_YUDISIUM`);

--
-- Indeks untuk tabel `daftar_yudisium`
--
ALTER TABLE `daftar_yudisium`
  ADD PRIMARY KEY (`ID_DAFTAR_YUDISIUM`);

--
-- Indeks untuk tabel `data_mahasiswa_pkl`
--
ALTER TABLE `data_mahasiswa_pkl`
  ADD PRIMARY KEY (`ID_MHS_PKL`) USING BTREE;

--
-- Indeks untuk tabel `data_pkl`
--
ALTER TABLE `data_pkl`
  ADD PRIMARY KEY (`ID_DATA_PKL`) USING BTREE;

--
-- Indeks untuk tabel `data_prodi`
--
ALTER TABLE `data_prodi`
  ADD PRIMARY KEY (`ID_PRODI`) USING BTREE;

--
-- Indeks untuk tabel `departemen`
--
ALTER TABLE `departemen`
  ADD PRIMARY KEY (`ID_DEPARTEMEN`) USING BTREE;

--
-- Indeks untuk tabel `has_log_pass`
--
ALTER TABLE `has_log_pass`
  ADD PRIMARY KEY (`ID_HASH`) USING BTREE;

--
-- Indeks untuk tabel `informasi`
--
ALTER TABLE `informasi`
  ADD PRIMARY KEY (`ID_INFORMASI`) USING BTREE;

--
-- Indeks untuk tabel `jenis_sk`
--
ALTER TABLE `jenis_sk`
  ADD PRIMARY KEY (`ID_JENIS_SK`) USING BTREE;

--
-- Indeks untuk tabel `jenis_surat`
--
ALTER TABLE `jenis_surat`
  ADD PRIMARY KEY (`ID_JENIS_SURAT`) USING BTREE;

--
-- Indeks untuk tabel `kaprodi`
--
ALTER TABLE `kaprodi`
  ADD PRIMARY KEY (`ID_KAPRODI`);

--
-- Indeks untuk tabel `login`
--
ALTER TABLE `login`
  ADD PRIMARY KEY (`ID_LOGIN`) USING BTREE;

--
-- Indeks untuk tabel `log_pas_rule`
--
ALTER TABLE `log_pas_rule`
  ADD PRIMARY KEY (`ID_RULE`) USING BTREE;

--
-- Indeks untuk tabel `mahasiswa`
--
ALTER TABLE `mahasiswa`
  ADD PRIMARY KEY (`ID_KEGIATAN_MHS`) USING BTREE;

--
-- Indeks untuk tabel `mailing`
--
ALTER TABLE `mailing`
  ADD PRIMARY KEY (`ID_MAILING`) USING BTREE;

--
-- Indeks untuk tabel `member_yudisium`
--
ALTER TABLE `member_yudisium`
  ADD PRIMARY KEY (`ID_MEMBER`);

--
-- Indeks untuk tabel `nama_dosen`
--
ALTER TABLE `nama_dosen`
  ADD PRIMARY KEY (`ID_NAMA_DOSEN`) USING BTREE;

--
-- Indeks untuk tabel `penelitian`
--
ALTER TABLE `penelitian`
  ADD PRIMARY KEY (`ID_PENELITIAN`) USING BTREE;

--
-- Indeks untuk tabel `pengmas`
--
ALTER TABLE `pengmas`
  ADD PRIMARY KEY (`ID_PENGMAS`) USING BTREE;

--
-- Indeks untuk tabel `periode_yudisium`
--
ALTER TABLE `periode_yudisium`
  ADD PRIMARY KEY (`ID_PERIODE`);

--
-- Indeks untuk tabel `persuratan`
--
ALTER TABLE `persuratan`
  ADD PRIMARY KEY (`ID_SURAT`) USING BTREE;

--
-- Indeks untuk tabel `record_mail`
--
ALTER TABLE `record_mail`
  ADD PRIMARY KEY (`ID_RECORD`) USING BTREE;

--
-- Indeks untuk tabel `semester`
--
ALTER TABLE `semester`
  ADD PRIMARY KEY (`ID_SEMESTER`) USING BTREE;

--
-- Indeks untuk tabel `serdos`
--
ALTER TABLE `serdos`
  ADD PRIMARY KEY (`ID_SERDOS`) USING BTREE;

--
-- Indeks untuk tabel `skripsi_mhs`
--
ALTER TABLE `skripsi_mhs`
  ADD PRIMARY KEY (`ID_SKRIPSI`) USING BTREE;

--
-- Indeks untuk tabel `tahun_akadaemik`
--
ALTER TABLE `tahun_akadaemik`
  ADD PRIMARY KEY (`ID_TAHUN_AKD`) USING BTREE;

--
-- Indeks untuk tabel `time_activity`
--
ALTER TABLE `time_activity`
  ADD PRIMARY KEY (`ID_TIME_ACTIVITY`) USING BTREE;

--
-- Indeks untuk tabel `tujuan`
--
ALTER TABLE `tujuan`
  ADD PRIMARY KEY (`ID_TUJUAN`) USING BTREE;

--
-- Indeks untuk tabel `user`
--
ALTER TABLE `user`
  ADD PRIMARY KEY (`ID_PEGAWAI`) USING BTREE;

--
-- AUTO_INCREMENT untuk tabel yang dibuang
--

--
-- AUTO_INCREMENT untuk tabel `ambil_data`
--
ALTER TABLE `ambil_data`
  MODIFY `ID_AMBIL_DATA` int(11) NOT NULL AUTO_INCREMENT, AUTO_INCREMENT=174;

--
-- AUTO_INCREMENT untuk tabel `bekas_akademik`
--
ALTER TABLE `bekas_akademik`
  MODIFY `ID_BERKAS_AKD` int(11) NOT NULL AUTO_INCREMENT, AUTO_INCREMENT=86;

--
-- AUTO_INCREMENT untuk tabel `berkas_borang`
--
ALTER TABLE `berkas_borang`
  MODIFY `ID_BERKAS_BORANG` int(11) NOT NULL AUTO_INCREMENT, AUTO_INCREMENT=6;

--
-- AUTO_INCREMENT untuk tabel `berkas_mahasiswa`
--
ALTER TABLE `berkas_mahasiswa`
  MODIFY `ID_BERKAS` int(11) NOT NULL AUTO_INCREMENT, AUTO_INCREMENT=19;

--
-- AUTO_INCREMENT untuk tabel `berkas_pegawai`
--
ALTER TABLE `berkas_pegawai`
  MODIFY `ID_BERKAS` int(11) NOT NULL AUTO_INCREMENT, AUTO_INCREMENT=31;

--
-- AUTO_INCREMENT untuk tabel `borang_akreditasi`
--
ALTER TABLE `borang_akreditasi`
  MODIFY `ID_BORANG` int(11) NOT NULL AUTO_INCREMENT, AUTO_INCREMENT=8;

--
-- AUTO_INCREMENT untuk tabel `bukti_borang`
--
ALTER TABLE `bukti_borang`
  MODIFY `ID_BUKTI_BORANG` int(11) NOT NULL AUTO_INCREMENT, AUTO_INCREMENT=7;

--
-- AUTO_INCREMENT untuk tabel `bukti_perusahaan`
--
ALTER TABLE `bukti_perusahaan`
  MODIFY `ID_BUKTI_TERIMA` int(11) NOT NULL AUTO_INCREMENT, AUTO_INCREMENT=225;

--
-- AUTO_INCREMENT untuk tabel `bukti_yudisium`
--
ALTER TABLE `bukti_yudisium`
  MODIFY `ID_BUKTI_YUDISIUM` int(11) NOT NULL AUTO_INCREMENT, AUTO_INCREMENT=36;

--
-- AUTO_INCREMENT untuk tabel `daftar_yudisium`
--
ALTER TABLE `daftar_yudisium`
  MODIFY `ID_DAFTAR_YUDISIUM` int(11) NOT NULL AUTO_INCREMENT, AUTO_INCREMENT=42;

--
-- AUTO_INCREMENT untuk tabel `data_mahasiswa_pkl`
--
ALTER TABLE `data_mahasiswa_pkl`
  MODIFY `ID_MHS_PKL` int(11) NOT NULL AUTO_INCREMENT, AUTO_INCREMENT=2105;

--
-- AUTO_INCREMENT untuk tabel `data_pkl`
--
ALTER TABLE `data_pkl`
  MODIFY `ID_DATA_PKL` int(11) NOT NULL AUTO_INCREMENT, AUTO_INCREMENT=1389;

--
-- AUTO_INCREMENT untuk tabel `data_prodi`
--
ALTER TABLE `data_prodi`
  MODIFY `ID_PRODI` int(11) NOT NULL AUTO_INCREMENT, AUTO_INCREMENT=26;

--
-- AUTO_INCREMENT untuk tabel `departemen`
--
ALTER TABLE `departemen`
  MODIFY `ID_DEPARTEMEN` int(11) NOT NULL AUTO_INCREMENT, AUTO_INCREMENT=5;

--
-- AUTO_INCREMENT untuk tabel `has_log_pass`
--
ALTER TABLE `has_log_pass`
  MODIFY `ID_HASH` int(11) NOT NULL AUTO_INCREMENT, AUTO_INCREMENT=2;

--
-- AUTO_INCREMENT untuk tabel `informasi`
--
ALTER TABLE `informasi`
  MODIFY `ID_INFORMASI` int(11) NOT NULL AUTO_INCREMENT, AUTO_INCREMENT=4;

--
-- AUTO_INCREMENT untuk tabel `jenis_sk`
--
ALTER TABLE `jenis_sk`
  MODIFY `ID_JENIS_SK` int(11) NOT NULL AUTO_INCREMENT, AUTO_INCREMENT=15;

--
-- AUTO_INCREMENT untuk tabel `jenis_surat`
--
ALTER TABLE `jenis_surat`
  MODIFY `ID_JENIS_SURAT` int(11) NOT NULL AUTO_INCREMENT, AUTO_INCREMENT=7;

--
-- AUTO_INCREMENT untuk tabel `kaprodi`
--
ALTER TABLE `kaprodi`
  MODIFY `ID_KAPRODI` int(11) NOT NULL AUTO_INCREMENT, AUTO_INCREMENT=9;

--
-- AUTO_INCREMENT untuk tabel `login`
--
ALTER TABLE `login`
  MODIFY `ID_LOGIN` int(11) NOT NULL AUTO_INCREMENT, AUTO_INCREMENT=1033;

--
-- AUTO_INCREMENT untuk tabel `log_pas_rule`
--
ALTER TABLE `log_pas_rule`
  MODIFY `ID_RULE` int(11) NOT NULL AUTO_INCREMENT, AUTO_INCREMENT=9;

--
-- AUTO_INCREMENT untuk tabel `mahasiswa`
--
ALTER TABLE `mahasiswa`
  MODIFY `ID_KEGIATAN_MHS` int(11) NOT NULL AUTO_INCREMENT, AUTO_INCREMENT=5;

--
-- AUTO_INCREMENT untuk tabel `mailing`
--
ALTER TABLE `mailing`
  MODIFY `ID_MAILING` int(11) NOT NULL AUTO_INCREMENT, AUTO_INCREMENT=346;

--
-- AUTO_INCREMENT untuk tabel `member_yudisium`
--
ALTER TABLE `member_yudisium`
  MODIFY `ID_MEMBER` int(11) NOT NULL AUTO_INCREMENT, AUTO_INCREMENT=12;

--
-- AUTO_INCREMENT untuk tabel `nama_dosen`
--
ALTER TABLE `nama_dosen`
  MODIFY `ID_NAMA_DOSEN` int(11) NOT NULL AUTO_INCREMENT, AUTO_INCREMENT=145;

--
-- AUTO_INCREMENT untuk tabel `penelitian`
--
ALTER TABLE `penelitian`
  MODIFY `ID_PENELITIAN` int(11) NOT NULL AUTO_INCREMENT, AUTO_INCREMENT=2;

--
-- AUTO_INCREMENT untuk tabel `pengmas`
--
ALTER TABLE `pengmas`
  MODIFY `ID_PENGMAS` int(11) NOT NULL AUTO_INCREMENT, AUTO_INCREMENT=6;

--
-- AUTO_INCREMENT untuk tabel `periode_yudisium`
--
ALTER TABLE `periode_yudisium`
  MODIFY `ID_PERIODE` int(11) NOT NULL AUTO_INCREMENT, AUTO_INCREMENT=17;

--
-- AUTO_INCREMENT untuk tabel `persuratan`
--
ALTER TABLE `persuratan`
  MODIFY `ID_SURAT` int(11) NOT NULL AUTO_INCREMENT, AUTO_INCREMENT=52;

--
-- AUTO_INCREMENT untuk tabel `record_mail`
--
ALTER TABLE `record_mail`
  MODIFY `ID_RECORD` int(11) NOT NULL AUTO_INCREMENT;

--
-- AUTO_INCREMENT untuk tabel `semester`
--
ALTER TABLE `semester`
  MODIFY `ID_SEMESTER` int(11) NOT NULL AUTO_INCREMENT, AUTO_INCREMENT=3;

--
-- AUTO_INCREMENT untuk tabel `serdos`
--
ALTER TABLE `serdos`
  MODIFY `ID_SERDOS` int(11) NOT NULL AUTO_INCREMENT, AUTO_INCREMENT=2;

--
-- AUTO_INCREMENT untuk tabel `skripsi_mhs`
--
ALTER TABLE `skripsi_mhs`
  MODIFY `ID_SKRIPSI` int(11) NOT NULL AUTO_INCREMENT, AUTO_INCREMENT=7;

--
-- AUTO_INCREMENT untuk tabel `tahun_akadaemik`
--
ALTER TABLE `tahun_akadaemik`
  MODIFY `ID_TAHUN_AKD` int(11) NOT NULL AUTO_INCREMENT, AUTO_INCREMENT=10;

--
-- AUTO_INCREMENT untuk tabel `time_activity`
--
ALTER TABLE `time_activity`
  MODIFY `ID_TIME_ACTIVITY` int(11) NOT NULL AUTO_INCREMENT, AUTO_INCREMENT=6601;

--
-- AUTO_INCREMENT untuk tabel `tujuan`
--
ALTER TABLE `tujuan`
  MODIFY `ID_TUJUAN` int(11) NOT NULL AUTO_INCREMENT, AUTO_INCREMENT=7;

--
-- AUTO_INCREMENT untuk tabel `user`
--
ALTER TABLE `user`
  MODIFY `ID_PEGAWAI` int(11) NOT NULL AUTO_INCREMENT, AUTO_INCREMENT=1032;
COMMIT;

/*!40101 SET CHARACTER_SET_CLIENT=@OLD_CHARACTER_SET_CLIENT */;
/*!40101 SET CHARACTER_SET_RESULTS=@OLD_CHARACTER_SET_RESULTS */;
/*!40101 SET COLLATION_CONNECTION=@OLD_COLLATION_CONNECTION */;
